0,21,5579769832572,140.166
1,22,5579774343572,162.964
2,23,5579781399673,164.231
3,24,5579791168573,163.324
4,0,5579796611573,171.796
5,1,5579801769773,166.772
6,2,5579815542073,165.731
7,3,5579820787073,165.388
8,4,5579837992374,163.299
9,5,5579851691474,153.785
10,6,5579862096774,157.338
11,7,5579879529574,144.988
12,8,5579903806675,131.884
13,9,5579917272175,125.020
14,10,5579935300375,120.817
15,11,5579940611576,119.533
16,12,5579959781976,103.607
17,13,5579968627076,105.018
18,14,5579974008676,103.841
19,15,5579976885876,106.405
20,16,5579994749477,97.719
21,17,5579998015977,98.895
22,18,5580002747677,99.516
23,19,5580003598277,114.247
24,20,5580004588677,113.279
25,21,5580005692677,115.858
26,22,5580012941277,112.246
27,23,5580021920677,110.879
28,24,5580033468977,104.023
29,0,5580037721577,109.588
30,1,5580052023878,100.061
31,2,5580056715878,100.818
32,3,5580067746178,92.973
33,4,5580092153478,73.675
34,5,5580101712478,68.584
35,6,5580117485979,62.637
36,7,5580119433479,69.201
37,8,5580120497379,89.183
38,9,5580134738579,86.545
39,10,5580143441479,85.706
40,11,5580147710179,86.707
41,12,5580158297680,82.685
42,13,5580166320380,80.000
43,14,5580188824180,62.089
44,15,5580202893680,54.113
45,16,5580212230081,49.113
46,17,5580214849281,50.403
47,18,5580224665881,47.926
48,19,5580230486881,48.938
49,20,5580235148681,49.058
50,21,5580248475081,47.785
51,22,5580257865981,41.049
52,23,5580266652982,37.147
53,24,5580279708582,32.625
54,0,5580290145682,26.370
55,1,5580299023782,22.985
56,2,5580314364082,14.065
57,3,5580316134582,17.867
58,4,5580326836983,12.362
59,5,5580342713783,8.611
60,6,5580346437983,8.687
61,7,5580358212583,17.739
62,8,5580369944783,13.700
63,9,5580378478984,15.609
64,10,5580390886584,15.366
65,11,5580405354684,11.950
66,12,5580408671484,11.911
67,13,5580419847584,13.510
68,14,5580428143284,11.265
69,15,5580438990485,12.661
70,16,5580449174885,20.651
71,17,5580462780985,17.145
72,18,5580472341085,18.612
73,19,5580479552285,17.213
74,20,5580491841086,21.901
75,21,5580504606586,13.801
76,22,5580509953686,21.611
77,23,5580524507786,22.271
78,24,5580531154286,20.966
79,0,5580536918286,20.894
80,1,5580546477887,22.070
81,2,5580558009087,15.219
82,3,5580566639087,11.820
83,4,5580576682387,14.115
84,5,5580588527287,5.389
85,6,5580599280288,10.533
86,7,5580606382388,11.280
87,8,5580616748688,8.918
88,9,5580627959288,5.781
89,10,5580635866488,7.499
90,11,5580645491588,3.781
91,12,5580655073889,4.107
92,13,5580667574589,4.371
93,14,5580677181489,7.440
94,15,5580686396789,6.309
95,16,5580695342089,3.506
96,17,5580705853790,4.302
97,18,5580715718290,8.002
98,19,5580725550290,4.401
99,20,5580737291190,6.121
100,21,5580745900390,6.243
101,22,5580756384690,7.389
102,23,5580770526291,8.337
103,24,5580778862491,9.555
104,0,5580786911091,4.928
105,1,5580798373991,6.012
106,2,5580806568291,6.361
107,3,5580817567892,3.050
108,4,5580827813892,5.909
109,5,5580835954692,7.348
110,6,5580846100392,6.191
111,7,5580857044892,4.589
112,8,5580866158693,5.841
113,9,5580880963793,6.372
114,10,5580886194693,12.118
115,11,5580896109493,5.187
116,12,5580907629193,11.892
117,13,5580918636893,11.394
118,14,5580929425994,11.833
119,15,5580936509094,10.108
120,16,5580946470794,17.797
121,17,5580962392394,19.519
122,18,5580973124694,10.675
123,19,5580981298195,17.738
124,20,5580990811795,17.483
125,21,5581001574495,13.621
126,22,5581010333095,8.572
127,23,5581015992295,17.719
128,24,5581034873596,7.713
129,0,5581039831896,10.764
130,1,5581048236596,14.441
131,2,5581062557196,18.867
132,3,5581080177396,12.496
133,4,5581083465196,15.253
134,5,5581099286197,15.260
135,6,5581102131997,22.870
136,7,5581105532697,27.563
137,8,5581121104697,16.218
138,9,5581129731597,18.782
139,10,5581139860198,14.914
140,11,5581156363298,16.041
141,12,5581160336298,25.009
142,13,5581166135798,29.497
143,14,5581180199798,21.168
144,15,5581192987299,20.069
145,16,5581198622999,28.713
146,17,5581212491599,18.842
147,18,5581221099499,23.047
148,19,5581228371899,21.114
149,20,5581235407999,18.924
150,21,5581249111400,14.479
151,22,5581256829800,12.160
152,23,5581268622100,14.467
153,24,5581286978800,13.811
154,0,5581290058400,19.143
155,1,5581296392200,21.327
156,2,5581308984601,12.532
157,3,5581317297501,18.250
158,4,5581329513501,14.477
159,5,5581337023001,23.198
160,6,5581348243401,19.676
161,7,5581362614002,20.992
162,8,5581368694302,28.507
163,9,5581378633102,23.522
164,10,5581386626902,30.438
165,11,5581420378803,21.162
166,12,5581421203403,21.930
167,13,5581421764603,28.278
168,14,5581432709503,29.045
169,15,5581438962603,28.695
170,16,5581450901803,26.128
171,17,5581456556603,24.658
172,18,5581472447204,14.312
173,19,5581475573404,17.442
174,20,5581487781304,17.366
175,21,5581498142804,18.849
176,22,5581508904204,15.497
177,23,5581515826004,18.529
178,24,5581529759905,13.740
179,0,5581541975405,11.004
180,1,5581548843205,10.141
181,2,5581556985305,7.075
182,3,5581565722305,13.885
183,4,5581577169406,12.410
184,5,5581590051606,9.098
185,6,5581599552106,7.058
186,7,5581608805106,9.878
187,8,5581617189706,8.613
188,9,5581628266707,6.164
189,10,5581635385507,6.814
190,11,5581646944607,9.617
191,12,5581662027807,4.991
192,13,5581665652607,5.340
193,14,5581677986907,5.198
194,15,5581686486208,9.610
195,16,5581695556308,5.942
196,17,5581706340308,6.976
197,18,5581715344508,6.168
198,19,5581725694308,4.835
199,20,5581735965208,4.864
200,21,5581745219609,7.422
201,22,5581757307609,3.783
202,23,5581765792809,9.334
203,24,5581775923309,7.581
204,0,5581786200409,7.780
205,1,5581795518110,4.308
206,2,5581805048110,3.033
207,3,5581816316910,5.046
208,4,5581826434010,8.366
209,5,5581836321610,5.461
210,6,5581845768010,5.296
211,7,5581857924511,5.237
212,8,5581866655811,7.433
213,9,5581876771311,4.182
214,10,5581885644011,5.746
215,11,5581895292311,6.381
216,12,5581906878412,8.466
217,13,5581916663712,10.667
218,14,5581927781012,8.341
219,15,5581935819612,4.889
220,16,5581946099012,6.604
221,17,5581956611313,8.036
222,18,5581965516813,12.871
223,19,5581976600413,8.872
224,20,5581986587513,8.606
225,21,5581995523813,11.323
226,22,5582005413513,4.732
227,23,5582015960614,7.199
228,24,5582027747514,13.549
229,0,5582036788514,12.022
230,1,5582048343614,9.937
231,2,5582056949314,14.382
232,3,5582071784515,10.691
233,4,5582076475215,10.597
234,5,5582087238115,7.921
235,6,5582095800915,10.562
236,7,5582107884615,10.357
237,8,5582116652515,5.679
238,9,5582125946616,7.214
239,10,5582135495216,8.304
240,11,5582145533316,13.309
241,12,5582155359016,11.471
242,13,5582167896916,16.888
243,14,5582188879117,16.085
244,15,5582190403917,19.567
245,16,5582195507417,18.224
246,17,5582207204917,10.450
247,18,5582215695317,9.944
248,19,5582228176718,6.815
249,20,5582235799218,7.626
250,21,5582245601018,3.948
251,22,5582255275718,4.096
252,23,5582265583418,12.171
253,24,5582276587018,5.251
254,0,5582287265319,6.019
255,1,5582296642719,4.360
256,2,5582307229719,5.290
257,3,5582316522719,4.041
258,4,5582326972219,6.119
259,5,5582335348719,3.939
260,6,5582345257020,5.313
261,7,5582358456520,12.780
262,8,5582368782620,18.487
263,9,5582391439221,15.403
264,10,5582392315721,23.246
265,11,5582395542121,25.713
266,12,5582410488521,21.035
267,13,5582416222521,20.224
268,14,5582426818621,19.916
269,15,5582436905721,18.361
270,16,5582447326122,12.157
271,17,5582457288322,10.105
272,18,5582466035622,5.203
273,19,5582475549622,12.291
274,20,5582486400122,6.345
275,21,5582495778822,7.671
276,22,5582505935023,6.545
277,23,5582515120523,5.597
278,24,5582526380023,5.942
279,0,5582536395123,6.086
280,1,5582545845923,6.420
281,2,5582556296224,3.094
282,3,5582566660624,3.942
283,4,5582575764024,6.861
284,5,5582586052224,5.357
285,6,5582595724924,3.730
286,7,5582606555124,4.812
287,8,5582615522825,6.251
288,9,5582625256425,4.237
289,10,5582635991325,4.480
290,11,5582646407925,4.076
291,12,5582655293125,5.774
292,13,5582665159426,3.273
293,14,5582675243526,4.005
294,15,5582686950626,5.832
295,16,5582696349826,5.293
296,17,5582707444426,3.642
297,18,5582715304626,6.439
298,19,5582727406227,7.967
299,20,5582736405927,9.698
300,21,5582747154527,5.499
301,22,5582760626427,8.557
302,23,5582771674527,9.297
303,24,5582778988228,12.441
304,0,5582786553728,9.914
305,1,5582797716228,7.553
306,2,5582806802628,9.546
307,3,5582818558828,11.401
308,4,5582829390629,5.375
309,5,5582835359129,14.926
310,6,5582846453229,7.196
311,7,5582855574529,4.140
312,8,5582865462729,5.252
313,9,5582875279629,5.716
314,10,5582886340830,8.760
315,11,5582896409530,10.729
316,12,5582913701130,5.232
317,13,5582915427530,12.708
318,14,5582926617030,9.745
319,15,5582935919031,11.046
320,16,5582946474131,5.711
321,17,5582956565231,9.442
322,18,5582966187131,12.190
323,19,5582980309331,8.018
324,20,5582988645331,7.479
325,21,5582995872132,5.281
326,22,5583005659732,4.462
327,23,5583016618232,8.962
328,24,5583027684532,14.679
329,0,5583041780632,7.913
330,1,5583046480733,6.977
331,2,5583067716233,9.731
332,3,5583068341033,14.819
333,4,5583080063433,6.684
334,5,5583086717533,5.795
335,6,5583102548634,12.303
336,7,5583107990234,12.181
337,8,5583117250634,10.284
338,9,5583127376934,8.550
339,10,5583137403434,6.381
340,11,5583145458134,7.486
341,12,5583158358035,13.869
342,13,5583169963835,23.510
343,14,5583181636935,26.648
344,15,5583193796935,28.465
345,16,5583202033935,35.219
346,17,5583209283736,39.370
347,18,5583236623136,25.319
348,19,5583243852436,26.615
349,20,5583252983836,32.556
350,21,5583253222936,38.032
351,22,5583260931336,43.225
352,23,5583276049137,38.106
353,24,5583281533237,39.091
354,0,5583293960037,32.272
355,1,5583312653037,17.758
356,2,5583318084938,17.034
357,3,5583318727838,21.611
358,4,5583327807538,14.689
359,5,5583337999738,8.766
360,6,5583348478738,15.261
361,7,5583357025238,8.387
362,8,5583368669238,9.201
363,9,5583375756339,10.419
364,10,5583395503439,7.200
365,11,5583400239539,8.004
366,12,5583406893139,11.079
367,13,5583415640339,5.605
368,14,5583427435440,6.515
369,15,5583435156440,4.382
370,16,5583445398040,4.496
371,17,5583459421740,5.181
372,18,5583465848740,10.137
373,19,5583476575340,4.867
374,20,5583488172741,6.638
375,21,5583495420941,7.899
376,22,5583506732241,6.617
377,23,5583518158341,7.706
378,24,5583527586841,3.889
379,0,5583537386242,6.783
380,1,5583545907642,5.358
381,2,5583554999042,3.507
382,3,5583566807742,6.872
383,4,5583575691942,4.893
384,5,5583586147842,8.647
385,6,5583597132743,6.606
386,7,5583606639743,7.886
387,8,5583615765943,7.600
388,9,5583627084943,9.871
389,10,5583637827543,8.804
390,11,5583646260344,5.244
391,12,5583657878744,4.291
392,13,5583665339344,10.328
393,14,5583676393744,5.537
394,15,5583685570244,8.594
395,16,5583695521244,3.384
396,17,5583705259245,3.387
397,18,5583715424245,5.882
398,19,5583727779445,4.724
399,20,5583736355945,6.588
400,21,5583745877745,4.302
401,22,5583755821546,3.613
402,23,5583767167446,6.934
403,24,5583777844946,6.112
404,0,5583787177246,7.047
405,1,5583795710746,6.823
406,2,5583806478246,7.646
407,3,5583815365747,5.674
408,4,5583826208247,7.122
409,5,5583837538147,5.557
410,6,5583846269647,7.482
411,7,5583858825847,4.780
412,8,5583868304848,9.598
413,9,5583878334848,7.322
414,10,5583888940048,7.700
415,11,5583896376848,13.309
416,12,5583906389448,9.294
417,13,5583917351549,5.150
418,14,5583925759349,5.181
419,15,5583937608649,12.933
420,16,5583947083449,9.199
421,17,5583957654749,12.053
422,18,5583967034749,18.833
423,19,5583979450850,11.341
424,20,5583986362550,18.760
425,21,5583998455150,10.819
426,22,5584010222950,12.601
427,23,5584020884450,10.546
428,24,5584029778051,9.279
429,0,5584037707151,10.360
430,1,5584051392051,6.538
431,2,5584057302051,7.275
432,3,5584069140751,15.648
433,4,5584081766252,7.401
434,5,5584086656452,10.191
435,6,5584097237052,5.874
436,7,5584108390152,15.140
437,8,5584122654452,14.780
438,9,5584125382152,18.295
439,10,5584141806153,17.788
440,11,5584146472053,26.157
441,12,5584164529053,14.444
442,13,5584166727253,17.022
443,14,5584184307953,26.248
444,15,5584194971054,22.424
445,16,5584203288454,23.815
446,17,5584216447454,16.364
447,18,5584221723154,18.422
448,19,5584227590454,22.126
449,20,5584241216154,12.078
450,21,5584246051555,30.561
451,22,5584265383755,11.246
452,23,5584269771255,15.151
453,24,5584280360355,17.407
454,0,5584286201255,19.748
455,1,5584309805556,23.824
456,2,5584311051756,29.035
457,3,5584317405256,39.568
458,4,5584342513856,22.013
459,5,5584346110256,35.528
460,6,5584351376556,37.706
461,7,5584361852357,39.433
462,8,5584385251757,34.375
463,9,5584399448557,21.315
464,10,5584400587657,29.619
465,11,5584400911857,39.153
466,12,5584430786258,24.502
467,13,5584431298358,27.683
468,14,5584432927658,43.930
469,15,5584441326658,37.932
470,16,5584448373158,40.291
471,17,5584455507358,40.931
472,18,5584465611559,34.355
473,19,5584477467759,26.482
474,20,5584490475159,27.119
475,21,5584503490859,21.145
476,22,5584511576359,18.384
477,23,5584517237560,16.264
478,24,5584525840460,12.224
479,0,5584538742960,12.873
480,1,5584547298360,8.397
481,2,5584558043560,14.519
482,3,5584568530860,14.479
483,4,5584590070461,21.887
484,5,5584593369461,28.112
485,6,5584596812861,29.735
486,7,5584615422361,14.759
487,8,5584617147761,26.909
488,9,5584631597162,27.134
489,10,5584648170862,15.782
490,11,5584651400362,26.980
491,12,5584661102062,24.321
492,13,5584677550562,19.748
493,14,5584678737562,20.102
494,15,5584694613363,13.285
495,16,5584697161863,15.855
496,17,5584708119563,10.638
497,18,5584723163963,12.685
498,19,5584729538963,22.288
499,20,5584743196564,24.871
500,21,5584751733264,23.630
501,22,5584767789064,12.333
502,23,5584771372164,22.965
503,24,5584784280464,23.381
504,0,5584799618165,12.894
505,1,5584799938465,26.500
506,2,5584810267765,20.133
507,3,5584819463565,18.212
508,4,5584837775265,13.008
509,5,5584838192665,25.554
510,6,5584847140966,21.592
511,7,5584859605766,19.320
512,8,5584866959666,15.664
513,9,5584877591866,9.724
514,10,5584892692166,9.353
515,11,5584899051867,24.004
516,12,5584908607067,24.985
517,13,5584921712667,21.547
518,14,5584926523467,25.718
519,15,5584942532067,20.300
520,16,5584964260468,25.407
521,17,5584964875368,29.741
522,18,5584988551468,14.500
523,19,5584989300068,21.604
524,20,5584991069568,25.349
525,21,5585004825268,19.274
526,22,5585023931769,28.321
527,23,5585024618569,36.956
528,24,5585039965169,33.145
529,0,5585042575569,39.407
530,1,5585060275869,26.164
531,2,5585069605670,33.794
532,3,5585079674870,29.131
533,4,5585084147370,32.505
534,5,5585092170870,31.974
535,6,5585105702870,35.066
536,7,5585108620870,41.770
537,8,5585117520371,41.985
538,9,5585129436471,36.594
539,10,5585140320371,48.700
540,11,5585146927271,42.130
541,12,5585167879971,31.321
542,13,5585176206572,28.719
543,14,5585197167972,19.902
544,15,5585197412372,36.030
545,16,5585211024772,30.660
546,17,5585211198172,47.353
547,18,5585222604072,44.047
548,19,5585243936173,35.502
549,20,5585244623773,46.207
550,21,5585251425573,47.389
551,22,5585262193473,45.363
552,23,5585272253273,41.772
553,24,5585284351674,37.559
554,0,5585288975474,40.994
555,1,5585302906774,43.694
556,2,5585313125774,40.181
557,3,5585315700674,52.938
558,4,5585336400075,45.976
559,5,5585347255675,40.649
560,6,5585352735675,52.522
561,7,5585370880775,50.491
562,8,5585371258675,55.378
563,9,5585386332475,67.647
564,10,5585390356476,70.715
565,11,5585406464176,63.846
566,12,5585417623476,56.854
567,13,5585425374776,54.970
568,14,5585430064076,61.544
569,15,5585444848777,63.742
570,16,5585453057177,58.501
571,17,5585464240277,63.860
572,18,5585465842977,64.651
573,19,5585476155077,68.194
574,20,5585485975377,61.520
575,21,5585501888378,57.908
576,22,5585510335778,53.423
577,23,5585523296378,45.417
578,24,5585528932078,55.836
579,0,5585538260178,51.490
580,1,5585550161278,52.550
581,2,5585560159079,51.321
582,3,5585580821279,39.489
583,4,5585584534579,45.509
584,5,5585590477179,40.843
585,6,5585618659280,24.505
586,7,5585633081480,15.216
587,8,5585634945380,44.859
588,9,5585652693280,36.973
589,10,5585654715080,36.997
590,11,5585654890280,50.091
591,12,5585666921581,46.219
592,13,5585672473281,50.247
593,14,5585691354481,34.511
594,15,5585691695881,49.342
595,16,5585705969581,41.267
596,17,5585706154181,49.451
597,18,5585716871582,46.043
598,19,5585735914182,36.758
599,20,5585736412982,43.177
600,21,5585753503982,33.523
601,22,5585755878682,40.346
602,23,5585780649383,21.340
603,24,5585785347283,29.839
604,0,5585790075783,35.611
605,1,5585802267083,30.318
606,2,5585808630283,27.045
607,3,5585816701183,28.726
608,4,5585826198484,28.398
609,5,5585838301984,24.478
610,6,5585848625384,20.223
611,7,5585860236884,12.658
612,8,5585867700484,10.376
613,9,5585877796984,14.266
614,10,5585894118585,14.222
615,11,5585899638185,13.866
616,12,5585922495385,8.370
617,13,5585922863985,17.057
618,14,5585932627186,15.459
619,15,5585941398586,9.154
620,16,5585953099486,11.629
621,17,5585959113486,17.127
622,18,5585973996586,8.058
623,19,5585983328486,13.861
624,20,5585987273687,16.581
625,21,5586002128687,12.367
626,22,5586016938887,9.479
627,23,5586017952087,14.162
628,24,5586030130987,8.395
629,0,5586040065987,8.214
630,1,5586046861188,9.412
631,2,5586056020588,8.002
632,3,5586066114888,12.425
633,4,5586075795888,20.537
634,5,5586093045488,28.220
635,6,5586097193489,30.615
636,7,5586109093989,34.063
637,8,5586117163789,35.659
638,9,5586127918089,32.206
639,10,5586140729289,24.393
640,11,5586153849290,27.476
641,12,5586156980390,39.764
642,13,5586169567290,33.211
643,14,5586182969390,21.721
644,15,5586196999990,23.112
645,16,5586203197990,23.712
646,17,5586220279491,39.290
647,18,5586260081692,35.088
648,19,5586260389492,48.886
649,20,5586260612892,66.094
650,21,5586265770792,62.045
651,22,5586267016892,91.431
652,23,5586279343892,96.642
653,24,5586281290892,110.085
654,0,5586296340292,118.597
655,1,5586297726492,117.230
656,2,5586312448592,103.204
657,3,5586328684393,100.226
658,4,5586329178893,104.533
659,5,5586341222593,105.791
660,6,5586352551593,96.160
661,7,5586360847293,94.407
662,8,5586399055094,63.900
663,9,5586400736894,66.125
664,10,5586400894094,81.189
665,11,5586401023594,84.851
666,12,5586414783494,87.001
667,13,5586418583594,89.180
668,14,5586425859195,96.235
669,15,5586440036595,85.404
670,16,5586445572295,87.511
671,17,5586460358295,83.562
672,18,5586468798195,79.480
673,19,5586491669096,70.501
674,20,5586493465396,80.439
675,21,5586501134896,87.402
676,22,5586522929296,70.247
677,23,5586528416196,74.500
678,24,5586528909496,89.423
679,0,5586548553197,74.643
680,1,5586563466497,70.670
681,2,5586571068097,82.088
682,3,5586577293697,83.255
683,4,5586577817697,92.671
684,5,5586586339997,90.305
685,6,5586620703898,61.810
686,7,5586620859498,69.715
687,8,5586621805198,75.320
688,9,5586633450898,65.141
689,10,5586642310299,65.520
690,11,5586651194399,63.998
691,12,5586667960599,53.563
692,13,5586668722399,70.299
693,14,5586683216499,55.887
694,15,5586687442099,62.025
695,16,5586699012900,55.789
696,17,5586715357800,46.783
697,18,5586721648300,49.561
698,19,5586727748400,58.771
699,20,5586743355500,46.823
700,21,5586746832300,47.583
701,22,5586757650001,48.417
702,23,5586778230401,40.937
703,24,5586778564301,47.802
704,0,5586789107801,47.939
705,1,5586798030701,43.447
706,2,5586807007602,40.438
707,3,5586817910002,41.045
708,4,5586828801202,34.349
709,5,5586836496502,31.920
710,6,5586846196702,34.387
711,7,5586861135803,25.031
712,8,5586865765803,33.059
713,9,5586876679103,26.750
714,10,5586889738903,27.901
715,11,5586902686903,20.612
716,12,5586909482303,28.697
717,13,5586924805604,19.820
718,14,5586927459104,23.128
719,15,5586939377804,18.648
720,16,5586946995804,25.521
721,17,5586960901504,20.442
722,18,5586974479605,28.814
723,19,5586980522905,24.843
724,20,5586990336405,31.524
725,21,5587000199305,29.878
726,22,5587016603105,21.434
727,23,5587022564906,18.510
728,24,5587026949206,16.835
729,0,5587038704806,9.075
730,1,5587045916306,12.243
731,2,5587057582506,9.129
732,3,5587066899606,12.430
733,4,5587075992906,8.395
734,5,5587086112307,13.992
735,6,5587097660407,11.993
736,7,5587112506507,8.192
737,8,5587118678107,10.231
738,9,5587130225507,16.359
739,10,5587141774708,17.828
740,11,5587149503308,22.932
741,12,5587163003308,13.870
742,13,5587169861908,19.456
743,14,5587176896608,18.744
744,15,5587187294209,12.044
745,16,5587197117509,9.588
746,17,5587210164009,13.417
747,18,5587217728009,10.097
748,19,5587225504709,6.321
749,20,5587237090909,6.462
750,21,5587246013310,3.420
751,22,5587256461610,6.896
752,23,5587267307210,8.104
753,24,5587276090210,13.446
754,0,5587289825210,10.754
755,1,5587296739611,9.629
756,2,5587311207711,7.769
757,3,5587315419411,9.111
758,4,5587326067011,4.634
759,5,5587335137111,7.075
760,6,5587345785211,5.322
761,7,5587357576412,13.385
762,8,5587366263612,21.223
763,9,5587375762712,17.094
764,10,5587386854612,9.884
765,11,5587395770412,14.880
766,12,5587409941813,5.837
767,13,5587415996213,6.045
768,14,5587426564113,14.791
769,15,5587438119113,10.271
770,16,5587446195314,12.955
771,17,5587458902914,9.580
772,18,5587467450814,11.892
773,19,5587482290414,12.708
774,20,5587488372714,16.801
775,21,5587501880315,11.165
776,22,5587506489215,18.382
777,23,5587523285815,8.791
778,24,5587525720215,10.332
779,0,5587540962716,22.729
780,1,5587553726416,12.916
781,2,5587558878416,12.635
782,3,5587570065516,14.608
783,4,5587584729317,10.564
784,5,5587588915717,13.551
785,6,5587597788117,8.982
786,7,5587607874117,13.864
787,8,5587616238317,21.013
788,9,5587631774318,14.556
789,10,5587636846318,13.562
790,11,5587646301818,8.991
791,12,5587655471118,5.251
792,13,5587668951718,11.328
793,14,5587678714719,15.508
794,15,5587693294019,21.816
795,16,5587695930219,32.243
796,17,5587718604019,40.512
797,18,5587719228119,44.338
798,19,5587733986820,45.526
799,20,5587743584320,43.650
800,21,5587750373720,46.791
801,22,5587758489020,53.316
802,23,5587769148621,47.798
803,24,5587783424621,44.424
804,0,5587787658921,45.928
805,1,5587796737021,49.967
806,2,5587822472322,29.922
807,3,5587823702622,43.431
808,4,5587826521822,45.159
809,5,5587838186122,48.465
810,6,5587860461723,31.098
811,7,5587862599123,40.063
812,8,5587876583723,29.424
813,9,5587876851723,45.650
814,10,5587887531823,43.319
815,11,5587897073923,38.321
816,12,5587910218624,32.516
817,13,5587920586524,39.927
818,14,5587936251224,40.262
819,15,5587936435924,52.143
820,16,5587948370724,48.049
821,17,5587956048525,59.886
822,18,5587975359725,43.339
823,19,5587976623425,53.032
824,20,5588013085826,21.423
825,21,5588014934526,35.757
826,22,5588015924126,37.931
827,23,5588016803426,51.504
828,24,5588028488226,44.710
829,0,5588035558926,53.337
830,1,5588077005827,22.309
831,2,5588085925327,21.564
832,3,5588100589728,18.332
833,4,5588104169228,25.534
834,5,5588114498928,28.997
835,6,5588116982928,30.037
836,7,5588117442328,33.609
837,8,5588117985228,38.880
838,9,5588139734329,25.524
839,10,5588149258629,30.930
840,11,5588152541729,43.286
841,12,5588172745329,27.961
842,13,5588185979830,33.310
843,14,5588186119030,55.186
844,15,5588201059830,40.484
845,16,5588202869930,51.519
846,17,5588208638830,64.920
847,18,5588232582831,59.691
848,19,5588242112831,64.249
849,20,5588247198731,71.458
850,21,5588254546331,77.024
851,22,5588270760932,67.573
852,23,5588271053432,80.012
853,24,5588289303032,77.352
854,0,5588289772532,76.902
855,1,5588298257632,85.151
856,2,5588307078732,91.363
857,3,5588322986733,88.670
858,4,5588333352733,82.514
859,5,5588350333133,75.232
860,6,5588372129034,60.260
861,7,5588385861934,50.571
862,8,5588386013434,62.986
863,9,5588387098434,68.827
864,10,5588387256234,81.333
865,11,5588417972435,57.080
866,12,5588419452235,59.644
867,13,5588420170235,65.438
868,14,5588435594235,58.682
869,15,5588437005435,65.316
870,16,5588447447535,61.469
871,17,5588457922336,60.437
872,18,5588469406636,60.550
873,19,5588475428536,59.663
874,20,5588488483036,54.367
875,21,5588501732137,52.447
876,22,5588509252437,50.443
877,23,5588516508037,57.475
878,24,5588528417737,49.326
879,0,5588536390837,46.540
880,1,5588552427338,40.869
881,2,5588556163338,39.755
882,3,5588566938838,44.553
883,4,5588576934938,40.506
884,5,5588588641938,39.092
885,6,5588595667839,37.922
886,7,5588615754939,28.376
887,8,5588618149339,31.813
888,9,5588628665939,26.238
889,10,5588648250840,12.299
890,11,5588648453440,16.669
891,12,5588657748640,16.553
892,13,5588668900840,20.100
893,14,5588680682740,16.656
894,15,5588695169641,12.116
895,16,5588696524541,25.506
896,17,5588712831341,14.000
897,18,5588723209041,12.647
898,19,5588727420442,14.053
899,20,5588740202042,9.339
900,21,5588753367142,17.592
901,22,5588758870142,18.718
902,23,5588767340342,16.218
903,24,5588781782443,15.416
904,0,5588787012943,20.579
905,1,5588797783943,19.974
906,2,5588807829643,14.160
907,3,5588819319944,14.149
908,4,5588827850344,18.850
909,5,5588846739144,10.477
910,6,5588847877344,24.545
911,7,5588864301044,12.257
912,8,5588867763845,36.526
913,9,5588878353345,29.998
914,10,5588889342745,25.647
915,11,5588904130445,21.651
916,12,5588906159845,29.797
917,13,5588920161446,20.576
918,14,5588926922846,19.190
919,15,5588940190046,21.266
920,16,5588946366146,25.389
921,17,5588958106947,25.077
922,18,5588969128147,23.756
923,19,5588985228247,15.289
924,20,5588991455547,26.168
925,21,5588999064247,18.633
926,22,5589019156848,14.250
927,23,5589023500848,15.104
928,24,5589031685248,14.070
929,0,5589037656948,34.860
930,1,5589066859449,34.543
931,2,5589067731649,42.947
932,3,5589087610549,30.188
933,4,5589087884149,35.562
934,5,5589091277049,39.735
935,6,5589102036050,44.654
936,7,5589106986750,47.629
937,8,5589127256050,33.735
938,9,5589130938550,40.868
939,10,5589142748251,44.043
940,11,5589159011251,33.624
941,12,5589171802551,26.402
942,13,5589172397151,31.551
943,14,5589183352051,23.854
944,15,5589187104652,26.824
945,16,5589198023352,28.915
946,17,5589205860652,23.325
947,18,5589227473852,14.061
948,19,5589230261652,16.743
949,20,5589238239553,13.015
950,21,5589248753453,12.777
951,22,5589260430453,18.306
952,23,5589284185554,9.610
953,24,5589285074354,24.888
954,0,5589286152954,29.166
955,1,5589298165554,31.093
956,2,5589314074854,19.286
957,3,5589323354955,14.582
958,4,5589327437355,23.679
959,5,5589337118555,17.844
960,6,5589348870455,16.135
961,7,5589355826955,13.071
962,8,5589368521856,7.873
963,9,5589376397756,35.330
964,10,5589419012057,17.880
965,11,5589421251857,31.260
966,12,5589422367757,44.301
967,13,5589423814557,46.966
968,14,5589448715757,26.430
969,15,5589450037457,55.341
970,16,5589450691357,71.711
971,17,5589459454657,67.934
972,18,5589473069458,68.149
973,19,5589483315958,64.730
974,20,5589498320658,65.785
975,21,5589499225958,73.216
976,22,5589512645159,69.372
977,23,5589515317259,70.203
978,24,5589533905259,68.426
979,0,5589538145359,68.286
980,1,5589555867760,59.772
981,2,5589568346660,53.782
982,3,5589569287760,63.127
983,4,5589579773760,57.740
984,5,5589592312260,56.413
985,6,5589596957960,59.264
986,7,5589605816061,57.631
987,8,5589620761661,47.117
988,9,5589628766161,44.778
989,10,5589635448861,44.218
990,11,5589647048262,40.515
991,12,5589656245162,35.082
992,13,5589666930362,29.685
993,14,5589676555962,27.567
994,15,5589687956562,21.166
995,16,5589695896463,24.750
996,17,5589706904263,20.804
997,18,5589717732263,16.973
998,19,5589726096063,16.337
999,20,5589737890764,13.764
1000,21,5589746437864,12.040
1001,22,5589757562464,14.544
1002,23,5589769117364,5.994
1003,24,5589775763264,6.707
1004,0,5589786978765,10.308
1005,1,5589798073265,4.599
1006,2,5589808103865,9.681
1007,3,5589817962065,10.550
1008,4,5589828219766,5.975
1009,5,5589837525666,9.156
1010,6,5589845941266,5.899
1011,7,5589855474266,7.533
1012,8,5589865538566,8.355
1013,9,5589875958567,5.575
1014,10,5589886334467,9.113
1015,11,5589896911167,9.754
1016,12,5589908121167,10.412
1017,13,5589915838467,11.694
1018,14,5589927509868,10.585
1019,15,5589936082768,5.469
1020,16,5589945563768,7.316
1021,17,5589958042568,7.488
1022,18,5589966220369,9.059
1023,19,5589979185269,9.534
1024,20,5589986071569,14.278
1025,21,5589999363769,8.993
1026,22,5590007625569,11.890
1027,23,5590019601370,4.306
1028,24,5590025237670,5.273
1029,0,5590039803870,6.343
1030,1,5590046517470,6.537
1031,2,5590065082971,12.036
1032,3,5590068604371,14.424
1033,4,5590078876271,9.899
1034,5,5590089995571,15.594
1035,6,5590106151672,7.302
1036,7,5590106889172,14.009
1037,8,5590118244472,9.482
1038,9,5590127797872,8.758
1039,10,5590135618672,9.435
1040,11,5590146570673,16.538
1041,12,5590158271973,10.453
1042,13,5590169153673,15.549
1043,14,5590176210773,23.679
1044,15,5590188773073,14.075
1045,16,5590200108374,17.327
1046,17,5590211939074,9.608
1047,18,5590215321174,19.920
1048,19,5590227774074,13.839
1049,20,5590235959674,12.075
1050,21,5590246563175,7.924
1051,22,5590263952875,11.734
1052,23,5590269577975,10.088
1053,24,5590275854075,10.324
1054,0,5590290661376,8.299
1055,1,5590309267176,6.384
1056,2,5590309992476,11.509
1057,3,5590320427776,13.022
1058,4,5590327129176,21.580
1059,5,5590340358477,11.599
1060,6,5590349632677,20.762
1061,7,5590365461577,25.453
1062,8,5590367414877,40.317
1063,9,5590382072378,37.280
1064,10,5590394516278,33.189
1065,11,5590407287478,23.920
1066,12,5590410002678,32.099
1067,13,5590421864679,23.805
1068,14,5590425976079,23.913
1069,15,5590437409179,23.443
1070,16,5590446648179,17.728
1071,17,5590458828279,21.652
1072,18,5590469391780,17.925
1073,19,5590477334680,11.416
1074,20,5590493071280,15.766
1075,21,5590501512780,24.813
1076,22,5590506123380,25.018
1077,23,5590516566381,27.840
1078,24,5590528135981,18.904
1079,0,5590538669181,23.602
1080,1,5590546857381,19.788
1081,2,5590558236981,21.310
1082,3,5590567293882,19.490
1083,4,5590577686082,23.916
1084,5,5590585322582,33.395
1085,6,5590596401182,32.080
1086,7,5590613364983,27.067
1087,8,5590617979583,25.734
1088,9,5590631568983,26.579
1089,10,5590640357983,25.386
1090,11,5590646347483,27.028
1091,12,5590658130984,23.940
1092,13,5590665281884,24.404
1093,14,5590675032884,19.959
1094,15,5590685780484,16.019
1095,16,5590695802385,12.150
1096,17,5590709135385,6.059
1097,18,5590715601785,6.778
1098,19,5590725320585,5.280
1099,20,5590737161985,6.517
1100,21,5590746830986,5.760
1101,22,5590760122086,11.341
1102,23,5590767223586,9.648
1103,24,5590777114686,8.871
1104,0,5590799126487,7.893
1105,1,5590799640787,13.025
1106,2,5590811641087,8.867
1107,3,5590818545887,10.111
1108,4,5590827979087,5.045
1109,5,5590835241588,9.952
1110,6,5590845585488,5.609
1111,7,5590856955688,6.728
1112,8,5590865389688,9.445
1113,9,5590875748088,4.119
1114,10,5590887817289,10.311
1115,11,5590896164189,18.916
1116,12,5590916162589,19.967
1117,13,5590916953589,26.202
1118,14,5590926879490,20.559
1119,15,5590937211690,14.338
1120,16,5590946343190,15.071
1121,17,5590960341790,6.506
1122,18,5590968717890,11.275
1123,19,5590975398791,9.133
1124,20,5590988691991,16.011
1125,21,5590999432591,10.286
1126,22,5591008995791,9.986
1127,23,5591016714392,10.150
1128,24,5591028567092,10.950
1129,0,5591040467992,10.475
1130,1,5591045992592,13.505
1131,2,5591060996792,11.170
1132,3,5591068692893,12.482
1133,4,5591076979593,7.888
1134,5,5591086836893,11.742
1135,6,5591096842393,5.519
1136,7,5591107183193,11.066
1137,8,5591117014994,10.517
1138,9,5591125495794,9.709
1139,10,5591135708894,6.721
1140,11,5591145909494,10.159
1141,12,5591157801095,8.568
1142,13,5591166077295,13.028
1143,14,5591177605095,18.694
1144,15,5591192351495,9.706
1145,16,5591196914995,10.945
1146,17,5591207961396,9.548
1147,18,5591218672796,12.631
1148,19,5591233912496,9.430
1149,20,5591237778896,11.732
1150,21,5591246180297,11.591
1151,22,5591259178697,8.651
1152,23,5591267658497,7.442
1153,24,5591280250797,5.487
1154,0,5591286470297,11.007
1155,1,5591297205198,6.557
1156,2,5591309557298,4.433
1157,3,5591315310098,4.030
1158,4,5591327198198,8.362
1159,5,5591338121199,9.478
1160,6,5591347375899,14.017
1161,7,5591362589099,6.229
1162,8,5591365994999,6.948
1163,9,5591378438599,22.492
1164,10,5591391992100,23.058
1165,11,5591403978100,27.279
1166,12,5591406779700,28.126
1167,13,5591422764000,16.091
1168,14,5591428961501,19.643
1169,15,5591444561301,7.208
1170,16,5591446242901,13.137
1171,17,5591455683201,22.498
1172,18,5591466951801,11.639
1173,19,5591480435602,6.561
1174,20,5591485319802,5.998
1175,21,5591500380002,12.790
1176,22,5591507665002,12.117
1177,23,5591519563503,11.547
1178,24,5591526848903,9.678
1179,0,5591545949503,8.775
1180,1,5591546357603,14.355
1181,2,5591558982703,6.201
1182,3,5591565420104,3.813
1183,4,5591575358404,4.904
1184,5,5591588791604,6.738
1185,6,5591598180404,5.584
1186,7,5591611243605,5.051
1187,8,5591615280105,9.178
1188,9,5591628307705,11.304
1189,10,5591636640905,14.118
1190,11,5591650375305,11.250
1191,12,5591657275106,11.671
1192,13,5591670021506,4.907
1193,14,5591675757406,7.720
1194,15,5591687263906,7.748
1195,16,5591697532806,11.914
1196,17,5591714870607,16.479
1197,18,5591716662407,18.277
1198,19,5591730450507,19.245
1199,20,5591737628207,13.909
1200,21,5591750598008,6.011
1201,22,5591755332108,7.130
1202,23,5591767377908,14.860
1203,24,5591777157108,8.301
1204,0,5591786833208,15.396
1205,1,5591795612709,11.376
1206,2,5591807053009,6.861
1207,3,5591817614509,7.395
1208,4,5591828264509,12.326
1209,5,5591841017010,17.320
1210,6,5591851117410,11.999
1211,7,5591857551610,9.599
1212,8,5591867930210,12.318
1213,9,5591877388710,15.273
1214,10,5591888342711,15.734
1215,11,5591899348411,15.308
1216,12,5591910440011,15.975
1217,13,5591923792911,12.105
1218,14,5591927245611,21.427
1219,15,5591939846312,13.234
1220,16,5591950286312,8.170
1221,17,5591957974312,18.080
1222,18,5591971148512,19.882
1223,19,5591979658613,15.185
1224,20,5591987451513,17.759
1225,21,5591996514213,17.614
1226,22,5592019357913,11.583
1227,23,5592022021513,13.903
1228,24,5592030202114,9.402
1229,0,5592037319614,10.776
1230,1,5592048590914,18.467
1231,2,5592060360014,13.777
1232,3,5592069988715,9.403
1233,4,5592075736115,9.039
1234,5,5592093853115,9.935
1235,6,5592099571815,14.150
1236,7,5592109035015,11.713
1237,8,5592116932116,22.511
1238,9,5592132211816,20.562
1239,10,5592147183816,14.362
1240,11,5592149770816,15.171
1241,12,5592159098816,16.120
1242,13,5592170793717,9.115
1243,14,5592180554217,21.960
1244,15,5592188791517,14.058
1245,16,5592205100217,19.492
1246,17,5592210185818,24.484
1247,18,5592223433118,18.913
1248,19,5592226211218,26.657
1249,20,5592235399518,20.916
1250,21,5592250137518,11.489
1251,22,5592255645119,14.094
1252,23,5592268506819,7.902
1253,24,5592276434419,14.898
1254,0,5592287020519,17.958
1255,1,5592308458220,12.838
1256,2,5592312271520,14.149
1257,3,5592319576020,13.991
1258,4,5592328464420,15.492
1259,5,5592339519620,17.017
1260,6,5592348491621,14.501
1261,7,5592356941421,9.376
1262,8,5592366083321,22.000
1263,9,5592379566721,18.661
1264,10,5592396759622,17.290
1265,11,5592397627122,21.129
1266,12,5592418323322,12.350
1267,13,5592419959922,18.362
1268,14,5592426807822,14.254
1269,15,5592438197823,7.001
1270,16,5592446005423,7.574
1271,17,5592455952823,10.693
1272,18,5592466296423,4.952
1273,19,5592476730123,4.754
1274,20,5592486206324,6.828
1275,21,5592495585324,5.473
1276,22,5592505232224,6.961
1277,23,5592515700224,13.114
1278,24,5592525798524,7.674
1279,0,5592539973125,11.083
1280,1,5592545517425,12.309
1281,2,5592555419025,8.024
1282,3,5592565736325,8.515
1283,4,5592576252726,16.657
1284,5,5592587393626,12.351
1285,6,5592604288526,9.092
1286,7,5592611609526,5.494
1287,8,5592615621626,9.803
1288,9,5592626414627,6.886
1289,10,5592637167627,6.282
1290,11,5592645756227,4.009
1291,12,5592655155927,3.668
1292,13,5592666934828,7.048
1293,14,5592678079128,5.388
1294,15,5592686403228,6.637
1295,16,5592695293828,3.624
1296,17,5592706520628,7.654
1297,18,5592717611929,8.843
1298,19,5592725595729,4.802
1299,20,5592737381129,3.422
1300,21,5592746162529,5.154
1301,22,5592755483630,4.860
1302,23,5592766018130,7.435
1303,24,5592775227830,6.094
1304,0,5592788947330,7.460
1305,1,5592796237830,9.192
1306,2,5592807683831,5.747
1307,3,5592815680231,7.399
1308,4,5592825622731,7.598
1309,5,5592835353331,3.660
1310,6,5592846282731,6.244
1311,7,5592858621732,6.149
1312,8,5592866323632,8.720
1313,9,5592875751832,4.374
1314,10,5592885352432,5.596
1315,11,5592895382333,3.513
1316,12,5592905357933,4.014
1317,13,5592915856733,5.341
1318,14,5592927273833,3.670
1319,15,5592935548533,5.437
1320,16,5592945360934,3.422
1321,17,5592955295934,4.241
1322,18,5592966107334,7.694
1323,19,5592975313134,5.139
1324,20,5592987302635,5.211
1325,21,5592996287335,5.772
1326,22,5593007238535,6.287
1327,23,5593022645635,7.230
1328,24,5593026107535,7.881
1329,0,5593037514136,9.034
1330,1,5593046154636,5.702
1331,2,5593056683136,4.590
1332,3,5593065438836,4.038
1333,4,5593077525337,6.502
1334,5,5593086473337,6.851
1335,6,5593095743737,7.844
1336,7,5593105261637,7.833
1337,8,5593116914337,5.921
1338,9,5593128776038,8.687
1339,10,5593135649338,5.874
1340,11,5593145892438,4.188
1341,12,5593156419238,8.948
1342,13,5593165780238,12.142
1343,14,5593176540439,5.639
1344,15,5593187064339,4.141
1345,16,5593196125039,5.720
1346,17,5593206957539,7.178
1347,18,5593215616840,8.152
1348,19,5593226431240,5.671
1349,20,5593235195740,6.692
1350,21,5593246570940,11.691
1351,22,5593256938440,6.603
1352,23,5593267387441,8.229
1353,24,5593275477541,5.880
1354,0,5593286839541,7.339
1355,1,5593295757941,8.023
1356,2,5593305254842,6.451
1357,3,5593316139642,9.739
1358,4,5593327886842,9.583
1359,5,5593337086842,7.073
1360,6,5593349649242,10.781
1361,7,5593356874043,20.317
1362,8,5593373203343,22.508
1363,9,5593375546843,28.712
1364,10,5593392948743,21.660
1365,11,5593403078644,22.347
1366,12,5593411927544,25.322
1367,13,5593426540144,14.884
1368,14,5593432497544,14.577
1369,15,5593452320145,13.790
1370,16,5593459040145,15.025
1371,17,5593460949545,17.184
1372,18,5593468400945,21.618
1373,19,5593476367145,17.523
1374,20,5593491462146,17.237
1375,21,5593497965646,14.188
1376,22,5593508621146,13.197
1377,23,5593515430646,11.948
1378,24,5593526654946,5.747
1379,0,5593537100347,10.257
1380,1,5593560986547,11.071
1381,2,5593563313647,13.353
1382,3,5593565742947,25.314
1383,4,5593578572147,18.129
1384,5,5593585656448,21.918
1385,6,5593598675648,13.178
1386,7,5593607711448,21.447
1387,8,5593616315148,17.092
1388,9,5593633492649,14.469
1389,10,5593637364049,17.252
1390,11,5593653621749,12.819
1391,12,5593655636949,21.708
1392,13,5593669587449,12.277
1393,14,5593680839850,6.560
1394,15,5593688594450,11.502
1395,16,5593696858250,16.214
1396,17,5593707655450,13.550
1397,18,5593717508551,15.001
1398,19,5593728929751,12.613
1399,20,5593742986351,19.928
1400,21,5593746944851,27.765
1401,22,5593761140951,21.200
1402,23,5593776407352,32.120
1403,24,5593781551352,38.305
1404,0,5593794309452,32.469
1405,1,5593797639652,38.982
1406,2,5593812756953,31.568
1407,3,5593819759753,35.647
1408,4,5593836172353,30.255
1409,5,5593839269953,33.480
1410,6,5593852647453,33.202
1411,7,5593861897954,33.802
1412,8,5593869162554,32.291
1413,9,5593885404054,25.261
1414,10,5593887449854,30.670
1415,11,5593901312955,23.499
1416,12,5593908553155,25.318
1417,13,5593918200255,20.595
1418,14,5593926848155,19.100
1419,15,5593937219155,15.548
1420,16,5593945338456,16.075
1421,17,5593959800656,7.295
1422,18,5593966166956,8.375
1423,19,5593975854356,13.431
1424,20,5593989058256,15.211
1425,21,5594003339957,8.704
1426,22,5594006577857,19.115
1427,23,5594019114957,12.001
1428,24,5594027156257,17.247
1429,0,5594040269058,9.296
1430,1,5594047590058,16.326
1431,2,5594060637958,13.538
1432,3,5594072341658,10.598
1433,4,5594076794158,13.075
1434,5,5594086027759,20.510
1435,6,5594105443559,7.780
1436,7,5594106023959,14.196
1437,8,5594115970159,10.411
1438,9,5594129507960,12.427
1439,10,5594137780460,11.638
1440,11,5594149083160,8.716
1441,12,5594157644760,19.134
1442,13,5594168665860,22.436
1443,14,5594175839061,20.070
1444,15,5594190993961,15.323
1445,16,5594196584361,15.330
1446,17,5594206950661,10.700
1447,18,5594220632662,8.832
1448,19,5594225823862,8.460
1449,20,5594235182562,4.425
1450,21,5594246174662,6.883
1451,22,5594256395862,11.762
1452,23,5594267182863,5.418
1453,24,5594276740263,5.069
1454,0,5594289563463,5.408
1455,1,5594296327263,6.268
1456,2,5594307091963,4.508
1457,3,5594315150964,3.678
1458,4,5594325569564,4.515
1459,5,5594336160164,6.579
1460,6,5594346475164,7.469
1461,7,5594356133164,12.681
1462,8,5594368240665,6.983
1463,9,5594376657265,12.556
1464,10,5594388413165,5.042
1465,11,5594395503265,9.972
1466,12,5594406957566,5.143
1467,13,5594419366166,8.892
1468,14,5594425503566,6.724
1469,15,5594439250266,7.617
1470,16,5594447081066,4.882
1471,17,5594456235667,6.975
1472,18,5594466478067,7.227
1473,19,5594475290867,4.136
1474,20,5594486849167,6.383
1475,21,5594495332168,5.619
1476,22,5594505721668,3.999
1477,23,5594520389568,3.658
1478,24,5594525565868,6.832
1479,0,5594535474768,5.084
1480,1,5594545508269,4.738
1481,2,5594555444069,3.187
1482,3,5594565334469,5.703
1483,4,5594575273169,4.690
1484,5,5594587195870,3.615
1485,6,5594595354570,4.134
1486,7,5594605083670,5.050
1487,8,5594616314170,8.664
1488,9,5594626126570,7.051
1489,10,5594637424471,5.917
1490,11,5594645603371,11.483
1491,12,5594656221471,6.963
1492,13,5594665596171,9.491
1493,14,5594676384471,4.490
1494,15,5594685637572,9.544
1495,16,5594695719872,5.368
1496,17,5594709152272,7.417
1497,18,5594716695972,17.076
1498,19,5594729176073,17.817
1499,20,5594737386373,15.267
1500,21,5594749661473,9.944
1501,22,5594757128273,19.198
1502,23,5594767860773,28.279
1503,24,5594777387074,26.341
1504,0,5594793056374,20.542
1505,1,5594812069974,17.411
1506,2,5594812287674,21.902
1507,3,5594832761675,9.678
1508,4,5594833679075,19.758
1509,5,5594837411675,32.832
1510,6,5594848929975,24.661
1511,7,5594856991775,26.070
1512,8,5594870316576,16.885
1513,9,5594877197576,15.457
1514,10,5594885908176,21.398
1515,11,5594896850476,15.929
1516,12,5594909425577,16.200
1517,13,5594926438377,15.044
1518,14,5594929204977,27.278
1519,15,5594936525877,29.267
1520,16,5594952249577,28.180
1521,17,5594968497778,14.599
1522,18,5594969800678,23.534
1523,19,5594980390078,18.209
1524,20,5594989802578,12.432
1525,21,5594997301478,22.355
1526,22,5595025492879,14.946
1527,23,5595025806479,31.936
1528,24,5595038529979,25.926
1529,0,5595044625780,30.650
1530,1,5595061292380,23.867
1531,2,5595061684080,35.045
1532,3,5595066484380,46.217
1533,4,5595090832681,29.276
1534,5,5595091091181,39.525
1535,6,5595103888281,31.746
1536,7,5595113104181,39.599
1537,8,5595121046381,39.636
1538,9,5595132969081,39.350
1539,10,5595137381782,38.402
1540,11,5595152559682,36.674
1541,12,5595157101782,37.208
1542,13,5595167403582,39.342
1543,14,5595176726982,34.855
1544,15,5595188466983,27.711
1545,16,5595203224383,28.377
1546,17,5595208168183,29.070
1547,18,5595215682383,31.991
1548,19,5595233339784,17.903
1549,20,5595243845984,16.938
1550,21,5595251201084,16.820
1551,22,5595257868684,15.146
1552,23,5595266664484,15.769
1553,24,5595277685585,9.918
1554,0,5595287480685,10.777
1555,1,5595297172485,5.852
1556,2,5595307296585,5.376
1557,3,5595315605185,8.353
1558,4,5595328069186,9.587
1559,5,5595337959286,7.233
1560,6,5595345793386,6.266
1561,7,5595360532886,8.106
1562,8,5595384385487,9.943
1563,9,5595384690787,13.572
1564,10,5595386592387,23.295
1565,11,5595396748887,14.355
1566,12,5595409354487,8.359
1567,13,5595417770688,9.516
1568,14,5595426901188,5.447
1569,15,5595438363588,4.522
1570,16,5595445809788,5.466
1571,17,5595455312888,6.505
1572,18,5595465529989,7.598
1573,19,5595477114289,8.804
1574,20,5595487005089,11.179
1575,21,5595495735489,7.983
1576,22,5595506350289,7.668
1577,23,5595515412790,3.702
1578,24,5595525811490,6.348
1579,0,5595536234390,9.461
1580,1,5595547900890,7.404
1581,2,5595557484690,4.256
1582,3,5595566792691,5.818
1583,4,5595575762391,6.913
1584,5,5595585353391,7.233
1585,6,5595597138791,4.373
1586,7,5595605283491,4.264
1587,8,5595616954191,6.392
1588,9,5595625992592,7.028
1589,10,5595636761892,6.650
1590,11,5595645232292,3.962
1591,12,5595655555492,6.523
1592,13,5595668296592,16.213
1593,14,5595681497593,6.939
1594,15,5595686190493,7.210
1595,16,5595695626593,9.449
1596,17,5595709051293,10.591
1597,18,5595718847293,11.098
1598,19,5595728377994,8.065
1599,20,5595735457494,8.444
1600,21,5595745799894,7.390
1601,22,5595764231594,14.447
1602,23,5595767916694,22.048
1603,24,5595778502894,18.638
1604,0,5595787037395,21.539
1605,1,5595797429095,20.870
1606,2,5595812472295,14.570
1607,3,5595817016995,18.367
1608,4,5595828536195,12.854
1609,5,5595835255196,10.040
1610,6,5595853322596,8.401
1611,7,5595856288596,9.890
1612,8,5595867362896,12.013
1613,9,5595881554196,13.953
1614,10,5595887162097,16.928
1615,11,5595897102197,18.528
1616,12,5595907527497,13.356
1617,13,5595918835397,14.769
1618,14,5595928261797,9.052
1619,15,5595937584197,14.810
1620,16,5595947801198,9.489
1621,17,5595959239398,18.186
1622,18,5595974369298,15.858
1623,19,5595980309898,20.268
1624,20,5595990574798,20.540
1625,21,5596005874999,13.973
1626,22,5596008661699,17.879
1627,23,5596016652299,14.334
1628,24,5596026508399,20.142
1629,0,5596043093899,15.967
1630,1,5596047131600,19.141
1631,2,5596059385900,11.251
1632,3,5596069629800,15.968
1633,4,5596077625500,11.643
1634,5,5596086028900,12.807
1635,6,5596096432200,6.496
1636,7,5596106152101,5.546
1637,8,5596120869301,8.777
1638,9,5596126445201,8.460
1639,10,5596135521901,4.201
1640,11,5596146116501,5.236
1641,12,5596157072902,7.806
1642,13,5596166676902,16.343
1643,14,5596175615802,10.976
1644,15,5596186357902,4.846
1645,16,5596195939702,10.926
1646,17,5596207216703,7.234
1647,18,5596215555003,9.526
1648,19,5596225599903,7.685
1649,20,5596236970103,6.449
1650,21,5596245681003,11.862
1651,22,5596257166603,4.502
1652,23,5596266985704,10.225
1653,24,5596275186804,7.566
1654,0,5596285694804,5.756
1655,1,5596296976904,6.071
1656,2,5596307205704,4.187
1657,3,5596315700805,6.779
1658,4,5596325436005,5.688
1659,5,5596338928605,3.972
1660,6,5596345747405,12.209
1661,7,5596361640505,15.293
1662,8,5596366459506,14.866
1663,9,5596376220906,19.340
1664,10,5596387304206,12.270
1665,11,5596412966906,9.728
1666,12,5596413644306,12.140
1667,13,5596417012506,13.793
1668,14,5596428917207,12.019
1669,15,5596437706707,21.475
1670,16,5596446383407,21.399
1671,17,5596466450107,11.919
1672,18,5596472158207,11.116
1673,19,5596483976008,18.498
1674,20,5596490123908,22.277
1675,21,5596498526708,33.130
1676,22,5596510652908,23.301
1677,23,5596516904708,23.801
1678,24,5596532905109,18.122
1679,0,5596537642109,22.350
1680,1,5596548155509,21.211
1681,2,5596558010509,26.271
1682,3,5596572810809,14.972
1683,4,5596580165010,19.398
1684,5,5596585790010,20.325
1685,6,5596599150110,17.463
1686,7,5596606767510,13.618
1687,8,5596617467010,16.293
1688,9,5596631103810,8.020
1689,10,5596636267311,9.876
1690,11,5596646573511,11.073
1691,12,5596658672011,17.233
1692,13,5596672670611,12.748
1693,14,5596678880111,15.217
1694,15,5596691332912,9.623
1695,16,5596699181812,16.724
1696,17,5596717784312,15.400
1697,18,5596718553912,18.016
1698,19,5596733517612,19.182
1699,20,5596735479312,34.154
1700,21,5596753144013,21.407
1701,22,5596759770113,30.286
1702,23,5596765990213,38.659
1703,24,5596789046313,21.882
1704,0,5596796484514,19.655
1705,1,5596799754714,23.459
1706,2,5596807723014,21.205
1707,3,5596816158914,23.604
1708,4,5596833324914,17.884
1709,5,5596848627715,15.716
1710,6,5596850584415,20.999
1711,7,5596857408715,23.074
1712,8,5596865976815,24.012
1713,9,5596878673215,19.410
1714,10,5596889859715,11.426
1715,11,5596897103115,11.402
1716,12,5596908201016,5.833
1717,13,5596920453516,15.507
1718,14,5596925780716,18.160
1719,15,5596942516316,6.751
1720,16,5596945969916,9.388
1721,17,5596959045017,12.531
1722,18,5596966098217,17.460
1723,19,5596983525217,8.777
1724,20,5596986804217,17.421
1725,21,5597000450317,17.888
1726,22,5597008689618,17.826
1727,23,5597017568218,14.402
1728,24,5597028158518,9.440
1729,0,5597036526918,10.146
1730,1,5597049285418,15.324
1731,2,5597062150319,19.067
1732,3,5597067292319,17.439
1733,4,5597081692619,10.534
1734,5,5597085652319,13.410
1735,6,5597104262319,12.683
1736,7,5597107055119,15.535
1737,8,5597117635320,12.221
1738,9,5597127003520,6.131
1739,10,5597138748520,15.956
1740,11,5597151187120,10.605
1741,12,5597159554420,18.187
1742,13,5597167355821,15.159
1743,14,5597181323321,17.023
1744,15,5597196180621,17.617
1745,16,5597207175621,9.949
1746,17,5597207413821,13.653
1747,18,5597216171721,16.437
1748,19,5597227915722,14.278
1749,20,5597248389722,11.343
1750,21,5597248748222,18.984
1751,22,5597256476322,25.805
1752,23,5597272266022,23.956
1753,24,5597279559123,24.697
1754,0,5597286480923,28.518
1755,1,5597299796823,18.866
1756,2,5597310803823,16.039
1757,3,5597319727623,12.611
1758,4,5597327948824,9.036
1759,5,5597340171424,13.169
1760,6,5597347953324,10.183
1761,7,5597355845524,14.157
1762,8,5597367023824,22.887
1763,9,5597377124724,20.221
1764,10,5597390126025,9.284
1765,11,5597404724725,12.848
1766,12,5597407911225,23.459
1767,13,5597420866625,15.201
1768,14,5597426184325,20.558
1769,15,5597437987126,15.765
1770,16,5597446510926,12.473
1771,17,5597457820226,6.493
1772,18,5597465764626,7.825
1773,19,5597479746526,13.886
1774,20,5597493773027,6.553
1775,21,5597495820527,15.399
1776,22,5597517203927,11.866
1777,23,5597518930827,14.471
1778,24,5597530231427,9.746
1779,0,5597539427928,4.970
1780,1,5597545452328,6.413
1781,2,5597555279728,3.759
1782,3,5597566864528,6.582
1783,4,5597575665028,4.825
1784,5,5597585467028,6.909
1785,6,5597595430029,8.181
1786,7,5597607556029,9.361
1787,8,5597618969529,11.069
1788,9,5597625790129,11.571
1789,10,5597635515429,8.637
1790,11,5597650840730,9.690
1791,12,5597659061130,5.984
1792,13,5597666121830,6.753
1793,14,5597675567930,5.411
1794,15,5597687265030,7.207
1795,16,5597697073130,5.876
1796,17,5597705273631,5.404
1797,18,5597718731231,10.446
1798,19,5597726242131,12.113
1799,20,5597736548531,6.265
1800,21,5597746285231,7.052
1801,22,5597758629132,10.392
1802,23,5597768967632,12.818
1803,24,5597777027432,9.744
1804,0,5597786949532,8.102
1805,1,5597798514232,6.810
1806,2,5597806923533,8.719
1807,3,5597815576733,10.166
1808,4,5597825411633,4.903
1809,5,5597835420133,4.295
1810,6,5597845679433,6.121
1811,7,5597856421433,4.135
1812,8,5597866054934,9.279
1813,9,5597876651134,4.802
1814,10,5597889827634,6.382
1815,11,5597895880334,3.393
1816,12,5597904964834,3.287
1817,13,5597916304435,14.061
1818,14,5597929102435,7.049
1819,15,5597936765235,11.655
1820,16,5597945864035,6.083
1821,17,5597958328135,9.008
1822,18,5597965876436,7.059
1823,19,5597977900236,4.128
1824,20,5597988859936,13.208
1825,21,5597999191436,6.322
1826,22,5598005485136,5.220
1827,23,5598016232536,5.761
1828,24,5598026010537,5.467
1829,0,5598039581837,5.511
1830,1,5598045341837,4.023
1831,2,5598055237637,5.659
1832,3,5598066394837,6.322
1833,4,5598077054038,5.685
1834,5,5598088213438,10.323
1835,6,5598096428438,8.575
1836,7,5598106366138,4.132
1837,8,5598120823038,6.206
1838,9,5598126138039,4.397
1839,10,5598135564739,3.641
1840,11,5598145278139,10.325
1841,12,5598156859039,5.220
1842,13,5598166618439,9.288
1843,14,5598175300039,4.574
1844,15,5598187139340,7.585
1845,16,5598195634040,7.657
1846,17,5598207621340,13.139
1847,18,5598216094740,9.896
1848,19,5598225403340,4.766
1849,20,5598235150741,3.750
1850,21,5598246619641,4.325
1851,22,5598255532141,7.410
1852,23,5598267152741,6.675
1853,24,5598275030841,5.561
1854,0,5598289401542,9.265
1855,1,5598296774142,8.682
1856,2,5598308089942,6.198
1857,3,5598316857742,9.577
1858,4,5598330695042,5.827
1859,5,5598341073843,8.878
1860,6,5598347294043,12.642
1861,7,5598356329543,8.346
1862,8,5598371822443,10.716
1863,9,5598389924143,11.381
1864,10,5598391891543,12.979
1865,11,5598396821544,18.811
1866,12,5598405418344,31.479
1867,13,5598422859344,18.982
1868,14,5598437214944,14.356
1869,15,5598440528444,15.903
1870,16,5598445558644,14.468
1871,17,5598455566745,18.766
1872,18,5598473806345,7.835
1873,19,5598475478845,13.305
1874,20,5598487452145,11.184
1875,21,5598501970546,12.015
1876,22,5598510555846,7.360
1877,23,5598515408546,13.540
1878,24,5598527077446,11.521
1879,0,5598539360546,8.189
1880,1,5598546330746,6.935
1881,2,5598558390247,13.753
1882,3,5598570717247,10.531
1883,4,5598577087047,17.677
1884,5,5598588348447,28.999
1885,6,5598595753347,34.668
1886,7,5598606326948,28.698
1887,8,5598619928648,28.773
1888,9,5598629149948,24.797
1889,10,5598639234848,30.375
1890,11,5598657615848,26.280
1891,12,5598660921849,28.434
1892,13,5598673935649,33.431
1893,14,5598681196449,41.025
1894,15,5598698255149,30.272
1895,16,5598700542149,38.548
1896,17,5598721213350,37.951
1897,18,5598723192950,37.342
1898,19,5598728569450,45.821
1899,20,5598746309250,32.935
1900,21,5598750316650,46.554
1901,22,5598764942550,37.595
1902,23,5598771991751,40.427
1903,24,5598775333851,43.923
1904,0,5598788293051,45.141
1905,1,5598803282951,38.108
1906,2,5598825866852,26.768
1907,3,5598831404752,36.230
1908,4,5598831997452,42.894
1909,5,5598840879152,49.550
1910,6,5598851025352,43.969
1911,7,5598861367252,47.342
1912,8,5598881758053,32.562
1913,9,5598888384353,35.540
1914,10,5598890122353,41.935
1915,11,5598899786853,36.613
1916,12,5598920225553,26.225
1917,13,5598926269654,23.975
1918,14,5598927131554,30.726
1919,15,5598937836354,25.074
1920,16,5598948236354,19.305
1921,17,5598956813354,16.193
1922,18,5598965799954,19.062
1923,19,5598983050155,21.909
1924,20,5598986166455,26.708
1925,21,5599005913155,10.579
1926,22,5599014113255,12.673
1927,23,5599018130555,18.986
1928,24,5599033583556,11.376
1929,0,5599039174856,10.642
1930,1,5599053295756,10.677
1931,2,5599056485856,17.204
1932,3,5599066841456,15.864
1933,4,5599077168156,12.877
1934,5,5599090430657,9.192
1935,6,5599097235857,5.986
1936,7,5599107300057,9.874
1937,8,5599118440757,6.208
1938,9,5599126870857,7.945
1939,10,5599138533658,3.858
1940,11,5599145881058,6.204
1941,12,5599159269158,5.000
1942,13,5599166501258,8.231
1943,14,5599175565858,5.400
1944,15,5599189283758,9.374
1945,16,5599199893459,6.549
1946,17,5599206646159,16.740
1947,18,5599215649259,11.785
1948,19,5599225818259,4.849
1949,20,5599236120959,5.918
1950,21,5599246147960,7.742
1951,22,5599255762260,4.511
1952,23,5599266055360,7.193
1953,24,5599277061460,6.044
1954,0,5599287506860,8.454
1955,1,5599295523960,5.496
1956,2,5599305559761,3.678
1957,3,5599315228361,5.551
1958,4,5599325461461,4.609
1959,5,5599337488661,6.012
1960,6,5599346134261,8.011
1961,7,5599355185462,5.590
1962,8,5599368520262,7.872
1963,9,5599375494962,6.399
1964,10,5599387759562,8.397
1965,11,5599395465662,6.874
1966,12,5599406374763,9.915
1967,13,5599417628563,8.283
1968,14,5599425565963,5.393
1969,15,5599435159263,3.905
1970,16,5599446627363,6.157
1971,17,5599456378163,6.337
1972,18,5599466607664,7.727
1973,19,5599475897264,4.348
1974,20,5599486620364,5.265
1975,21,5599496926364,12.319
1976,22,5599508624964,6.662
1977,23,5599517125365,6.430
1978,24,5599526614765,12.517
1979,0,5599541901065,14.757
1980,1,5599546782665,13.839
1981,2,5599556599365,21.638
1982,3,5599570432066,22.196
1983,4,5599583797566,15.543
1984,5,5599586816066,25.092
1985,6,5599602196266,15.266
1986,7,5599606713066,28.150
1987,8,5599617444266,21.719
1988,9,5599631970467,19.673
1989,10,5599639324267,19.971
1990,11,5599648254667,21.605
1991,12,5599661732167,12.906
1992,13,5599666914667,12.903
1993,14,5599678399068,14.566
1994,15,5599688491268,16.691
1995,16,5599702373168,10.095
1996,17,5599709404568,14.286
1997,18,5599716300068,11.087
1998,19,5599726052769,7.009
1999,20,5599738949469,12.807
2000,21,5599748664569,17.252
2001,22,5599759452669,19.311
2002,23,5599769992469,15.961
2003,24,5599778587470,22.232
2004,0,5599791698470,22.369
2005,1,5599798595770,24.504
2006,2,5599810278170,21.137
2007,3,5599818727470,20.429
2008,4,5599825631070,22.317
2009,5,5599838261171,15.501
2010,6,5599848286571,21.922
2011,7,5599866482171,16.059
2012,8,5599869520571,17.570
2013,9,5599875816971,28.269
2014,10,5599886233372,33.721
2015,11,5599905012872,20.473
2016,12,5599911046772,19.517
2017,13,5599916915972,22.898
2018,14,5599929572972,15.746
2019,15,5599938630873,15.607
2020,16,5599948557673,13.688
2021,17,5599955252673,10.147
2022,18,5599966278773,9.323
2023,19,5599976819873,8.690
2024,20,5599987796473,6.204
2025,21,5599996117174,5.449
2026,22,5600006387674,4.174
2027,23,5600016349474,5.212
2028,24,5600025453674,5.462
2029,0,5600036466374,5.331
2030,1,5600045357175,9.013
2031,2,5600057932775,12.430
2032,3,5600066136075,9.320
2033,4,5600076657875,10.970
2034,5,5600087733575,5.664
2035,6,5600097563275,7.413
2036,7,5600106859176,7.237
2037,8,5600115804676,7.884
2038,9,5600125362476,4.244
2039,10,5600142349876,9.299
2040,11,5600146740676,14.732
2041,12,5600157797877,13.918
2042,13,5600165744577,9.167
2043,14,5600175519177,13.203
2044,15,5600186793177,10.612
2045,16,5600197059677,8.698
2046,17,5600207186078,4.170
2047,18,5600214931478,6.758
2048,19,5600225609778,4.936
2049,20,5600237697378,6.826
2050,21,5600246070478,6.073
2051,22,5600260304279,10.190
2052,23,5600268208679,14.407
2053,24,5600276739679,11.097
2054,0,5600290255779,5.592
2055,1,5600295411979,7.816
2056,2,5600310613179,11.723
2057,3,5600321874180,6.855
2058,4,5600326511880,13.928
2059,5,5600339194780,16.229
2060,6,5600348311980,12.338
2061,7,5600363568280,40.125
2062,8,5600383994781,28.355
2063,9,5600405829481,15.635
2064,10,5600406387381,24.884
2065,11,5600408652081,39.514
2066,12,5600413164181,40.420
2067,13,5600421288582,46.080
2068,14,5600433182582,44.562
2069,15,5600435323382,53.875
2070,16,5600449273082,51.758
2071,17,5600459748582,57.542
2072,18,5600474027483,43.293
2073,19,5600476592383,47.880
2074,20,5600493149883,35.860
2075,21,5600500857383,40.328
2076,22,5600514726883,31.196
2077,23,5600516351883,42.734
2078,24,5600529075584,39.142
2079,0,5600540232484,33.111
2080,1,5600549389484,28.895
2081,2,5600558514384,24.870
2082,3,5600567795184,27.446
2083,4,5600576918784,22.571
2084,5,5600594097185,9.746
2085,6,5600599365885,14.081
2086,7,5600607441185,11.529
2087,8,5600615654285,12.390
2088,9,5600626963885,8.301
2089,10,5600636325486,4.241
2090,11,5600646171386,5.516
2091,12,5600655830686,5.257
2092,13,5600666351586,10.667
2093,14,5600675880086,5.538
2094,15,5600685307287,5.641
2095,16,5600695223087,7.575
2096,17,5600706469387,5.676
2097,18,5600718394587,7.713
2098,19,5600725632087,4.822
2099,20,5600738064188,4.705
2100,21,5600745215888,3.599
2101,22,5600755926088,5.024
2102,23,5600765873988,10.663
2103,24,5600775721788,4.982
2104,0,5600785834688,4.966
2105,1,5600796135889,6.763
2106,2,5600806377089,7.708
2107,3,5600815308889,10.881
2108,4,5600825443889,5.006
2109,5,5600835445289,5.269
2110,6,5600845325190,8.226
2111,7,5600855241690,3.881
2112,8,5600866886690,7.978
2113,9,5600876437090,5.390
2114,10,5600885638090,6.813
2115,11,5600895342790,4.759
2116,12,5600905517091,3.673
2117,13,5600915538291,6.112
2118,14,5600927897191,4.816
2119,15,5600937365291,3.781
2120,16,5600945304791,4.051
2121,17,5600955394492,4.438
2122,18,5600966397592,6.628
2123,19,5600975264692,4.680
2124,20,5600986259792,3.695
2125,21,5601001012992,8.890
2126,22,5601006101293,6.807
2127,23,5601017166693,8.348
2128,24,5601025645093,5.597
2129,0,5601037072793,5.389
2130,1,5601046850093,6.546
2131,2,5601056761793,5.112
2132,3,5601068319994,8.862
2133,4,5601077778694,9.247
2134,5,5601087687694,8.087
2135,6,5601095657794,5.881
2136,7,5601105689994,4.551
2137,8,5601115227695,7.317
2138,9,5601126012795,8.589
2139,10,5601137723395,11.986
2140,11,5601146011095,12.974
2141,12,5601157332595,12.287
2142,13,5601169385496,14.693
2143,14,5601179177596,8.381
2144,15,5601185970496,13.569
2145,16,5601197698596,8.831
2146,17,5601210194296,16.029
2147,18,5601219398697,12.191
2148,19,5601227699697,9.416
2149,20,5601236638497,8.216
2150,21,5601246505397,12.704
2151,22,5601258186997,4.876
2152,23,5601266536897,10.322
2153,24,5601275776498,6.854
2154,0,5601290899698,10.943
2155,1,5601297371798,9.778
2156,2,5601308911298,12.675
2157,3,5601315437198,10.400
2158,4,5601326168499,15.818
2159,5,5601337115199,10.760
2160,6,5601348155099,10.909
2161,7,5601357272199,17.533
2162,8,5601399961700,10.718
2163,9,5601401835300,12.936
2164,10,5601402140400,20.729
2165,11,5601417335500,9.856
2166,12,5601417998000,14.739
2167,13,5601418316400,23.019
2168,14,5601425725200,19.463
2169,15,5601439446201,11.900
2170,16,5601450836901,13.433
2171,17,5601463105101,8.097
2172,18,5601466493501,18.383
2173,19,5601480592501,13.006
2174,20,5601488354702,16.197
2175,21,5601500411702,7.493
2176,22,5601508954102,11.461
2177,23,5601515400302,9.920
2178,24,5601529113702,12.158
2179,0,5601538908203,13.822
2180,1,5601555649603,10.742
2181,2,5601560833403,10.487
2182,3,5601578232203,8.922
2183,4,5601586354803,7.361
2184,5,5601588866203,9.742
2185,6,5601595620904,6.713
2186,7,5601605388304,5.081
2187,8,5601619716304,4.013
2188,9,5601626321304,7.936
2189,10,5601637706104,11.143
2190,11,5601646576105,6.642
2191,12,5601660711605,6.827
2192,13,5601665728605,12.584
2193,14,5601676574605,5.000
2194,15,5601685530705,4.154
2195,16,5601695671805,8.260
2196,17,5601709705706,13.389
2197,18,5601716450006,11.569
2198,19,5601729944506,5.421
2199,20,5601735752306,7.954
2200,21,5601746893906,6.145
2201,22,5601764829207,7.560
2202,23,5601769160907,12.884
2203,24,5601775888707,10.815
2204,0,5601788460607,8.167
2205,1,5601797118407,6.151
2206,2,5601805518508,6.161
2207,3,5601815392008,11.677
2208,4,5601828266308,4.757
2209,5,5601837637708,7.168
2210,6,5601845828308,4.304
2211,7,5601855265008,5.807
2212,8,5601866450809,5.198
2213,9,5601877472509,5.030
2214,10,5601886271109,6.799
2215,11,5601895068009,4.390
2216,12,5601905481309,4.943
2217,13,5601916224410,6.555
2218,14,5601925365810,6.017
2219,15,5601936988310,8.742
2220,16,5601945681710,5.992
2221,17,5601957155610,5.712
2222,18,5601966124211,5.806
2223,19,5601977215511,5.867
2224,20,5601987189011,4.638
2225,21,5601997221511,7.690
2226,22,5602011796411,6.704
2227,23,5602015780011,11.472
2228,24,5602029475812,11.211
2229,0,5602037157712,6.825
2230,1,5602045238612,4.133
2231,2,5602055696712,4.173
2232,3,5602067003912,8.386
2233,4,5602076368413,5.822
2234,5,5602086555813,6.752
2235,6,5602095409213,3.770
2236,7,5602107648913,4.409
2237,8,5602118479213,6.425
2238,9,5602125688414,4.627
2239,10,5602137277214,3.926
2240,11,5602146503914,8.397
2241,12,5602155915414,14.354
2242,13,5602165357914,10.036
2243,14,5602175597714,6.809
2244,15,5602186556815,6.458
2245,16,5602195859315,5.909
2246,17,5602207417915,5.819
2247,18,5602215279515,3.622
2248,19,5602225947915,6.178
2249,20,5602238564116,6.325
2250,21,5602245651516,5.278
2251,22,5602255667616,5.850
2252,23,5602267795016,9.499
2253,24,5602275413016,4.740
2254,0,5602287336517,3.421
2255,1,5602294967917,4.520
2256,2,5602305302617,5.875
2257,3,5602315978117,5.450
2258,4,5602326987517,4.036
2259,5,5602335283517,3.666
2260,6,5602345422018,8.960
2261,7,5602356319818,4.659
2262,8,5602367267718,6.456
2263,9,5602375646518,8.842
2264,10,5602385687318,5.886
2265,11,5602396931519,5.430
2266,12,5602407100319,5.609
2267,13,5602415325919,3.731
2268,14,5602426541019,8.603
2269,15,5602436873019,7.737
2270,16,5602446373020,8.711
2271,17,5602456831020,4.028
2272,18,5602465260720,3.604
2273,19,5602475479620,4.861
2274,20,5602485831520,9.080
2275,21,5602495433820,5.052
2276,22,5602505158421,3.970
2277,23,5602516137921,3.767
2278,24,5602525433021,7.133
2279,0,5602537027621,5.376
2280,1,5602545804621,9.186
2281,2,5602560123922,13.424
2282,3,5602567011222,11.467
2283,4,5602575265622,7.464
2284,5,5602590495022,7.303
2285,6,5602596889822,8.854
2286,7,5602605830423,5.801
2287,8,5602616219223,7.868
2288,9,5602625391323,5.072
2289,10,5602640590223,5.261
2290,11,5602647451023,9.744
2291,12,5602659024724,6.644
2292,13,5602667441224,11.762
2293,14,5602675708224,9.629
2294,15,5602693119524,10.812
2295,16,5602695828324,16.885
2296,17,5602711162525,9.568
2297,18,5602716229325,8.602
2298,19,5602730578825,10.775
2299,20,5602741193825,12.178
2300,21,5602754675425,36.817
2301,22,5602765117626,26.442
2302,23,5602774608226,25.778
2303,24,5602792797926,13.304
2304,0,5602793959526,27.510
2305,1,5602796509926,41.332
2306,2,5602808433826,44.229
2307,3,5602825341927,42.084
2308,4,5602840483827,32.036
2309,5,5602843042327,37.195
2310,6,5602849662727,36.161
2311,7,5602858578527,35.690
2312,8,5602866870127,38.824
2313,9,5602876848528,33.691
2314,10,5602886963828,29.807
2315,11,5602898087928,25.482
2316,12,5602907322028,20.949
2317,13,5602915908928,19.731
2318,14,5602927557829,12.940
2319,15,5602936773229,7.691
2320,16,5602946384629,5.749
2321,17,5602955828829,5.002
2322,18,5602966349429,12.424
2323,19,5602975854029,7.722
2324,20,5602986306830,9.561
2325,21,5602995640230,5.507
2326,22,5603008700830,12.430
2327,23,5603016362030,10.282
2328,24,5603031007831,8.492
2329,0,5603038295931,6.497
2330,1,5603045490531,13.995
2331,2,5603058522031,7.538
2332,3,5603065902131,13.111
2333,4,5603078638031,6.807
2334,5,5603089359932,8.550
2335,6,5603095646032,7.848
2336,7,5603106761232,5.830
2337,8,5603116250832,7.005
2338,9,5603125336032,8.391
2339,10,5603138536033,4.873
2340,11,5603146705433,8.139
2341,12,5603155400033,3.790
2342,13,5603169381533,6.759
2343,14,5603175972133,17.888
2344,15,5603187419533,12.488
2345,16,5603196116434,10.527
2346,17,5603206727834,6.206
2347,18,5603218214034,6.444
2348,19,5603226288134,11.114
2349,20,5603237492734,4.898
2350,21,5603245616435,11.024
2351,22,5603259600935,16.249
2352,23,5603269088735,10.005
2353,24,5603275653835,7.500
2354,0,5603288505835,7.337
2355,1,5603296607435,9.174
2356,2,5603306523036,8.582
2357,3,5603315870636,7.725
2358,4,5603325410636,6.998
2359,5,5603335318536,8.395
2360,6,5603347544936,11.713
2361,7,5603358074137,10.615
2362,8,5603373809937,13.841
2363,9,5603387067537,25.052
2364,10,5603394743937,20.791
2365,11,5603396109937,30.259
2366,12,5603407352238,23.401
2367,13,5603427535838,16.214
2368,14,5603430714038,17.769
2369,15,5603440670838,12.239
2370,16,5603449034238,11.321
2371,17,5603455304438,8.384
2372,18,5603467118739,9.716
2373,19,5603476817539,10.089
2374,20,5603490115339,4.989
2375,21,5603495685639,4.271
2376,22,5603506086939,6.370
2377,23,5603515763040,12.472
2378,24,5603527434440,15.046
2379,0,5603538718540,10.306
2380,1,5603547819440,15.590
2381,2,5603565195540,6.256
2382,3,5603566416640,14.022
2383,4,5603575990441,10.011
2384,5,5603585628841,9.150
2385,6,5603602769841,18.675
2386,7,5603618832241,9.291
2387,8,5603619298641,22.124
2388,9,5603630530942,16.551
2389,10,5603647866342,13.681
2390,11,5603648269442,16.601
2391,12,5603661465742,17.532
2392,13,5603670508342,15.996
2393,14,5603677122142,24.174
2394,15,5603686587243,20.557
2395,16,5603697204943,21.823
2396,17,5603717419143,8.204
2397,18,5603718161743,14.597
2398,19,5603725967343,13.742
2399,20,5603735763244,8.002
2400,21,5603747243344,12.236
2401,22,5603760610944,10.667
2402,23,5603766104444,12.732
2403,24,5603781400344,16.997
2404,0,5603789046344,14.437
2405,1,5603797302045,14.193
2406,2,5603806539645,11.658
2407,3,5603817494145,3.983
2408,4,5603825431945,5.579
2409,5,5603835489045,7.150
2410,6,5603845521445,7.522
2411,7,5603857087746,3.969
2412,8,5603865354046,3.058
2413,9,5603875592746,5.923
2414,10,5603886509646,9.105
2415,11,5603895449046,5.051
2416,12,5603905275347,4.175
2417,13,5603915221047,3.133
2418,14,5603925398247,4.120
2419,15,5603937561647,5.560
2420,16,5603945393647,5.099
2421,17,5603955845047,5.122
2422,18,5603967927748,9.126
2423,19,5603975410048,5.000
2424,20,5603987335548,5.742
2425,21,5603995884948,6.057
2426,22,5604008164848,14.206
2427,23,5604018962149,10.599
2428,24,5604026556649,8.785
2429,0,5604039344549,6.613
2430,1,5604051751249,4.926
2431,2,5604055280549,4.412
2432,3,5604068287750,6.027
2433,4,5604075965450,6.870
2434,5,5604086462750,4.393
2435,6,5604098084050,8.146
2436,7,5604106073950,4.357
2437,8,5604116314250,6.202
2438,9,5604125288951,9.250
2439,10,5604138286851,13.841
2440,11,5604146265951,12.386
2441,12,5604157097451,7.235
2442,13,5604166866851,9.033
2443,14,5604177200251,10.604
2444,15,5604186229052,12.149
2445,16,5604195390652,13.136
2446,17,5604208820652,14.952
2447,18,5604220431352,7.099
2448,19,5604242774453,20.070
2449,20,5604243070553,33.733
2450,21,5604248997253,31.905
2451,22,5604262093953,24.545
2452,23,5604272436153,24.004
2453,24,5604280879653,20.194
2454,0,5604286473553,20.043
2455,1,5604297224954,16.797
2456,2,5604306399354,12.406
2457,3,5604317152154,9.945
2458,4,5604326824254,6.853
2459,5,5604337787654,10.938
2460,6,5604346086055,7.443
2461,7,5604356731655,10.956
2462,8,5604366820555,6.363
2463,9,5604375460655,14.253
2464,10,5604386759255,8.682
2465,11,5604396767155,7.658
2466,12,5604408090456,4.712
2467,13,5604415386256,7.616
2468,14,5604425530256,5.536
2469,15,5604437196456,5.819
2470,16,5604446382356,7.215
2471,17,5604455123756,7.296
2472,18,5604466359957,7.893
2473,19,5604476386457,5.881
2474,20,5604486932757,4.146
2475,21,5604495265857,9.879
2476,22,5604506577457,4.999
2477,23,5604516691658,6.193
2478,24,5604525494158,4.039
2479,0,5604535014658,4.443
2480,1,5604546164958,5.601
2481,2,5604555839558,3.734
2482,3,5604567479158,3.189
2483,4,5604575252259,9.329
2484,5,5604585748459,3.248
2485,6,5604597562759,8.226
2486,7,5604605573159,4.814
2487,8,5604616137459,7.273
2488,9,5604625657360,4.999
2489,10,5604636478160,5.471
2490,11,5604645331560,5.193
2491,12,5604655095360,4.097
2492,13,5604665540760,3.490
2493,14,5604675277960,4.941
2494,15,5604686651461,3.384
2495,16,5604695720761,7.910
2496,17,5604706140361,8.026
2497,18,5604716105861,9.546
2498,19,5604726311661,4.160
2499,20,5604736850662,7.532
2500,21,5604746057962,6.657
2501,22,5604755586562,5.836
2502,23,5604769127262,9.706
2503,24,5604776121362,7.371
2504,0,5604789707163,8.642
2505,1,5604797981163,7.976
2506,2,5604806000863,10.798
2507,3,5604815652963,7.316
2508,4,5604827204063,6.568
2509,5,5604835181263,4.422
2510,6,5604845552364,5.440
2511,7,5604855298964,5.056
2512,8,5604866812964,10.803
2513,9,5604878581564,7.622
2514,10,5604888529164,15.589
2515,11,5604897689964,8.769
2516,12,5604911019065,10.054
2517,13,5604918022065,14.362
2518,14,5604929508165,13.005
2519,15,5604937425665,23.568
2520,16,5604950283065,18.209
2521,17,5604968242566,9.075
2522,18,5604972342866,8.846
2523,19,5604976779866,12.007
2524,20,5604987774666,10.531
2525,21,5605007099166,9.761
2526,22,5605008334266,18.579
2527,23,5605016707867,18.110
2528,24,5605026152067,15.784
2529,0,5605036719667,15.852
2530,1,5605046981667,12.999
2531,2,5605057885567,16.801
2532,3,5605081477268,21.256
2533,4,5605092346868,16.212
2534,5,5605092951568,21.462
2535,6,5605098545168,28.302
2536,7,5605108202668,26.339
2537,8,5605119134668,23.560
2538,9,5605132474169,15.140
2539,10,5605136352269,19.617
2540,11,5605148747169,17.192
2541,12,5605160500369,22.747
2542,13,5605174382469,27.660
2543,14,5605176183469,36.287
2544,15,5605192572470,25.600
2545,16,5605200254670,30.424
2546,17,5605217985370,26.421
2547,18,5605218373170,33.346
2548,19,5605228635070,33.158
2549,20,5605238656371,27.727
2550,21,5605250082071,21.634
2551,22,5605258059371,26.469
2552,23,5605269907271,20.059
2553,24,5605286854071,12.848
2554,0,5605289672172,16.121
2555,1,5605296771672,12.262
2556,2,5605306838272,13.249
2557,3,5605316837672,9.480
2558,4,5605326106772,11.679
2559,5,5605337845972,8.901
2560,6,5605347346573,8.102
2561,7,5605356401673,6.689
2562,8,5605387325573,8.668
2563,9,5605390107573,29.537
2564,10,5605390748673,35.368
2565,11,5605396854773,34.621
2566,12,5605413519574,31.173
2567,13,5605416753474,42.036
2568,14,5605431519974,31.643
2569,15,5605442212174,35.057
2570,16,5605448611874,44.898
2571,17,5605464545675,33.738
2572,18,5605474291175,38.348
2573,19,5605475810475,42.169
2574,20,5605493952975,30.802
2575,21,5605495838675,35.592
2576,22,5605509810875,33.980
2577,23,5605515799476,33.423
2578,24,5605526369576,35.309
2579,0,5605551116476,13.931
2580,1,5605563029976,14.649
2581,2,5605563320676,22.312
2582,3,5605568805177,22.925
2583,4,5605577906177,27.181
2584,5,5605587043077,30.314
2585,6,5605599364877,25.749
2586,7,5605613265677,22.453
2587,8,5605625791578,18.651
2588,9,5605627593878,20.461
2589,10,5605638400378,26.153
2590,11,5605648608278,15.969
2591,12,5605665771978,18.434
2592,13,5605682590279,10.998
2593,14,5605682928479,15.924
2594,15,5605689433479,26.076
2595,16,5605699553379,20.891
2596,17,5605719483779,15.093
2597,18,5605720795279,21.100
2598,19,5605728196179,21.434
2599,20,5605745132180,11.825
2600,21,5605748078280,13.506
2601,22,5605761604480,19.227
2602,23,5605768385880,29.606
2603,24,5605787973681,24.865
2604,0,5605797815281,18.168
2605,1,5605804831781,22.631
2606,2,5605808258581,28.141
2607,3,5605819790281,32.844
2608,4,5605838948081,18.328
2609,5,5605846658882,22.442
2610,6,5605851350482,26.170
2611,7,5605855841482,33.970
2612,8,5605868765282,38.766
2613,9,5605877724782,31.067
2614,10,5605886362382,40.769
2615,11,5605901748583,38.681
2616,12,5605920248483,26.376
2617,13,5605921216383,33.766
2618,14,5605930042483,40.756
2619,15,5605940520383,42.789
2620,16,5605961586684,30.013
2621,17,5605964563584,35.503
2622,18,5605980834284,32.156
2623,19,5605982595384,34.830
2624,20,5605991581984,31.483
2625,21,5606006205884,26.428
2626,22,5606009047184,30.496
2627,23,5606018439285,35.171
2628,24,5606027066885,34.127
2629,0,5606040084585,32.503
2630,1,5606046701885,31.212
2631,2,5606059638885,24.359
2632,3,5606069175086,28.464
2633,4,5606078430886,24.753
2634,5,5606089540986,22.324
2635,6,5606097615386,23.860
2636,7,5606109200086,22.797
2637,8,5606121075287,20.792
2638,9,5606132328587,20.779
2639,10,5606142922387,21.476
2640,11,5606148801087,21.719
2641,12,5606157899987,18.065
2642,13,5606168689487,14.163
2643,14,5606179481188,22.406
2644,15,5606199832488,26.259
2645,16,5606201832188,30.935
2646,17,5606217553988,32.319
2647,18,5606219261888,32.965
2648,19,5606235055289,30.421
2649,20,5606236035789,33.492
2650,21,5606253409489,25.340
2651,22,5606264233689,22.308
2652,23,5606267425389,23.636
2653,24,5606277047889,23.725
2654,0,5606289713290,15.847
2655,1,5606298794990,11.035
2656,2,5606308553390,4.835
2657,3,5606319455590,7.224
2658,4,5606326771490,11.403
2659,5,5606338693390,6.834
2660,6,5606346149091,8.074
2661,7,5606355983391,14.316
2662,8,5606366950491,18.200
2663,9,5606380814291,17.437
2664,10,5606386163391,18.197
2665,11,5606395845191,14.665
2666,12,5606406424092,12.178
2667,13,5606417942092,4.549
2668,14,5606425458192,4.349
2669,15,5606437269692,3.987
2670,16,5606445627392,7.861
2671,17,5606456238793,7.789
2672,18,5606466064493,7.145
2673,19,5606475260193,5.280
2674,20,5606486193793,5.803
2675,21,5606496763993,7.876
2676,22,5606506800693,6.036
2677,23,5606517469294,8.004
2678,24,5606525356094,4.412
2679,0,5606538182494,5.880
2680,1,5606545484494,3.541
2681,2,5606555071294,4.190
2682,3,5606565658495,7.386
2683,4,5606575717395,7.944
2684,5,5606587342595,4.098
2685,6,5606597782795,6.444
2686,7,5606605461495,5.472
2687,8,5606616379595,9.286
2688,9,5606628353296,4.563
2689,10,5606635687396,7.121
2690,11,5606645181196,3.525
2691,12,5606655276296,5.775
2692,13,5606666387596,5.209
2693,14,5606675752397,5.633
2694,15,5606685699897,3.910
2695,16,5606696564097,6.908
2696,17,5606707766497,4.979
2697,18,5606716255797,6.605
2698,19,5606725280897,3.987
2699,20,5606735942998,6.362
2700,21,5606745623098,6.783
2701,22,5606755187098,5.391
2702,23,5606766773098,5.315
2703,24,5606775653298,11.474
2704,0,5606786041198,10.103
2705,1,5606795517599,7.410
2706,2,5606805515299,4.186
2707,3,5606816246799,5.895
2708,4,5606826832999,6.737
2709,5,5606836108699,9.814
2710,6,5606845718600,5.215
2711,7,5606857117700,11.957
2712,8,5606866961900,14.481
2713,9,5606880294400,9.319
2714,10,5606886359200,19.271
2715,11,5606898388101,19.260
2716,12,5606908549101,15.674
2717,13,5606917359701,11.212
2718,14,5606927207901,10.499
2719,15,5606936606401,7.850
2720,16,5606947127901,12.430
2721,17,5606958726202,8.121
2722,18,5606967824902,11.024
2723,19,5606975682102,7.286
2724,20,5606991427102,13.130
2725,21,5607013549203,15.829
2726,22,5607014270503,23.881
2727,23,5607017196603,27.133
2728,24,5607029315903,18.765
2729,0,5607036684603,19.591
2730,1,5607047591803,24.852
2731,2,5607057050703,20.004
2732,3,5607069898404,10.626
2733,4,5607077024404,12.577
2734,5,5607088854004,10.796
2735,6,5607096900504,19.932
2736,7,5607112144704,14.423
2737,8,5607116064504,22.035
2738,9,5607129209905,14.977
2739,10,5607137378505,19.260
2740,11,5607150989905,10.854
2741,12,5607166086105,12.618
2742,13,5607167350705,27.644
2743,14,5607178696106,32.189
2744,15,5607196300406,25.406
2745,16,5607196813506,31.432
2746,17,5607206841706,30.268
2747,18,5607217894906,23.126
2748,19,5607225832006,21.344
2749,20,5607237706307,20.879
2750,21,5607246249807,16.057
2751,22,5607258911107,9.864
2752,23,5607265371807,14.952
2753,24,5607287199808,11.956
2754,0,5607294911308,9.701
2755,1,5607301056108,12.467
2756,2,5607307239208,13.730
2757,3,5607320825308,11.356
2758,4,5607330639008,11.345
2759,5,5607337879708,9.908
2760,6,5607348180109,6.558
2761,7,5607357699009,35.465
2762,8,5607375251409,24.573
2763,9,5607375664509,28.094
2764,10,5607394146209,16.127
2765,11,5607407097810,13.243
2766,12,5607408088810,15.787
2767,13,5607417763710,21.072
2768,14,5607431671510,13.131
2769,15,5607446408010,8.083
2770,16,5607447008110,14.034
2771,17,5607460459011,7.183
2772,18,5607465387111,11.408
2773,19,5607475993211,12.252
2774,20,5607487917711,5.362
2775,21,5607495487311,8.664
2776,22,5607506264211,6.689
2777,23,5607518884612,7.752
2778,24,5607529175312,6.863
2779,0,5607536735212,7.348
2780,1,5607545519912,5.500
2781,2,5607556230212,5.391
2782,3,5607567704013,3.820
2783,4,5607575349413,7.597
2784,5,5607587721013,4.793
2785,6,5607595482913,7.613
2786,7,5607607441813,6.894
2787,8,5607616646813,7.447
2788,9,5607625417314,6.723
2789,10,5607636395614,4.629
2790,11,5607650004614,4.360
2791,12,5607655397814,6.987
2792,13,5607665953114,6.807
2793,14,5607675467315,4.412
2794,15,5607686639815,4.866
2795,16,5607696528515,6.056
2796,17,5607706805915,4.423
2797,18,5607715357215,5.756
2798,19,5607725697515,8.703
2799,20,5607735507016,12.037
2800,21,5607746654816,6.893
2801,22,5607757480916,5.154
2802,23,5607766042216,9.670
2803,24,5607780556616,6.501
2804,0,5607787051117,6.889
2805,1,5607795961517,19.438
2806,2,5607808564417,15.858
2807,3,5607821408217,10.911
2808,4,5607825964017,10.984
2809,5,5607837271217,15.697
2810,6,5607850541818,18.366
2811,7,5607859619118,17.349
2812,8,5607869880618,13.000
2813,9,5607877833418,11.567
2814,10,5607888098218,12.990
2815,11,5607901822019,9.463
2816,12,5607910892419,10.071
2817,13,5607917816719,10.020
2818,14,5607930514219,12.931
2819,15,5607942956719,9.796
2820,16,5607946936119,13.565
2821,17,5607958482320,5.278
2822,18,5607965873620,15.835
2823,19,5607984553720,14.218
2824,20,5607990028120,15.874
2825,21,5607996077220,15.440
2826,22,5608006271020,12.360
2827,23,5608025171921,16.075
2828,24,5608026494921,23.613
2829,0,5608037409221,19.758
2830,1,5608050003621,12.286
2831,2,5608056524521,17.654
2832,3,5608070158422,13.934
2833,4,5608078047422,12.870
2834,5,5608087506922,7.398
2835,6,5608095500222,15.848
2836,7,5608109333622,8.249
2837,8,5608116962922,4.903
2838,9,5608127024823,8.091
2839,10,5608135431623,5.463
2840,11,5608146278423,4.719
2841,12,5608155303423,6.124
2842,13,5608167016823,10.598
2843,14,5608178625824,11.117
2844,15,5608187970424,7.208
2845,16,5608196639524,9.286
2846,17,5608206838824,4.632
2847,18,5608217235724,3.765
2848,19,5608227276224,4.477
2849,20,5608236214125,6.548
2850,21,5608245275825,3.750
2851,22,5608255409825,4.866
2852,23,5608266605225,7.338
2853,24,5608275479225,7.386
2854,0,5608287204926,4.345
2855,1,5608296228326,7.769
2856,2,5608308171026,6.197
2857,3,5608316356826,6.001
2858,4,5608325372526,3.634
2859,5,5608335294226,3.856
2860,6,5608347117427,5.971
2861,7,5608355639127,6.769
2862,8,5608367250427,11.869
2863,9,5608379944827,5.075
2864,10,5608386188027,7.821
2865,11,5608407919828,9.080
2866,12,5608409904028,13.675
2867,13,5608416615928,13.478
2868,14,5608425667828,9.207
2869,15,5608436264928,10.175
2870,16,5608448235328,9.016
2871,17,5608455522329,5.486
2872,18,5608466100729,7.243
2873,19,5608475490129,6.004
2874,20,5608486607529,3.528
2875,21,5608495607829,9.640
2876,22,5608505678029,5.641
2877,23,5608516788330,6.536
2878,24,5608525534130,4.660
2879,0,5608536351330,3.098
2880,1,5608545331730,3.587
2881,2,5608555106630,4.542
2882,3,5608565567531,6.358
2883,4,5608575642931,5.718
2884,5,5608585733831,7.639
2885,6,5608595325731,6.323
2886,7,5608606946531,5.587
2887,8,5608616374131,6.100
2888,9,5608625900032,7.056
2889,10,5608638342632,5.391
2890,11,5608645694532,7.171
2891,12,5608655879632,4.861
2892,13,5608666763032,9.518
2893,14,5608677457633,6.048
2894,15,5608685259733,8.374
2895,16,5608695153933,3.592
2896,17,5608705076033,7.487
2897,18,5608718832133,8.015
2898,19,5608727209433,5.896
2899,20,5608736912534,3.483
2900,21,5608745263334,3.881
2901,22,5608756313934,4.690
2902,23,5608766626434,8.925
2903,24,5608775435434,6.014
2904,0,5608786079535,3.580
2905,1,5608796276335,4.569
2906,2,5608806369435,7.226
2907,3,5608816486835,7.344
2908,4,5608825518235,5.335
2909,5,5608835475735,6.724
2910,6,5608846217236,5.898
2911,7,5608857393236,5.455
2912,8,5608866670836,5.899
2913,9,5608875689036,5.703
2914,10,5608885192136,4.880
2915,11,5608896462437,5.405
2916,12,5608905406037,4.366
2917,13,5608916967237,6.212
2918,14,5608925481137,4.363
2919,15,5608936620537,4.298
2920,16,5608946353037,7.149
2921,17,5608955009738,4.352
2922,18,5608966216338,5.546
2923,19,5608975510938,5.455
2924,20,5608985816838,3.574
2925,21,5608996775438,9.869
2926,22,5609006651039,3.895
2927,23,5609015744539,8.254
2928,24,5609025854039,5.790
2929,0,5609036779739,5.308
2930,1,5609047709939,5.505
2931,2,5609056021539,6.708
2932,3,5609065427440,8.057
2933,4,5609075636540,4.858
2934,5,5609085966240,3.777
2935,6,5609095353940,6.184
2936,7,5609105217440,4.337
2937,8,5609117635641,5.229
2938,9,5609126218341,5.309
2939,10,5609137369441,4.427
2940,11,5609146705441,6.988
2941,12,5609155538241,6.596
2942,13,5609174256842,5.557
2943,14,5609176565242,8.187
2944,15,5609186787942,6.771
2945,16,5609195128142,3.967
2946,17,5609207128242,4.951
2947,18,5609216887342,7.601
2948,19,5609225657242,5.350
2949,20,5609237024343,7.564
2950,21,5609245875843,7.812
2951,22,5609255198843,6.431
2952,23,5609265971143,7.658
2953,24,5609275701543,3.618
2954,0,5609285235144,7.735
2955,1,5609295649344,6.541
2956,2,5609307573844,4.549
2957,3,5609315539444,3.811
2958,4,5609325655044,6.729
2959,5,5609335999944,7.532
2960,6,5609348579245,7.394
2961,7,5609355822845,8.621
2962,8,5609366353345,17.302
2963,9,5609375473045,24.003
2964,10,5609390316445,23.028
2965,11,5609395558446,22.280
2966,12,5609411277746,18.491
2967,13,5609415427946,19.845
2968,14,5609427463746,16.049
2969,15,5609442279646,6.535
2970,16,5609445824946,9.877
2971,17,5609460128647,12.166
2972,18,5609468984747,8.508
2973,19,5609475753747,10.844
2974,20,5609486815747,4.756
2975,21,5609498234147,14.305
2976,22,5609508822848,8.488
2977,23,5609521907648,10.719
2978,24,5609525607448,11.681
2979,0,5609538265448,6.681
2980,1,5609545719848,7.239
2981,2,5609556130748,6.403
2982,3,5609565204949,3.264
2983,4,5609575663949,6.322
2984,5,5609586745749,8.031
2985,6,5609595421349,5.571
2986,7,5609605686749,4.763
2987,8,5609618425250,3.749
2988,9,5609625892150,5.623
2989,10,5609638613250,4.666
2990,11,5609646416750,13.700
2991,12,5609659144650,4.579
2992,13,5609667343850,5.505
2993,14,5609676480851,5.293
2994,15,5609686627051,3.729
2995,16,5609696586651,8.192
2996,17,5609705482451,4.113
2997,18,5609717146051,4.582
2998,19,5609725235451,4.299
2999,20,5609738083252,4.390
3000,21,5609746052352,6.536
3001,22,5609757537052,4.691
3002,23,5609766559852,6.422
3003,24,5609775633252,8.145
3004,0,5609785982853,6.832
3005,1,5609799873453,7.564
3006,2,5609807733353,5.768
3007,3,5609816678753,8.055
3008,4,5609827656753,6.926
3009,5,5609836621253,6.572
3010,6,5609845773154,3.411
3011,7,5609855236754,5.013
3012,8,5609865614154,7.610
3013,9,5609875330654,6.726
3014,10,5609887907654,6.779
3015,11,5609895255555,5.586
3016,12,5609908701255,4.737
3017,13,5609916055555,9.979
3018,14,5609925817555,4.023
3019,15,5609935268655,3.503
3020,16,5609947741655,4.557
3021,17,5609956268156,6.244
3022,18,5609966741856,6.898
3023,19,5609975780556,4.524
3024,20,5609988077856,6.630
3025,21,5609997617556,5.436
3026,22,5610008272057,4.639
3027,23,5610019658457,7.351
3028,24,5610026682457,5.301
3029,0,5610037794557,7.167
3030,1,5610045290457,4.425
3031,2,5610055164457,5.646
3032,3,5610066911358,10.976
3033,4,5610075861258,10.196
3034,5,5610089201558,5.996
3035,6,5610095627758,9.829
3036,7,5610105836458,12.595
3037,8,5610116345359,10.738
3038,9,5610125789459,4.963
3039,10,5610136715459,6.396
3040,11,5610146352859,14.273
3041,12,5610157051759,14.333
3042,13,5610166952459,8.293
3043,14,5610176993560,16.859
3044,15,5610191009560,17.713
3045,16,5610207042560,16.806
3046,17,5610209548960,18.963
3047,18,5610216738860,26.076
3048,19,5610232279261,15.504
3049,20,5610238705361,15.867
3050,21,5610247735661,13.610
3051,22,5610257075861,7.773
3052,23,5610268889761,8.893
3053,24,5610276362661,5.762
3054,0,5610285472362,3.722
3055,1,5610295239062,8.374
3056,2,5610305223962,6.349
3057,3,5610317496562,14.581
3058,4,5610333258962,14.764
3059,5,5610335418562,20.484
3060,6,5610353204363,20.228
3061,7,5610358117263,28.428
3062,8,5610373908663,20.287
3063,9,5610377444863,36.868
3064,10,5610427333764,10.590
3065,11,5610427961264,25.327
3066,12,5610428790464,31.391
3067,13,5610429121664,46.976
3068,14,5610429415264,50.528
3069,15,5610447111164,46.398
3070,16,5610453937665,48.323
3071,17,5610464473265,48.247
3072,18,5610475149265,47.365
3073,19,5610480060665,48.732
3074,20,5610497114865,39.602
3075,21,5610500156665,45.165
3076,22,5610517060266,33.384
3077,23,5610520259566,42.681
3078,24,5610526746166,39.390
3079,0,5610551218366,31.823
3080,1,5610551563266,37.594
3081,2,5610560767267,39.418
3082,3,5610576276767,28.152
3083,4,5610585034467,26.428
3084,5,5610586932167,33.425
3085,6,5610598116767,26.347
3086,7,5610607689667,23.119
3087,8,5610620178068,22.222
3088,9,5610628890668,18.522
3089,10,5610636957168,24.141
3090,11,5610647718068,22.664
3091,12,5610659014968,17.521
3092,13,5610668159568,12.930
3093,14,5610676532969,12.000
3094,15,5610689470869,10.279
3095,16,5610695667469,11.147
3096,17,5610712566269,8.537
3097,18,5610716715869,15.680
3098,19,5610731161770,9.847
3099,20,5610736414070,8.037
3100,21,5610753038070,7.503
3101,22,5610755575170,20.746
3102,23,5610766940870,14.449
3103,24,5610776110070,16.393
3104,0,5610786672171,9.832
3105,1,5610797891271,5.800
3106,2,5610807956171,9.249
3107,3,5610817577271,3.769
3108,4,5610825724471,15.171
3109,5,5610837761272,9.392
3110,6,5610846094672,7.117
3111,7,5610855340872,5.357
3112,8,5610866202072,8.643
3113,9,5610876909972,5.915
3114,10,5610887202872,7.267
3115,11,5610895407673,3.628
3116,12,5610905256273,6.295
3117,13,5610919002673,4.988
3118,14,5610925828673,8.350
3119,15,5610937787373,4.445
3120,16,5610945304173,4.663
3121,17,5610957703474,4.873
3122,18,5610966648074,6.140
3123,19,5610975538774,6.056
3124,20,5610986247174,4.950
3125,21,5610996979874,7.069
3126,22,5611005424475,4.772
3127,23,5611016278575,6.234
3128,24,5611025621575,6.040
3129,0,5611037194875,11.546
3130,1,5611047332575,5.415
3131,2,5611057542475,5.433
3132,3,5611065643176,7.811
3133,4,5611075820876,6.602
3134,5,5611085212076,3.830
3135,6,5611095642776,7.122
3136,7,5611105382576,4.357
3137,8,5611117452477,10.427
3138,9,5611126663277,6.193
3139,10,5611137119477,4.448
3140,11,5611146131177,6.490
3141,12,5611155360077,7.527
3142,13,5611167174477,13.845
3143,14,5611175879278,10.271
3144,15,5611186348978,5.265
3145,16,5611195409078,10.728
3146,17,5611206542078,10.667
3147,18,5611217146778,6.290
3148,19,5611226391579,5.867
3149,20,5611237041879,7.304
3150,21,5611246731279,4.383
3151,22,5611258190279,6.778
3152,23,5611266788179,7.038
3153,24,5611275813079,7.662
3154,0,5611285339480,4.462
3155,1,5611295340780,8.055
3156,2,5611305140180,5.235
3157,3,5611317544180,5.583
3158,4,5611327076680,5.716
3159,5,5611336845581,5.862
3160,6,5611345626081,8.998
3161,7,5611355263381,4.433
3162,8,5611366445381,11.425
3163,9,5611378067781,7.233
3164,10,5611385937681,11.564
3165,11,5611397061682,5.187
3166,12,5611405853282,10.795
3167,13,5611419998782,7.420
3168,14,5611426128382,9.848
3169,15,5611436644082,5.996
3170,16,5611446493982,7.892
3171,17,5611459339783,12.645
3172,18,5611466368883,8.888
3173,19,5611476289683,9.959
3174,20,5611485854683,4.849
3175,21,5611496478583,8.627
3176,22,5611507009584,13.470
3177,23,5611517429784,8.961
3178,24,5611526790984,8.388
3179,0,5611536761484,7.860
3180,1,5611545240384,3.898
3181,2,5611555504184,5.387
3182,3,5611567086384,10.424
3183,4,5611576615385,6.240
3184,5,5611587165085,6.966
3185,6,5611595897885,4.989
3186,7,5611605931285,8.890
3187,8,5611615411385,12.027
3188,9,5611627199485,6.541
3189,10,5611635771386,3.245
3190,11,5611646252886,6.623
3191,12,5611656243986,5.138
3192,13,5611666988886,6.369
3193,14,5611675295386,3.880
3194,15,5611686553386,6.242
3195,16,5611695591286,7.731
3196,17,5611705510987,3.928
3197,18,5611714948187,3.043
3198,19,5611725882187,6.342
3199,20,5611736428287,6.281
3200,21,5611745586987,8.635
3201,22,5611755336887,4.530
3202,23,5611765163887,5.763
3203,24,5611775642388,5.897
3204,0,5611787034788,5.221
3205,1,5611796430088,5.899
3206,2,5611805063588,6.896
3207,3,5611815162488,5.673
3208,4,5611825494288,5.859
3209,5,5611837040489,4.359
3210,6,5611845500389,4.722
3211,7,5611857916589,4.627
3212,8,5611866778489,7.033
3213,9,5611875577289,3.509
3214,10,5611884991989,5.194
3215,11,5611895455290,5.482
3216,12,5611907404990,4.170
3217,13,5611918456890,3.667
3218,14,5611925764090,3.792
3219,15,5611935209290,3.192
3220,16,5611945775690,9.551
3221,17,5611955666490,12.899
3222,18,5611968161691,3.923
3223,19,5611975757691,6.304
3224,20,5611986695991,3.598
3225,21,5611996763291,5.707
3226,22,5612005215891,4.576
3227,23,5612017029291,5.681
3228,24,5612025735692,7.674
3229,0,5612037499392,4.488
3230,1,5612045867592,9.102
3231,2,5612057176392,6.416
3232,3,5612066363592,6.254
3233,4,5612075826992,3.985
3234,5,5612085490292,3.648
3235,6,5612096533493,6.367
3236,7,5612108389993,4.960
3237,8,5612116224293,6.671
3238,9,5612125289793,3.716
3239,10,5612136629393,6.101
3240,11,5612145967593,7.413
3241,12,5612155520794,13.301
3242,13,5612169011794,5.827
3243,14,5612177342394,9.340
3244,15,5612187448294,6.390
3245,16,5612196789094,9.830
3246,17,5612206101294,3.720
3247,18,5612216140094,4.493
3248,19,5612225484595,4.836
3249,20,5612236998895,2.950
3250,21,5612246019395,5.164
3251,22,5612256274095,6.064
3252,23,5612266235795,6.222
3253,24,5612275470195,4.150
3254,0,5612285213896,4.036
3255,1,5612296666196,8.065
3256,2,5612306421096,4.638
3257,3,5612315287796,6.239
3258,4,5612325981896,5.654
3259,5,5612338581396,6.966
3260,6,5612346458696,6.447
3261,7,5612357059497,3.935
3262,8,5612365253097,3.668
3263,9,5612375533497,8.498
3264,10,5612386291997,14.018
3265,11,5612395629297,10.372
3266,12,5612405493497,4.722
3267,13,5612415244898,5.166
3268,14,5612425389398,6.079
3269,15,5612437465398,4.701
3270,16,5612446745498,9.512
3271,17,5612455133598,5.141
3272,18,5612465406798,7.465
3273,19,5612476669398,6.473
3274,20,5612487454199,5.294
3275,21,5612495252099,4.254
3276,22,5612506227199,5.019
3277,23,5612516092599,6.910
3278,24,5612525504599,5.809
3279,0,5612535919999,4.846
3280,1,5612545491700,4.694
3281,2,5612557115000,5.100
3282,3,5612567863900,3.972
3283,4,5612575650000,6.073
3284,5,5612588426900,8.202
3285,6,5612596482300,8.889
3286,7,5612607430100,8.945
3287,8,5612616570801,6.785
3288,9,5612627261701,5.429
3289,10,5612636533701,4.686
3290,11,5612645345301,8.434
3291,12,5612655342001,4.035
3292,13,5612665272201,4.602
3293,14,5612675624202,5.168
3294,15,5612686324402,3.717
3295,16,5612696440102,7.203
3296,17,5612705431302,5.753
3297,18,5612715735402,8.507
3298,19,5612725254502,4.688
3299,20,5612735229902,3.563
3300,21,5612746884803,11.568
3301,22,5612758311503,8.971
3302,23,5612765765403,7.350
3303,24,5612775966503,4.274
3304,0,5612786772003,3.950
3305,1,5612796175303,7.034
3306,2,5612805203604,4.457
3307,3,5612815398004,5.991
3308,4,5612825898604,5.664
3309,5,5612835919904,5.279
3310,6,5612845371504,3.316
3311,7,5612855009104,4.467
3312,8,5612865408604,5.021
3313,9,5612875961305,4.988
3314,10,5612887795805,5.054
3315,11,5612895358205,3.348
3316,12,5612904991805,6.145
3317,13,5612915953605,5.245
3318,14,5612925457805,4.480
3319,15,5612934971406,3.325
3320,16,5612946545506,9.842
3321,17,5612955176906,4.235
3322,18,5612968279106,3.089
3323,19,5612975161306,4.762
3324,20,5612985773906,6.091
3325,21,5612995441406,4.479
3326,22,5613006420207,4.563
3327,23,5613015314807,3.346
3328,24,5613026787307,10.002
3329,0,5613036498707,4.125
3330,1,5613046754007,11.212
3331,2,5613056914607,4.624
3332,3,5613067422208,9.540
3333,4,5613076750708,5.820
3334,5,5613087039108,7.531
3335,6,5613095576608,4.649
3336,7,5613105306708,10.164
3337,8,5613116302708,6.544
3338,9,5613126196808,8.834
3339,10,5613137437909,5.190
3340,11,5613145258909,5.032
3341,12,5613156091209,5.037
3342,13,5613169263909,5.212
3343,14,5613177617609,12.689
3344,15,5613187525709,10.284
3345,16,5613198023310,10.348
3346,17,5613208982010,4.923
3347,18,5613216432210,6.464
3348,19,5613225386510,4.115
3349,20,5613235817410,4.784
3350,21,5613246094910,8.833
3351,22,5613255623610,5.032
3352,23,5613268269111,5.949
3353,24,5613276541611,6.768
3354,0,5613285860511,7.421
3355,1,5613296407511,7.381
3356,2,5613305317311,5.024
3357,3,5613316821211,7.257
3358,4,5613325560812,13.344
3359,5,5613338434712,5.048
3360,6,5613346418612,9.272
3361,7,5613357117612,5.440
3362,8,5613367272212,19.352
3363,9,5613382223412,12.117
3364,10,5613387433512,14.416
3365,11,5613398906213,12.909
3366,12,5613407072113,10.406
3367,13,5613417293813,7.002
3368,14,5613425704813,4.335
3369,15,5613435261113,6.822
3370,16,5613445340613,9.214
3371,17,5613456633514,5.012
3372,18,5613469056314,5.302
3373,19,5613475525214,7.046
3374,20,5613485680914,5.449
3375,21,5613495878914,10.344
3376,22,5613505989414,4.997
3377,23,5613517980614,6.502
3378,24,5613525571015,6.082
3379,0,5613536704115,6.586
3380,1,5613545399515,5.321
3381,2,5613555948615,5.729
3382,3,5613567922515,10.703
3383,4,5613579774415,8.213
3384,5,5613588101216,4.647
3385,6,5613596564016,9.516
3386,7,5613608362516,7.144
3387,8,5613619018116,7.097
3388,9,5613627796716,5.827
3389,10,5613636796116,6.353
3390,11,5613645571216,5.919
3391,12,5613657074117,6.208
3392,13,5613665274117,3.207
3393,14,5613675826017,5.468
3394,15,5613688251317,4.114
3395,16,5613695492017,7.489
3396,17,5613705027517,4.350
3397,18,5613717070418,4.863
3398,19,5613725397018,4.473
3399,20,5613737449018,3.407
3400,21,5613745817818,7.454
3401,22,5613755224718,6.364
3402,23,5613767224218,4.835
3403,24,5613779264519,5.880
3404,0,5613785840919,6.543
3405,1,5613796348219,9.869
3406,2,5613806837819,5.809
3407,3,5613815940419,7.239
3408,4,5613827798019,5.668
3409,5,5613837524219,6.624
3410,6,5613845651220,5.964
3411,7,5613858529220,6.681
3412,8,5613866646120,6.099
3413,9,5613875322220,4.832
3414,10,5613889090120,4.544
3415,11,5613895343220,4.782
3416,12,5613905843620,4.432
3417,13,5613917673521,4.463
3418,14,5613927324521,3.656
3419,15,5613939551321,4.659
3420,16,5613947566421,5.962
3421,17,5613956240821,4.296
3422,18,5613969682821,3.945
3423,19,5613976726522,6.420
3424,20,5613986537522,6.418
3425,21,5613995456522,5.667
3426,22,5614006515522,5.461
3427,23,5614016416622,6.600
3428,24,5614025887322,4.597
3429,0,5614035681322,3.906
3430,1,5614047054223,6.676
3431,2,5614055244423,4.691
3432,3,5614067055823,3.277
3433,4,5614075368523,11.918
3434,5,5614086798223,5.623
3435,6,5614096732423,5.531
3436,7,5614104885824,4.835
3437,8,5614117145224,3.258
3438,9,5614125482324,6.222
3439,10,5614135743424,5.601
3440,11,5614145469624,5.192
3441,12,5614155414724,5.902
3442,13,5614165531524,11.061
3443,14,5614175893225,15.441
3444,15,5614186255525,18.643
3445,16,5614198066425,10.431
3446,17,5614206466825,18.308
3447,18,5614215373825,24.853
3448,19,5614226630925,28.578
3449,20,5614238217526,33.298
3450,21,5614245653426,39.574
3451,22,5614255571826,33.244
3452,23,5614269283726,35.511
3453,24,5614275581226,45.141
3454,0,5614286421526,49.693
3455,1,5614296432926,56.585
3456,2,5614306272327,75.232
3457,3,5614320451227,64.544
3458,4,5614349450527,51.465
3459,5,5614351554627,62.502
3460,6,5614353356927,76.570
3461,7,5614365008328,78.530
3462,8,5614368724528,79.935
3463,9,5614381018428,81.349
3464,10,5614385383928,94.611
3465,11,5614412923128,78.068
3466,12,5614413112028,81.650
3467,13,5614415968328,92.542
3468,14,5614445620129,78.163
3469,15,5614445760429,80.645
3470,16,5614445978129,85.249
3471,17,5614465093229,82.980
3472,18,5614466625629,81.467
3473,19,5614480881429,82.127
3474,20,5614492683929,70.346
3475,21,5614495438230,72.265
3476,22,5614515638630,52.123
3477,23,5614521689330,55.162
3478,24,5614526826730,50.525
3479,0,5614536535930,42.818
3480,1,5614551528930,39.228
3481,2,5614570658031,20.120
3482,3,5614572956531,27.145
3483,4,5614578313531,21.808
3484,5,5614588751731,13.912
3485,6,5614597166031,7.163
3486,7,5614609537531,12.983
3487,8,5614619162431,26.918
3488,9,5614632971532,32.566
3489,10,5614651539132,23.123
3490,11,5614660160432,16.421
3491,12,5614669431732,17.531
3492,13,5614670370932,28.626
3493,14,5614683855232,15.183
3494,15,5614691646333,15.757
3495,16,5614696266933,11.157
3496,17,5614707645233,12.329
3497,18,5614724537633,12.913
3498,19,5614727370733,11.868
3499,20,5614737305633,4.819
3500,21,5614754052434,9.256
3501,22,5614770808534,9.278
3502,23,5614774346334,5.760
3503,24,5614780607434,11.222
3504,0,5614790356834,7.778
3505,1,5614796207834,5.324
3506,2,5614805335434,5.944
3507,3,5614816128034,6.397
3508,4,5614826691935,11.748
3509,5,5614839922335,6.865
3510,6,5614845612635,5.973
3511,7,5614857711335,4.485
3512,8,5614865028735,3.883
3513,9,5614876230535,7.192
3514,10,5614886729536,6.414
3515,11,5614895123436,3.843
3516,12,5614905350136,4.481
3517,13,5614915746936,9.187
3518,14,5614925367036,9.114
3519,15,5614937499236,4.493
3520,16,5614945912636,6.680
3521,17,5614958254537,5.005
3522,18,5614968733737,6.600
3523,19,5614975435637,3.579
3524,20,5614985217337,3.361
3525,21,5615002971537,4.693
3526,22,5615006063137,4.318
3527,23,5615018323738,3.956
3528,24,5615026303538,6.081
3529,0,5615037609638,5.011
3530,1,5615047281338,8.537
3531,2,5615056497538,5.190
3532,3,5615066579538,6.352
3533,4,5615075638438,6.561
3534,5,5615085425339,4.189
3535,6,5615096257039,7.158
3536,7,5615105088139,7.915
3537,8,5615118737439,5.381
3538,9,5615125612239,5.698
3539,10,5615137484539,4.726
3540,11,5615146405940,7.316
3541,12,5615157000540,10.130
3542,13,5615175496640,13.744
3543,14,5615180327440,9.751
3544,15,5615188076040,4.786
3545,16,5615195774340,13.740
3546,17,5615210526841,10.091
3547,18,5615216861941,8.173
3548,19,5615226304241,4.455
3549,20,5615236066641,6.995
3550,21,5615247913741,8.188
3551,22,5615257100041,7.934
3552,23,5615270181441,5.527
3553,24,5615275341542,4.121
3554,0,5615286660742,5.703
3555,1,5615295807642,8.043
3556,2,5615306682442,6.278
3557,3,5615316915042,7.225
3558,4,5615325522842,6.327
3559,5,5615335171042,5.121
3560,6,5615347314343,5.815
3561,7,5615356487443,7.746
3562,8,5615367763343,6.162
3563,9,5615375540943,13.805
3564,10,5615389588443,5.951
3565,11,5615396106143,14.788
3566,12,5615406875144,8.811
3567,13,5615416489644,12.604
3568,14,5615427168344,9.090
3569,15,5615437286544,7.144
3570,16,5615445756644,12.351
3571,17,5615456241844,14.452
3572,18,5615470752245,7.708
3573,19,5615479060645,11.303
3574,20,5615487062145,4.708
3575,21,5615499049345,7.319
3576,22,5615506592845,20.565
3577,23,5615517974645,16.760
3578,24,5615525850545,8.909
3579,0,5615537078446,5.178
3580,1,5615547188346,10.490
3581,2,5615556382046,6.629
3582,3,5615567901446,5.876
3583,4,5615578671446,6.866
3584,5,5615586375946,7.632
3585,6,5615595229046,5.725
3586,7,5615605171847,5.336
3587,8,5615615728947,11.357
3588,9,5615626418647,6.252
3589,10,5615637287047,8.383
3590,11,5615645663347,8.396
3591,12,5615656489047,5.035
3592,13,5615666145148,4.224
3593,14,5615675461448,10.194
3594,15,5615687080548,4.779
3595,16,5615696162248,9.716
3596,17,5615706017348,7.129
3597,18,5615719652348,7.760
3598,19,5615726346148,6.820
3599,20,5615741189849,8.887
3600,21,5615746312249,4.301
3601,22,5615756216949,7.668
3602,23,5615766722249,5.338
3603,24,5615775648249,5.561
3604,0,5615785138949,4.138
3605,1,5615795275750,6.808
3606,2,5615805150250,5.336
3607,3,5615816821650,14.819
3608,4,5615831245950,7.591
3609,5,5615836789050,7.176
3610,6,5615845771050,4.499
3611,7,5615855896150,6.284
3612,8,5615866632951,5.058
3613,9,5615878004851,6.230
3614,10,5615887187751,4.478
3615,11,5615895252851,3.333
3616,12,5615905969951,4.022
3617,13,5615915973851,5.907
3618,14,5615925648452,7.791
3619,15,5615934963652,3.681
3620,16,5615945152652,5.426
3621,17,5615957126352,4.172
3622,18,5615967323452,3.313
3623,19,5615976106352,4.133
3624,20,5615986150852,11.628
3625,21,5615996361653,9.118
3626,22,5616010686753,6.946
3627,23,5616016587053,12.413
3628,24,5616025372253,6.229
3629,0,5616038049353,4.657
3630,1,5616046360253,5.077
3631,2,5616055075654,5.254
3632,3,5616067007254,8.761
3633,4,5616075772554,5.668
3634,5,5616085986654,5.454
3635,6,5616096228554,6.860
3636,7,5616107668454,5.385
3637,8,5616115993154,8.548
3638,9,5616125524655,4.916
3639,10,5616137189155,4.959
3640,11,5616146545755,7.221
3641,12,5616155533255,9.811
3642,13,5616168277455,15.054
3643,14,5616175871055,14.966
3644,15,5616190779056,6.708
3645,16,5616205640556,6.872
3646,17,5616208754656,6.422
3647,18,5616215320756,4.540
3648,19,5616228735656,8.334
3649,20,5616236849156,13.665
3650,21,5616247654357,8.596
3651,22,5616255958457,9.810
3652,23,5616269503057,6.582
3653,24,5616285998857,11.376
3654,0,5616290212457,7.374
3655,1,5616296678357,4.383
3656,2,5616306058757,13.277
3657,3,5616317549158,7.847
3658,4,5616325984958,4.759
3659,5,5616335874158,5.241
3660,6,5616352691158,14.134
3661,7,5616358699658,17.517
3662,8,5616372708458,8.394
3663,9,5616376156058,9.229
3664,10,5616390878959,17.432
3665,11,5616406704659,5.460
3666,12,5616407399559,13.012
3667,13,5616425349659,7.723
3668,14,5616426436359,9.486
3669,15,5616440575259,9.189
3670,16,5616446906960,9.639
3671,17,5616456026260,13.958
3672,18,5616470685460,8.039
3673,19,5616479344560,13.647
3674,20,5616491512260,17.785
3675,21,5616497599360,15.647
3676,22,5616512041861,7.146
3677,23,5616517851861,16.528
3678,24,5616539021661,11.727
3679,0,5616539413461,11.427
3680,1,5616546042661,11.279
3681,2,5616565707061,22.073
3682,3,5616572833362,14.969
3683,4,5616577761662,14.838
3684,5,5616588873662,6.531
3685,6,5616598768762,17.472
3686,7,5616615727362,13.447
3687,8,5616621192862,15.387
3688,9,5616627945062,14.612
3689,10,5616638380863,16.360
3690,11,5616662208563,13.440
3691,12,5616663060763,13.925
3692,13,5616666276963,17.631
3693,14,5616680561363,5.388
3694,15,5616693605263,8.616
3695,16,5616697218663,7.826
3696,17,5616707661564,13.437
3697,18,5616717496564,20.907
3698,19,5616741640964,20.875
3699,20,5616742775664,19.769
3700,21,5616746985264,17.217
3701,22,5616755849364,11.276
3702,23,5616766472864,29.986
3703,24,5616785133965,15.894
3704,0,5616788262065,25.328
3705,1,5616797400065,16.249
3706,2,5616805708065,23.463
3707,3,5616816429165,20.823
3708,4,5616827176965,10.463
3709,5,5616841374766,8.809
3710,6,5616848789866,10.095
3711,7,5616862988266,20.619
3712,8,5616869416666,14.298
3713,9,5616883434666,14.056
3714,10,5616885839366,12.553
3715,11,5616898989667,7.361
3716,12,5616914467667,10.094
3717,13,5616915892867,8.697
3718,14,5616929717667,7.565
3719,15,5616936630067,7.052
3720,16,5616945487367,12.641
3721,17,5616956377967,8.195
3722,18,5616965530368,3.593
3723,19,5616976456568,6.051
3724,20,5616987440768,7.806
3725,21,5616996137468,13.543
3726,22,5617007143168,8.211
3727,23,5617015433968,10.160
3728,24,5617025784868,6.200
3729,0,5617036272069,4.787
3730,1,5617046677469,6.563
3731,2,5617057868369,25.736
3732,3,5617070758669,12.872
3733,4,5617081824569,9.679
3734,5,5617085925669,11.217
3735,6,5617095975870,14.983
3736,7,5617110084270,9.291
3737,8,5617116759570,9.301
3738,9,5617131382670,8.449
3739,10,5617136153470,13.246
3740,11,5617146130570,9.100
3741,12,5617156740471,8.049
3742,13,5617166689471,10.393
3743,14,5617175573271,12.653
3744,15,5617186775371,8.491
3745,16,5617199938871,9.992
3746,17,5617206643671,7.649
3747,18,5617217490171,12.689
3748,19,5617227342272,6.128
3749,20,5617244854372,5.475
3750,21,5617246762372,4.562
3751,22,5617257729372,15.809
3752,23,5617271501272,7.194
3753,24,5617275518972,6.956
3754,0,5617288195273,4.827
3755,1,5617295330873,4.595
3756,2,5617305971573,5.933
3757,3,5617316170973,9.970
3758,4,5617326517173,5.994
3759,5,5617337690773,4.551
3760,6,5617345125873,4.830
3761,7,5617355227574,5.067
3762,8,5617367150774,15.565
3763,9,5617375959574,11.437
3764,10,5617390299174,13.925
3765,11,5617396478274,9.206
3766,12,5617415423674,10.870
3767,13,5617420350275,12.197
3768,14,5617426921375,9.997
3769,15,5617437172075,5.268
3770,16,5617445609175,7.376
3771,17,5617460729875,6.367
3772,18,5617466440475,7.016
3773,19,5617480551075,10.675
3774,20,5617487061976,11.200
3775,21,5617495685976,5.909
3776,22,5617506507876,4.793
3777,23,5617515516976,10.427
3778,24,5617525948476,7.961
3779,0,5617536748476,7.982
3780,1,5617545357176,3.623
3781,2,5617561018277,6.756
3782,3,5617568497677,8.345
3783,4,5617576153977,6.772
3784,5,5617587701277,5.056
3785,6,5617601380077,8.822
3786,7,5617605681377,5.203
3787,8,5617615899578,7.143
3788,9,5617625870578,5.963
3789,10,5617636637178,9.847
3790,11,5617645792978,6.769
3791,12,5617656369478,4.417
3792,13,5617665195678,4.097
3793,14,5617675620278,9.818
3794,15,5617688375279,11.703
3795,16,5617698879879,8.158
3796,17,5617706689479,7.894
3797,18,5617715793079,14.280
3798,19,5617726085679,6.365
3799,20,5617737691079,6.624
3800,21,5617746200080,7.804
3801,22,5617755108080,5.716
3802,23,5617765514880,4.959
3803,24,5617776569080,4.639
3804,0,5617785668680,7.989
3805,1,5617795860880,6.183
3806,2,5617809029781,11.187
3807,3,5617829410981,12.067
3808,4,5617830346281,13.482
3809,5,5617841275781,20.129
3810,6,5617846629581,14.808
3811,7,5617875226582,13.963
3812,8,5617876223082,16.140
3813,9,5617876741182,28.799
3814,10,5617892216182,15.896
3815,11,5617896239982,19.367
3816,12,5617908142782,9.232
3817,13,5617915863982,11.312
3818,14,5617929251482,8.061
3819,15,5617935491582,17.793
3820,16,5617951326383,14.719
3821,17,5617956107983,9.956
3822,18,5617965733083,11.396
3823,19,5617977952783,6.449
3824,20,5617995000283,6.817
3825,21,5617998042883,18.931
3826,22,5618008385884,10.100
3827,23,5618015934884,4.861
3828,24,5618027821884,5.556
3829,0,5618040124984,10.398
3830,1,5618046295184,7.664
3831,2,5618056282284,4.894
3832,3,5618066597485,10.619
3833,4,5618078286385,4.821
3834,5,5618087447285,5.892
3835,6,5618098423885,11.652
3836,7,5618109332585,7.566
3837,8,5618118993985,6.154
3838,9,5618127197685,8.044
3839,10,5618135845486,5.219
3840,11,5618148096086,10.419
3841,12,5618158947586,9.051
3842,13,5618166782586,8.712
3843,14,5618177394286,7.372
3844,15,5618186854786,9.525
3845,16,5618200951587,10.800
3846,17,5618205592287,9.578
3847,18,5618216638687,14.192
3848,19,5618227985087,15.392
3849,20,5618237196287,10.376
3850,21,5618250546587,16.539
3851,22,5618261425788,7.898
3852,23,5618269064488,9.200
3853,24,5618278017388,6.479
3854,0,5618286121888,3.874
3855,1,5618295470188,8.592
3856,2,5618305393388,5.911
3857,3,5618317185188,4.439
3858,4,5618327109989,4.356
3859,5,5618337199289,4.620
3860,6,5618345406089,7.982
3861,7,5618357854289,17.124
3862,8,5618368191689,14.292
3863,9,5618376428589,9.400
3864,10,5618385380189,4.850
3865,11,5618397000790,12.928
3866,12,5618411811190,8.030
3867,13,5618417495790,7.947
3868,14,5618428311590,14.016
3869,15,5618435366190,10.383
3870,16,5618445513090,7.661
3871,17,5618455502190,11.328
3872,18,5618468068591,4.641
3873,19,5618476860291,5.770
3874,20,5618486189191,7.733
3875,21,5618498559291,10.176
3876,22,5618506119891,4.591
3877,23,5618520612392,8.520
3878,24,5618525869292,7.193
3879,0,5618535637492,6.272
3880,1,5618551151192,12.972
3881,2,5618560888692,15.869
3882,3,5618567994892,8.837
3883,4,5618578674392,8.531
3884,5,5618586178793,4.439
3885,6,5618600127293,8.770
3886,7,5618606006493,6.997
3887,8,5618616681193,9.142
3888,9,5618626795893,5.152
3889,10,5618635191593,6.291
3890,11,5618645193993,6.035
3891,12,5618655665994,10.425
3892,13,5618666239994,9.095
3893,14,5618676190594,5.824
3894,15,5618685818094,10.559
3895,16,5618695916794,7.544
3896,17,5618705352694,4.983
3897,18,5618715328894,8.481
3898,19,5618725963895,6.457
3899,20,5618736698395,8.291
3900,21,5618745443495,3.834
3901,22,5618755466595,5.786
3902,23,5618765722095,12.046
3903,24,5618777737895,13.321
