0,17,769241357472,25.736
1,18,769262990272,24.172
2,19,769283100772,21.562
3,20,769301463573,12.968
4,21,769320225573,17.366
5,22,769342571073,11.840
6,23,769361973173,12.075
7,24,769382101373,12.465
8,0,769402749474,12.084
9,1,769424822274,15.690
10,2,769444223974,13.241
11,3,769463251674,13.939
12,4,769482021374,14.366
13,5,769504435775,13.160
14,6,769523226775,13.586
15,7,769541408075,13.462
16,8,769562470475,12.725
17,9,769582328375,14.094
18,10,769603119176,11.557
19,11,769622010876,12.413
20,12,769642361076,12.320
21,13,769662564576,12.201
22,14,769682661677,13.615
23,15,769701179377,16.268
24,16,769723378777,13.177
25,17,769741066277,12.362
26,18,769762497877,14.157
27,19,769781853878,12.955
28,20,769803795279,17.184
29,21,769822380979,15.995
30,22,769842635580,14.395
31,23,769861862580,14.863
32,24,769883800781,12.635
33,0,769901125981,16.968
34,1,769923577582,14.482
35,2,769943614883,13.884
36,3,769963641083,13.654
37,4,769983505584,13.302
38,5,770003367284,14.697
39,6,770021152685,14.152
40,7,770043474186,12.798
41,8,770062114186,13.740
42,9,770083179587,13.488
43,10,770104233087,13.883
44,11,770123508688,13.553
45,12,770142094688,14.581
46,13,770163635189,14.008
47,14,770183497190,13.620
48,15,770203452690,15.836
49,16,770224946991,14.503
50,17,770241870891,15.285
51,18,770263906092,13.759
52,19,770283701392,12.472
53,20,770303171493,11.857
54,21,770323657494,12.323
55,22,770341895494,13.813
56,23,770362678995,12.615
57,24,770382243295,15.733
58,0,770402371796,14.768
59,1,770424688397,13.861
60,2,770442607797,13.856
61,3,770462441298,16.463
62,4,770486503498,15.719
63,5,770503184399,17.143
64,6,770525826400,16.794
65,7,770546173200,16.883
66,8,770566327701,18.009
67,9,770586339101,18.225
68,10,770605930102,18.022
69,11,770625980402,15.550
70,12,770643917603,15.851
71,13,770666343104,28.351
72,14,770692554604,17.606
73,15,770705060605,17.725
74,16,770726413905,16.662
75,17,770746814706,14.527
76,18,770766731607,16.426
77,19,770787811307,32.530
78,20,770810820708,23.285
79,21,770833199408,29.296
80,22,770851222409,22.578
81,23,770869799210,26.731
82,24,770893496010,33.259
83,0,770909489311,25.082
84,1,770947592512,32.175
85,2,770958361312,27.729
86,3,770966825112,29.362
87,4,770989313713,23.552
88,5,771004689713,23.016
89,6,771023672414,16.249
90,7,771044855015,16.232
91,8,771063589815,18.664
92,9,771092584916,20.766
93,10,771104704416,21.511
94,11,771124568917,13.723
95,12,771142874217,13.068
96,13,771161688918,13.116
97,14,771183114519,13.624
98,15,771202573019,13.234
99,16,771223974620,13.251
100,17,771241888920,10.934
101,18,771261059221,10.889
102,19,771280890221,11.996
103,20,771301111122,11.958
104,21,771321389223,9.865
105,22,771340224623,11.308
106,23,771360710224,11.124
107,24,771381211524,12.975
108,0,771404556825,15.060
109,1,771427477226,16.908
110,2,771444155826,13.787
111,3,771461527627,13.895
112,4,771481245927,13.994
113,5,771500672828,14.322
114,6,771521595328,9.604
115,7,771540785329,11.475
116,8,771560444930,10.614
117,9,771580523730,11.509
118,10,771600660631,11.853
119,11,771621530031,9.300
120,12,771640324332,11.415
121,13,771660599832,11.045
122,14,771680184633,12.942
123,15,771700988834,12.336
124,16,771721292434,9.188
125,17,771741566735,11.980
126,18,771760122735,9.819
127,19,771780062436,13.122
128,20,771800729737,14.593
129,21,771821895837,10.372
130,22,771840786238,10.470
131,23,771860041638,12.877
132,24,771880455539,10.450
133,0,771901805339,11.401
134,1,771922373040,16.278
135,2,771941955941,12.037
136,3,771960942841,14.202
137,4,771980390042,13.264
138,5,772002562342,12.061
139,6,772023603943,9.941
140,7,772043480944,28.979
141,8,772065648144,19.714
142,9,772081780145,14.024
143,10,772101506345,12.954
144,11,772122549746,19.203
145,12,772144061846,19.192
146,13,772161408347,15.158
147,14,772181263348,13.078
148,15,772200621548,12.095
149,16,772221103849,12.580
150,17,772240810749,14.621
151,18,772260973450,10.402
152,19,772279822150,11.649
153,20,772300406151,10.729
154,21,772320592852,13.438
155,22,772339925652,11.340
156,23,772360211453,13.269
157,24,772380299753,12.932
158,0,772401009354,10.944
159,1,772420411255,10.385
160,2,772439832455,10.525
161,3,772460072956,10.274
162,4,772480962356,21.079
163,5,772502576857,14.177
164,6,772524479958,14.049
165,7,772541642658,12.435
166,8,772562078459,29.249
167,9,772595507360,21.962
168,10,772604999260,18.302
169,11,772626592360,16.331
170,12,772648683161,15.960
171,13,772662384662,15.064
172,14,772682384862,15.659
173,15,772702421563,18.629
174,16,772724553763,13.078
175,17,772742354564,12.808
176,18,772761092864,14.130
177,19,772780622165,11.400
178,20,772801242966,11.209
179,21,772821113266,10.317
180,22,772840459067,12.027
181,23,772860905467,10.836
182,24,772880550068,11.260
183,0,772900615968,10.400
184,1,772921668269,17.580
185,2,772942049770,14.867
186,3,772961581870,13.644
187,4,772982611171,16.001
188,5,773002451171,14.980
189,6,773022717872,15.797
190,7,773043650473,18.325
191,8,773062639373,21.198
192,9,773085861674,26.465
193,10,773103433974,23.422
194,11,773125151175,20.941
195,12,773146906376,25.857
196,13,773171356576,26.547
197,14,773192169477,32.429
198,15,773204230477,33.972
199,16,773229891078,23.899
200,17,773244870678,17.531
201,18,773262602279,18.318
202,19,773282673580,24.946
203,20,773306761280,19.499
204,21,773327569481,18.790
205,22,773343572881,20.179
206,23,773365959582,23.496
207,24,773383827182,19.805
208,0,773401122483,13.131
209,1,773423249284,10.153
210,2,773440472184,18.834
211,3,773464270185,24.846
212,4,773488334985,20.920
213,5,773506566486,14.989
214,6,773528412187,13.414
215,7,773542600387,15.415
216,8,773561591188,13.211
217,9,773583969888,12.478
218,10,773602421189,10.157
219,11,773621275289,13.517
220,12,773640623690,10.937
221,13,773660744390,13.490
222,14,773682544091,18.354
223,15,773702605492,17.893
224,16,773722821492,21.435
225,17,773743063893,23.303
226,18,773769391494,25.263
227,19,773782785694,27.528
228,20,773803262195,22.257
229,21,773824979995,14.173
230,22,773844257596,14.193
231,23,773860816296,15.478
232,24,773880463897,28.951
233,0,773903472898,24.510
234,1,773928554498,27.189
235,2,773947323699,26.261
236,3,773970013799,23.724
237,4,773987382900,18.172
238,5,774006838501,27.306
239,6,774027676701,24.771
240,7,774044170602,17.630
241,8,774061412902,21.665
242,9,774086859403,25.233
243,10,774103266903,20.623
244,11,774122267204,12.213
245,12,774141334004,10.769
246,13,774160263005,10.951
247,14,774181851506,14.778
248,15,774204648406,21.192
249,16,774225370107,19.974
250,17,774245668807,25.349
251,18,774270965208,29.395
252,19,774289424509,27.877
253,20,774306079309,22.310
254,21,774324639910,21.701
255,22,774344253110,23.847
256,23,774365266611,32.929
257,24,774385683212,24.677
258,0,774403932612,18.312
259,1,774423200813,18.627
260,2,774440864213,18.180
261,3,774462306714,20.731
262,4,774484253314,20.496
263,5,774505878015,18.898
264,6,774525107216,26.587
265,7,774549613316,34.267
266,8,774570211117,23.054
267,9,774586078517,23.218
268,10,774605444718,25.678
269,11,774629462219,28.129
270,12,774652337819,23.084
271,13,774670872120,24.824
272,14,774693178120,28.996
273,15,774704172421,22.523
274,16,774725487021,19.304
275,17,774743225022,19.799
276,18,774764683223,17.622
277,19,774789844123,21.668
278,20,774814234824,37.386
279,21,774838498425,31.439
280,22,774853120325,26.761
281,23,774870501226,26.855
282,24,774889143326,30.890
283,0,774904425127,23.276
284,1,774926564227,31.103
285,2,774948091928,26.646
286,3,774968741428,22.442
287,4,774989464229,28.063
288,5,775006110630,23.594
289,6,775025519930,21.146
290,7,775045915531,20.579
291,8,775064109131,18.278
292,9,775083165532,26.164
293,10,775104673732,24.628
294,11,775125677833,16.142
295,12,775141972233,13.019
296,13,775160410034,16.436
297,14,775181914335,23.950
298,15,775204648335,20.115
299,16,775229594236,28.833
300,17,775246052137,27.023
301,18,775274818537,25.103
302,19,775289601638,24.458
303,20,775303563838,24.254
304,21,775329169139,19.867
305,22,775346548839,15.609
306,23,775363851440,18.513
307,24,775389442441,20.113
308,0,775407931741,39.800
309,1,775429800442,38.243
310,2,775460962843,26.653
311,3,775470565343,36.550
312,4,775491369444,27.736
313,5,775510322244,20.106
314,6,775523962845,21.550
315,7,775542272045,28.100
316,8,775571451246,24.280
317,9,775584215946,20.237
318,10,775601973447,16.483
319,11,775622348647,12.430
320,12,775640279048,16.851
321,13,775660413349,10.357
322,14,775683941649,13.396
323,15,775701243650,11.784
324,16,775719960850,12.976
325,17,775746885751,30.373
326,18,775770591352,24.002
327,19,775785143252,23.469
328,20,775805580753,25.015
329,21,775826447053,25.589
330,22,775851188354,32.621
331,23,775872826755,31.390
332,24,775887896855,24.587
333,0,775907739456,26.942
334,1,775933506956,26.763
335,2,775955554757,28.390
336,3,775968877857,30.606
337,4,775995477558,36.173
338,5,776006960659,29.660
339,6,776028295859,18.116
340,7,776041740560,17.344
341,8,776060273760,10.677
342,9,776080066661,12.570
343,10,776100318461,12.433
344,11,776120955762,10.629
345,12,776140619862,9.649
346,13,776160881263,10.288
347,14,776180582264,10.370
348,15,776200844864,10.185
349,16,776221329265,11.473
350,17,776240839065,11.470
351,18,776260577866,10.975
352,19,776280553167,11.370
353,20,776301072667,18.685
354,21,776323540468,17.338
355,22,776344632968,26.200
356,23,776362659169,23.320
357,24,776387231270,25.904
358,0,776404972170,22.332
359,1,776424498471,22.790
360,2,776448634371,24.048
361,3,776470111572,24.039
362,4,776487351973,22.680
363,5,776502964873,19.190
364,6,776524490074,21.974
365,7,776546686274,20.600
366,8,776563814875,20.496
367,9,776584212075,17.151
368,10,776605185876,17.344
369,11,776626104677,19.802
370,12,776646496877,28.069
371,13,776668390078,25.975
372,14,776688660878,24.512
373,15,776706731279,23.598
374,16,776727375879,32.661
375,17,776748165580,22.718
376,18,776767548581,19.170
377,19,776785263981,20.849
378,20,776805941082,22.373
379,21,776828418482,18.439
380,22,776843558983,16.935
381,23,776862132583,20.839
382,24,776885273084,28.619
383,0,776903997785,25.463
384,1,776927509885,26.876
385,2,776948791286,28.959
386,3,776965889386,23.449
387,4,776985875287,20.558
388,5,777013851988,23.967
389,6,777027245988,26.660
390,7,777049668389,20.389
391,8,777063091089,29.580
392,9,777085382490,33.466
393,10,777110780691,27.914
394,11,777129484791,33.684
395,12,777152860492,34.027
396,13,777171512292,24.014
397,14,777189713293,17.741
398,15,777204260893,15.488
399,16,777224721694,13.696
400,17,777243148194,13.262
401,18,777262409695,14.548
402,19,777285065096,12.380
403,20,777301125096,10.570
404,21,777320494597,11.552
405,22,777340876897,11.455
406,23,777360185898,11.866
407,24,777380721598,11.118
408,0,777401402699,11.499
409,1,777420829300,10.158
410,2,777441105600,9.981
411,3,777460091801,10.350
412,4,777480099401,9.916
413,5,777499928302,10.274
414,6,777520295503,9.796
415,7,777540621203,12.605
416,8,777560293104,10.279
417,9,777580164804,10.122
418,10,777600541605,9.485
419,11,777620453405,9.163
420,12,777639881306,9.315
421,13,777660088607,9.366
422,14,777679797307,10.559
423,15,777700339908,9.559
424,16,777719992408,10.628
425,17,777740173609,10.252
426,18,777760179509,9.802
427,19,777779972310,10.525
428,20,777800454312,9.852
429,21,777820219313,9.158
430,22,777840273914,10.018
431,23,777860254715,10.487
432,24,777880236917,14.529
433,0,777900795118,11.942
434,1,777921333719,13.351
435,2,777941319121,12.692
436,3,777961970422,11.350
437,4,777981063123,11.625
438,5,778000810524,10.518
439,6,778020606626,10.023
440,7,778040324627,13.059
441,8,778060554528,10.109
442,9,778080483430,10.401
443,10,778100388531,10.678
444,11,778120562132,10.532
445,12,778140434933,10.209
446,13,778160734635,10.682
447,14,778180212436,11.085
448,15,778201466637,11.501
449,16,778221019338,11.150
450,17,778241046040,11.502
451,18,778260053041,10.845
452,19,778281036842,10.086
453,20,778301686044,9.777
454,21,778320406045,9.949
455,22,778340025546,9.770
456,23,778359845747,9.428
457,24,778380173549,9.633
458,0,778400089950,9.240
459,1,778419821651,9.506
460,2,778439960453,9.256
461,3,778460041954,9.244
462,4,778480038455,9.621
463,5,778500446456,8.640
464,6,778520221058,8.789
465,7,778539893159,9.096
466,8,778559824860,9.623
467,9,778579910361,9.665
468,10,778600456463,10.404
469,11,778620481664,10.073
470,12,778639972365,10.021
471,13,778659942167,9.306
472,14,778679922468,9.105
473,15,778700321569,8.731
474,16,778720380670,9.927
475,17,778740390472,10.011
476,18,778760068273,9.562
477,19,778780121174,9.172
478,20,778800432176,9.798
479,21,778820263677,9.712
480,22,778840575178,9.705
481,23,778860103579,9.633
482,24,778880057981,9.649
483,0,778900246382,9.274
484,1,778921519383,14.224
485,2,778941027285,11.159
486,3,778960158286,10.728
487,4,778979869087,10.666
488,5,779000676488,9.463
489,6,779019937690,9.305
490,7,779040946191,12.107
491,8,779059898092,10.587
492,9,779080051493,9.758
493,10,779101902895,9.942
494,11,779120345696,9.384
495,12,779140580397,9.869
496,13,779159972399,9.906
497,14,779180565400,9.547
498,15,779200582901,9.252
499,16,779219862502,9.781
500,17,779239898904,10.536
501,18,779260245905,12.247
502,19,779280665406,12.482
503,20,779304817208,9.787
504,21,779321653409,10.084
505,22,779341259610,10.482
506,23,779360324811,11.625
507,24,779380706613,10.912
508,0,779400988414,11.544
509,1,779420586315,10.868
510,2,779440555416,11.320
511,3,779460520618,11.503
512,4,779479838819,9.662
513,5,779500093520,9.490
514,6,779520027422,9.729
515,7,779539993023,9.811
516,8,779559795024,9.723
517,9,779580144425,9.850
518,10,779600862027,9.338
519,11,779619860828,9.103
520,12,779640173429,9.900
521,13,779660273931,10.144
522,14,779680301732,10.325
523,15,779700699133,10.017
524,16,779720261234,9.387
525,17,779740626736,9.633
526,18,779759951137,10.281
527,19,779779989138,10.854
528,20,779800734740,9.816
529,21,779820598141,10.400
530,22,779840780042,10.287
531,23,779859922943,11.173
532,24,779880341045,10.100
533,0,779900872546,9.561
534,1,779920972547,10.897
535,2,779940990448,10.976
536,3,779959921650,10.024
537,4,779980140951,11.487
538,5,780000494152,10.131
539,6,780020618654,9.320
540,7,780040127555,9.895
541,8,780060267456,10.001
542,9,780079873357,9.980
543,10,780100877359,9.572
544,11,780120317860,8.955
545,12,780140198661,9.253
546,13,780159905362,9.254
547,14,780180195064,9.007
548,15,780200314765,9.234
549,16,780220118766,9.707
550,17,780240337768,8.985
551,18,780260117269,9.411
552,19,780280072470,9.961
553,20,780300114471,9.195
554,21,780319751973,8.721
555,22,780340199474,11.077
556,23,780365095376,9.860
557,24,780380329577,9.348
558,0,780400621578,10.463
559,1,780420522079,8.753
560,2,780440070080,9.954
561,3,780460205582,10.089
562,4,780480558783,9.907
563,5,780500489784,11.331
564,6,780521234986,12.859
565,7,780540999287,11.598
566,8,780560626588,12.624
567,9,780580448789,10.737
568,10,780601138991,9.803
569,11,780620383792,10.670
570,12,780640132693,10.777
571,13,780660292294,10.022
572,14,780680312096,12.949
573,15,780701367997,15.456
574,16,780721697298,23.116
575,17,780745707600,23.152
576,18,780769087801,31.702
577,19,780787320403,26.260
578,20,780806639804,22.212
579,21,780824936305,17.048
580,22,780844298806,14.446
581,23,780861428207,10.819
582,24,780880395509,9.574
583,0,780900790710,9.255
584,1,780923585211,11.746
585,2,780940414612,10.781
586,3,780960648514,10.093
587,4,780980023315,9.761
588,5,781000579316,9.398
589,6,781019976117,9.411
590,7,781039858619,9.847
591,8,781059924020,9.390
592,9,781080710221,16.107
593,10,781101299923,10.627
594,11,781121609524,12.524
595,12,781141091625,11.445
596,13,781160531726,12.220
597,14,781180801728,20.547
598,15,781201737129,11.072
599,16,781220545230,11.152
600,17,781240281532,10.554
601,18,781260347033,12.138
602,19,781280040734,10.953
603,20,781301391235,11.480
604,21,781320046937,10.599
605,22,781340211938,11.364
606,23,781360583739,13.204
607,24,781379764641,13.829
608,0,781401757142,9.758
609,1,781421565743,10.148
610,2,781440153144,9.610
611,3,781461458646,10.183
612,4,781479994647,9.723
613,5,781501039548,9.673
614,6,781520810250,10.184
615,7,781540220451,10.454
616,8,781560697352,10.002
617,9,781580483953,9.636
618,10,781601658155,9.916
619,11,781620412056,10.794
620,12,781640887757,10.014
621,13,781660137058,9.867
622,14,781680104060,10.813
623,15,781700536761,9.198
624,16,781720205262,9.794
625,17,781740368864,9.864
626,18,781761382865,10.193
627,19,781780209666,9.441
628,20,781800464767,8.666
629,21,781820550469,10.660
630,22,781841013470,10.673
631,23,781860930371,10.038
632,24,781881254073,11.582
633,0,781900546074,16.267
634,1,781921732875,14.191
635,2,781941082476,15.794
636,3,781961664678,17.649
637,4,781983403679,17.878
638,5,782005465181,18.944
639,6,782024049782,19.389
640,7,782045170283,22.013
641,8,782061500484,21.152
642,9,782084859886,28.621
643,10,782105339087,21.932
644,11,782122177488,20.402
645,12,782148802590,29.199
646,13,782169645991,25.820
647,14,782186126592,19.304
648,15,782204664293,26.359
649,16,782224654495,23.805
650,17,782246245396,25.928
651,18,782265811097,31.652
652,19,782287365699,25.659
653,20,782305680100,18.107
654,21,782325067701,12.424
655,22,782340891902,13.333
656,23,782360806403,13.487
657,24,782383114505,18.141
658,0,782407709706,25.859
659,1,782426892407,22.695
660,2,782445062409,24.381
661,3,782463538410,32.119
662,4,782484637111,32.074
663,5,782504811712,28.284
664,6,782530354214,33.495
665,7,782549431115,29.611
666,8,782566730216,21.627
667,9,782586928618,23.208
668,10,782606685719,22.802
669,11,782626817220,35.468
670,12,782647749422,29.856
671,13,782670449323,25.607
672,14,782687071324,24.375
673,15,782703215725,23.030
674,16,782721517826,18.154
675,17,782741981128,9.896
676,18,782760607829,9.700
677,19,782780227730,9.741
678,20,782800330231,9.383
679,21,782819990733,9.196
680,22,782839739234,9.922
681,23,782860155935,9.424
682,24,782879845436,10.656
683,0,782900612638,9.340
684,1,782923161239,11.298
685,2,782940437040,10.691
686,3,782960415542,9.997
687,4,782980230643,10.275
688,5,783001760544,10.408
689,6,783021606345,13.494
690,7,783042783947,15.123
691,8,783060313648,15.625
692,9,783081307949,18.383
693,10,783106136651,22.617
694,11,783129234452,22.927
695,12,783150284154,23.791
696,13,783169606655,18.592
697,14,783187056156,26.440
698,15,783205104357,28.603
699,16,783229787159,21.405
700,17,783243751060,23.275
701,18,783267657961,29.495
702,19,783286989762,29.040
703,20,783306698064,25.448
704,21,783328528865,39.546
705,22,783348495666,31.571
706,23,783375464568,22.495
707,24,783385930569,26.001
708,0,783403055770,23.280
709,1,783423054271,12.652
710,2,783441830772,13.488
711,3,783460984874,12.627
712,4,783480700375,13.440
713,5,783500085876,15.048
714,6,783522234278,9.612
715,7,783540481679,9.851
716,8,783559872980,9.650
717,9,783579962581,9.206
718,10,783600095282,8.938
719,11,783621833284,9.534
720,12,783640052485,9.824
721,13,783660275486,9.730
722,14,783680550888,11.976
723,15,783701336589,9.752
724,16,783721773290,9.773
725,17,783740244091,9.318
726,18,783760251093,10.650
727,19,783779881394,9.665
728,20,783801339395,9.890
729,21,783820436797,9.573
730,22,783840573398,10.361
731,23,783860939299,9.882
732,24,783880502700,9.560
733,0,783900361002,9.472
734,1,783919807703,12.886
735,2,783940504504,10.938
736,3,783960181706,11.007
737,4,783979892907,10.187
738,5,784000571908,9.155
739,6,784020074909,9.420
740,7,784040355811,9.741
741,8,784060402812,9.797
742,9,784080119313,10.619
743,10,784101691315,11.034
744,11,784121814916,18.868
745,12,784144512417,17.591
746,13,784162563418,19.167
747,14,784182731820,20.402
748,15,784202826921,29.238
749,16,784227001923,21.687
750,17,784242370624,21.347
751,18,784265412625,20.170
752,19,784281556226,13.814
753,20,784300818227,12.510
754,21,784320140229,9.934
755,22,784340186530,10.478
756,23,784360759931,10.494
757,24,784379993032,9.611
758,0,784400336334,9.294
759,1,784420139535,9.256
760,2,784439787936,10.194
761,3,784460276737,9.642
762,4,784480515439,9.587
763,5,784500187340,9.196
764,6,784519928641,9.985
765,7,784540150443,9.811
766,8,784561070144,14.187
767,9,784581628245,13.627
768,10,784600561446,10.435
769,11,784620759948,12.924
770,12,784642794949,20.566
771,13,784664380751,30.411
772,14,784684895352,26.258
773,15,784704497453,18.474
774,16,784724190554,18.896
775,17,784743189756,19.758
776,18,784763370157,31.877
777,19,784784295858,23.456
778,20,784801944659,15.959
779,21,784820703561,20.597
780,22,784845853662,12.056
781,23,784861875663,12.004
782,24,784879918764,10.757
783,0,784900870166,10.046
784,1,784921282067,12.850
785,2,784940265268,11.924
786,3,784961939970,11.024
787,4,784980450271,10.187
788,5,785000477072,8.884
789,6,785020089873,8.936
790,7,785040385775,9.857
791,8,785059653776,9.849
792,9,785080456277,9.440
793,10,785101430378,10.277
794,11,785120146080,12.740
795,12,785143268881,11.920
796,13,785162413582,17.644
797,14,785183155884,18.596
798,15,785203559585,15.611
799,16,785222838486,18.440
800,17,785241765387,18.813
801,18,785266137589,29.666
802,19,785293498091,30.608
803,20,785311909992,27.258
804,21,785325661893,13.523
805,22,785344275294,11.051
806,23,785360279695,10.744
807,24,785382720596,9.909
808,0,785400904898,11.871
809,1,785421632999,14.544
810,2,785444731500,13.348
811,3,785465855002,14.798
812,4,785487557503,18.948
813,5,785503280904,14.703
814,6,785524109206,17.668
815,7,785544266707,17.159
816,8,785561900408,21.758
817,9,785582735509,30.234
818,10,785602697311,25.046
819,11,785621862712,19.671
820,12,785644760313,24.405
821,13,785662981714,29.845
822,14,785687555416,23.384
823,15,785707857817,16.860
824,16,785723013018,12.505
825,17,785741049319,11.176
826,18,785760546821,12.716
827,19,785780425922,10.659
828,20,785800698423,9.426
829,21,785820147524,9.384
830,22,785839941925,9.847
831,23,785859811527,9.616
832,24,785879901628,9.924
833,0,785900628929,9.234
834,1,785921857530,11.448
835,2,785940204632,9.620
836,3,785959929233,9.374
837,4,785980019634,9.408
838,5,786000412335,8.924
839,6,786021290136,10.214
840,7,786040243538,12.304
841,8,786061863239,11.986
842,9,786080421940,13.722
843,10,786100692841,9.511
844,11,786119977842,9.845
845,12,786140717144,10.595
846,13,786160093345,9.908
847,14,786179983546,9.618
848,15,786200644747,9.928
849,16,786219959748,9.974
850,17,786239889250,10.520
851,18,786260331351,9.180
852,19,786279871052,9.999
853,20,786299935353,9.644
854,21,786320691654,9.271
855,22,786340397056,10.471
856,23,786360281757,11.085
857,24,786381256058,11.282
858,0,786400844459,12.136
859,1,786422031460,11.359
860,2,786440403762,12.738
861,3,786460927863,11.102
862,4,786480424464,11.572
863,5,786500338565,10.487
864,6,786520170266,10.584
865,7,786540573268,10.837
866,8,786560182969,10.497
867,9,786579722970,10.149
868,10,786600607171,9.599
869,11,786619947272,10.671
870,12,786639945274,10.541
871,13,786660071075,9.830
872,14,786679997476,9.881
873,15,786700334577,9.964
874,16,786720088278,10.051
875,17,786740557480,10.156
876,18,786760647381,10.425
877,19,786782304682,10.816
878,20,786800615383,10.162
879,21,786820872884,10.177
880,22,786839866886,9.961
881,23,786859841887,9.727
882,24,786880359088,9.663
883,0,786900908789,9.653
884,1,786921124290,12.842
885,2,786940492092,11.039
886,3,786960572893,10.090
887,4,786980290894,10.074
888,5,787000693895,10.309
889,6,787021991796,11.358
890,7,787040424398,12.967
891,8,787060533599,9.567
892,9,787080203500,10.079
893,10,787101049901,10.665
894,11,787120601502,10.224
895,12,787140530304,10.829
896,13,787161522505,10.212
897,14,787180143206,9.562
898,15,787200137107,9.899
899,16,787220224708,10.916
900,17,787240369010,11.018
901,18,787261288611,14.876
902,19,787281339312,15.396
903,20,787301800813,12.407
904,21,787322045115,11.353
905,22,787341657416,13.864
906,23,787361388017,18.129
907,24,787382934718,29.366
908,0,787410263920,27.470
909,1,787423159121,32.142
910,2,787444603322,30.927
911,3,787467913123,24.997
912,4,787485199124,20.569
913,5,787507306226,19.829
914,6,787524079827,14.844
915,7,787543220728,17.037
916,8,787562890129,11.252
917,9,787581253930,14.576
918,10,787600360231,10.896
919,11,787621195332,10.327
920,12,787640616034,9.962
921,13,787662242135,11.844
922,14,787680101636,10.209
923,15,787700784337,9.502
924,16,787720307438,9.059
925,17,787740144540,9.796
926,18,787759833641,9.847
927,19,787780641242,9.843
928,20,787800339643,9.339
929,21,787820029944,9.475
930,22,787840168446,10.344
931,23,787860265247,9.778
932,24,787880704548,12.343
933,0,787900588149,9.930
934,1,787920465150,13.470
935,2,787940547252,11.468
936,3,787960528053,10.492
937,4,787980777754,9.581
938,5,788000273455,10.146
939,6,788021496057,10.220
940,7,788040145258,12.122
941,8,788060370559,10.041
942,9,788080194160,10.170
943,10,788100627461,9.682
944,11,788120294062,9.890
945,12,788140061064,9.764
946,13,788164876365,9.800
947,14,788180130166,10.589
948,15,788200195767,11.984
949,16,788220164468,11.570
950,17,788240378870,9.863
951,18,788259710971,9.733
952,19,788279752072,9.875
953,20,788300534273,9.297
954,21,788319674674,10.092
955,22,788339780876,10.224
956,23,788360214677,9.891
957,24,788380254878,9.621
958,0,788400448979,9.190
959,1,788419706080,9.952
960,2,788439955282,10.123
961,3,788460331883,9.298
962,4,788480032984,9.378
963,5,788500135085,9.559
964,6,788520071486,9.259
965,7,788539982688,9.837
966,8,788559931089,9.781
967,9,788580597190,9.554
968,10,788600263591,8.843
969,11,788619727792,9.069
970,12,788639866594,9.752
971,13,788659780795,9.768
972,14,788680746696,9.625
973,15,788700416797,9.786
974,16,788720168398,9.250
975,17,788739812500,9.736
976,18,788760391401,9.124
977,19,788780201702,9.534
978,20,788800098203,9.490
979,21,788820044104,9.331
980,22,788840445606,10.988
981,23,788860059207,10.620
982,24,788879996208,10.732
983,0,788901112009,13.387
984,1,788921634611,16.490
985,2,788940680812,10.841
986,3,788960687913,11.110
987,4,788980745514,9.486
988,5,789001049515,9.899
989,6,789020355117,11.225
990,7,789040059918,11.293
991,8,789061391919,11.104
992,9,789080535820,10.205
993,10,789100896921,10.171
994,11,789119934922,9.711
995,12,789140781224,10.823
996,13,789160057025,11.136
997,14,789180823926,13.538
998,15,789201296227,10.369
999,16,789220288429,10.179
1000,17,789240308830,12.774
1001,18,789260247431,11.988
1002,19,789280309232,10.752
1003,20,789300829033,14.035
1004,21,789320703835,10.147
1005,22,789340693936,12.495
1006,23,789361077137,12.378
1007,24,789381444638,10.719
1008,0,789401513739,11.070
1009,1,789421093841,11.439
1010,2,789442419742,12.058
1011,3,789460144343,9.225
1012,4,789480690344,9.600
1013,5,789500348545,9.646
1014,6,789519788546,9.417
1015,7,789540778548,10.624
1016,8,789560021749,10.777
1017,9,789581506850,10.854
1018,10,789600747351,10.838
1019,11,789619843353,10.584
1020,12,789641510154,11.745
1021,13,789660083955,11.450
1022,14,789680738356,10.385
1023,15,789700633157,9.118
1024,16,789720470159,9.960
1025,17,789740735660,10.207
1026,18,789760156061,10.163
1027,19,789780902862,9.887
1028,20,789800785063,9.380
1029,21,789820155065,9.632
1030,22,789841394266,10.516
1031,23,789862858367,10.982
1032,24,789880945868,10.097
1033,0,789900973269,9.572
1034,1,789921287871,13.581
1035,2,789940906072,13.118
1036,3,789961608773,11.411
1037,4,789981292074,10.075
1038,5,790001075575,10.749
1039,6,790020426777,9.414
1040,7,790039920078,9.438
1041,8,790059863379,9.791
1042,9,790079928880,8.939
1043,10,790100625681,9.481
1044,11,790120863883,10.390
1045,12,790140370784,10.439
1046,13,790160282085,9.383
1047,14,790179952386,9.785
1048,15,790200555087,8.700
1049,16,790220196089,12.905
1050,17,790240027290,10.133
1051,18,790260369191,9.785
1052,19,790280383692,10.269
1053,20,790300441493,9.507
1054,21,790320178195,10.255
1055,22,790340306896,9.888
1056,23,790360603197,9.396
1057,24,790380094398,9.826
1058,0,790400644399,8.840
1059,1,790420275601,9.703
1060,2,790439921002,9.835
1061,3,790460294103,10.178
1062,4,790480455604,8.930
1063,5,790500096405,9.024
1064,6,790519855907,9.322
1065,7,790540033608,9.683
1066,8,790559930809,9.997
1067,9,790580514310,9.934
1068,10,790600393711,9.959
1069,11,790619950713,12.147
1070,12,790641079314,11.100
1071,13,790660280515,10.890
1072,14,790680316816,9.623
1073,15,790700229817,9.586
1074,16,790719912119,10.226
1075,17,790741030920,10.365
1076,18,790759950421,10.232
1077,19,790780310522,10.777
1078,20,790800496023,10.511
1079,21,790821286525,10.813
1080,22,790839874226,10.184
1081,23,790860163527,9.979
1082,24,790880327828,9.448
1083,0,790900166629,10.139
1084,1,790922225231,13.765
1085,2,790940440432,11.160
1086,3,790961101933,10.355
1087,4,790980960634,10.489
1088,5,791000800935,11.508
1089,6,791020738637,14.675
1090,7,791040184038,12.670
1091,8,791061144139,10.566
1092,9,791081515340,16.577
1093,10,791105612142,12.819
1094,11,791121222343,11.898
1095,12,791140974944,12.205
1096,13,791160865045,10.833
1097,14,791181178946,11.502
1098,15,791200814847,12.657
1099,16,791220528449,11.324
1100,17,791240161850,10.260
1101,18,791260710551,14.543
1102,19,791280691852,11.032
1103,20,791301176353,15.152
1104,21,791321320355,11.741
1105,22,791340208756,15.632
1106,23,791362045057,14.804
1107,24,791382231458,12.698
1108,0,791401962560,12.813
1109,1,791420517961,10.882
1110,2,791440998962,11.377
1111,3,791460957863,10.012
1112,4,791481284564,9.989
1113,5,791500209565,9.780
1114,6,791520088067,10.028
1115,7,791540190068,10.884
1116,8,791559931769,10.937
1117,9,791580347770,10.177
1118,10,791600737071,9.630
1119,11,791620034373,9.913
1120,12,791639810374,10.445
1121,13,791659975275,10.648
1122,14,791681005476,11.359
1123,15,791700608277,10.324
1124,16,791720329479,10.905
1125,17,791740950580,10.757
1126,18,791760296281,10.446
1127,19,791780954182,11.438
1128,20,791800531183,9.130
1129,21,791820799485,9.422
1130,22,791840258186,11.425
1131,23,791859927987,11.321
1132,24,791879941788,9.941
1133,0,791900855190,15.930
1134,1,791923481091,17.552
1135,2,791942941692,12.411
1136,3,791960213993,11.995
1137,4,791980517394,9.027
1138,5,791999876095,9.161
1139,6,792019863497,9.698
1140,7,792042918398,9.651
1141,8,792060273899,10.602
1142,9,792080228300,9.636
1143,10,792100264601,9.354
1144,11,792120219203,9.194
1145,12,792139887804,9.898
1146,13,792159884905,10.422
1147,14,792181240906,9.956
1148,15,792201283108,11.365
1149,16,792220093609,10.066
1150,17,792239975710,9.752
1151,18,792260363011,10.074
1152,19,792280585012,9.701
1153,20,792300261513,9.165
1154,21,792320540715,9.861
1155,22,792340198916,9.876
1156,23,792360702517,10.390
1157,24,792380546618,10.810
1158,0,792401134220,10.288
1159,1,792420873321,10.910
1160,2,792440241622,11.533
1161,3,792459850423,11.535
1162,4,792480706124,10.710
1163,5,792500644926,10.105
1164,6,792519853127,10.757
1165,7,792540038228,9.789
1166,8,792560099329,10.303
1167,9,792580665230,10.220
1168,10,792601644932,10.608
1169,11,792620381533,12.982
1170,12,792640897134,10.612
1171,13,792659887435,10.621
1172,14,792680726736,9.948
1173,15,792700865838,10.537
1174,16,792720497839,11.076
1175,17,792740914540,10.354
1176,18,792760757041,9.439
1177,19,792784889043,10.559
1178,20,792800285044,9.887
1179,21,792819906245,9.430
1180,22,792839622546,10.688
1181,23,792859666847,9.702
1182,24,792879931048,9.601
1183,0,792900280650,9.156
1184,1,792921282951,10.951
1185,2,792939886152,10.288
1186,3,792960370053,9.773
1187,4,792980186654,10.144
1188,5,793000333156,9.505
1189,6,793020242957,9.169
1190,7,793041505158,14.648
1191,8,793061431659,11.892
1192,9,793081185560,10.813
1193,10,793101101262,13.832
1194,11,793121320763,15.142
1195,12,793146143764,22.871
1196,13,793167340966,21.134
1197,14,793184602767,16.721
1198,15,793202765468,12.423
1199,16,793222201669,14.379
1200,17,793241366670,28.737
1201,18,793265502271,38.473
1202,19,793287401673,37.808
1203,20,793302981074,34.077
1204,21,793330300275,28.768
1205,22,793344451076,32.101
1206,23,793366615978,21.767
1207,24,793384326479,22.285
1208,0,793403446880,18.034
1209,1,793424223881,16.748
1210,2,793441833982,19.795
1211,3,793467017084,15.157
1212,4,793486092185,16.759
1213,5,793505317786,27.068
1214,6,793526969187,44.402
1215,7,793547560388,26.816
1216,8,793565528989,26.932
1217,9,793583711291,18.844
1218,10,793605340392,14.389
1219,11,793624413293,21.573
1220,12,793642859594,22.471
1221,13,793677330596,34.144
1222,14,793696678197,34.067
1223,15,793708925998,32.887
1224,16,793727038699,26.908
1225,17,793748409000,17.980
1226,18,793761158201,25.735
1227,19,793782179202,19.441
1228,20,793804619905,13.622
1229,21,793823070407,15.152
1230,22,793841118710,12.922
1231,23,793860981912,13.388
1232,24,793881229714,12.043
1233,0,793901755217,15.421
1234,1,793921184919,18.883
1235,2,793943956222,17.872
1236,3,793962699625,15.364
1237,4,793982091627,12.920
1238,5,794001481429,11.093
1239,6,794022413132,24.515
1240,7,794047553835,28.581
1241,8,794069722638,31.960
1242,9,794083175440,22.991
1243,10,794109189443,23.303
1244,11,794125193845,27.859
1245,12,794141883947,17.570
1246,13,794162164349,13.871
1247,14,794181105152,13.474
1248,15,794201639354,12.300
1249,16,794222059757,12.272
1250,17,794240908059,12.545
1251,18,794260894962,11.370
1252,19,794280955864,10.416
1253,20,794301526567,12.872
1254,21,794321728769,11.756
1255,22,794340526372,10.787
1256,23,794359954174,12.086
1257,24,794380746577,11.851
1258,0,794401417879,12.468
1259,1,794421293182,9.914
1260,2,794440234184,12.289
1261,3,794460373586,11.779
1262,4,794480573089,13.244
1263,5,794504634592,10.671
1264,6,794521825394,10.830
1265,7,794540780396,13.089
1266,8,794560711299,12.362
1267,9,794580313301,11.188
1268,10,794602407004,11.899
1269,11,794621224606,11.508
1270,12,794640179609,10.337
1271,13,794659785911,10.636
1272,14,794680599014,10.895
1273,15,794700554016,9.500
1274,16,794719981919,10.231
1275,17,794740128021,11.086
1276,18,794760314524,10.561
1277,19,794780639626,10.386
1278,20,794800788929,9.567
1279,21,794820171231,11.374
1280,22,794840349334,11.363
1281,23,794860404436,10.685
1282,24,794880375639,10.174
1283,0,794900906341,9.332
1284,1,794921170744,11.906
1285,2,794940532246,10.623
1286,3,794960470849,11.064
1287,4,794981568051,12.084
1288,5,795001677454,12.386
1289,6,795021425256,11.577
1290,7,795040484658,11.091
1291,8,795062010261,13.340
1292,9,795080562563,10.270
1293,10,795100872666,11.316
1294,11,795120419868,10.317
1295,12,795140634871,11.399
1296,13,795160903873,13.129
1297,14,795181200276,10.727
1298,15,795201280778,10.297
1299,16,795220466881,13.913
1300,17,795241011683,12.820
1301,18,795264187986,13.352
1302,19,795281741888,12.495
1303,20,795301377891,9.985
1304,21,795321049193,11.523
1305,22,795340378796,11.504
1306,23,795360763998,16.603
1307,24,795381433901,15.167
1308,0,795403691304,11.836
1309,1,795423622406,14.163
1310,2,795442274108,14.786
1311,3,795461090711,15.913
1312,4,795481490513,23.805
1313,5,795505855516,24.482
1314,6,795526107619,18.567
1315,7,795543478621,14.269
1316,8,795561537223,14.458
1317,9,795580865126,13.779
1318,10,795603142928,15.244
1319,11,795624901631,15.616
1320,12,795641715833,13.342
1321,13,795660928635,13.670
1322,14,795680642438,14.347
1323,15,795702352341,12.171
1324,16,795722831643,13.187
1325,17,795740940445,12.799
1326,18,795759988648,13.707
1327,19,795780998350,13.858
1328,20,795801836753,11.924
1329,21,795822617356,14.112
1330,22,795841070058,12.577
1331,23,795860477160,13.201
1332,24,795880418163,12.444
1333,0,795902112065,31.055
1334,1,795925205168,31.759
1335,2,795945885771,27.452
1336,3,795962045973,18.088
1337,4,795981599475,16.880
1338,5,796002409978,14.005
1339,6,796022791580,14.738
1340,7,796042621083,12.158
1341,8,796060701185,14.925
1342,9,796081699188,14.782
1343,10,796101769490,11.820
1344,11,796121718393,10.399
1345,12,796140474595,12.827
1346,13,796159922597,13.790
1347,14,796180521200,12.214
1348,15,796202196203,11.291
1349,16,796222236005,14.479
1350,17,796241493308,12.278
1351,18,796260642510,13.629
1352,19,796280358512,13.712
1353,20,796302456115,11.004
1354,21,796322185918,10.998
1355,22,796340745220,12.283
1356,23,796360411522,14.384
1357,24,796381214125,11.887
1358,0,796401314627,12.615
1359,1,796420030530,11.644
1360,2,796440740032,11.104
1361,3,796459995835,11.982
1362,4,796480984437,11.494
1363,5,796502770640,11.905
1364,6,796521310642,10.672
1365,7,796540466645,13.323
1366,8,796560776647,11.814
1367,9,796580900450,12.561
1368,10,796602620552,11.926
1369,11,796621515955,11.457
1370,12,796641562857,13.961
1371,13,796660415860,12.294
1372,14,796681296262,13.178
1373,15,796703523265,11.477
1374,16,796721908767,11.144
1375,17,796741193770,14.008
1376,18,796760950972,13.338
1377,19,796781383375,12.784
1378,20,796803552777,9.863
1379,21,796820895280,9.589
1380,22,796839999382,9.711
1381,23,796860166884,11.173
1382,24,796880832887,9.142
1383,0,796902673490,10.691
1384,1,796922606992,13.468
1385,2,796941242294,12.683
1386,3,796960897397,9.833
1387,4,796980411399,9.189
1388,5,797000439102,10.570
1389,6,797021170604,9.396
1390,7,797040407707,10.206
1391,8,797060164909,14.142
1392,9,797081279112,10.018
1393,10,797100827014,9.570
1394,11,797120653217,10.064
1395,12,797140067519,10.096
1396,13,797160270122,9.194
1397,14,797180213724,9.519
1398,15,797200358327,9.361
1399,16,797221384829,10.372
1400,17,797241409432,17.175
1401,18,797261978834,13.823
1402,19,797280928737,12.751
1403,20,797300889539,10.386
1404,21,797321171242,12.259
1405,22,797341142944,10.965
1406,23,797361566647,10.831
1407,24,797381952149,9.584
1408,0,797400950052,12.292
1409,1,797422833054,22.350
1410,2,797443649857,19.056
1411,3,797463973559,14.246
1412,4,797482261962,15.282
1413,5,797504282564,14.384
1414,6,797523364067,13.165
1415,7,797540785769,9.886
1416,8,797560034871,10.107
1417,9,797580821674,10.844
1418,10,797600292076,9.549
1419,11,797619819479,9.503
1420,12,797639894781,9.684
1421,13,797660363684,10.045
1422,14,797680561086,11.564
1423,15,797700486889,10.014
1424,16,797721173291,10.346
1425,17,797740368094,9.588
1426,18,797759905296,11.353
1427,19,797781077099,13.665
1428,20,797800655401,9.664
1429,21,797820258304,10.552
1430,22,797839901006,10.395
1431,23,797860256609,9.921
1432,24,797880616911,11.140
1433,0,797900300014,9.366
1434,1,797921472716,10.316
1435,2,797940574719,13.061
1436,3,797960701121,13.878
1437,4,797980990524,12.067
1438,5,798001899226,11.138
1439,6,798023159829,11.604
1440,7,798040541631,12.055
1441,8,798060237933,12.709
1442,9,798081329936,13.154
1443,10,798101879339,10.065
1444,11,798122433341,11.253
1445,12,798140225943,13.001
1446,13,798160318846,14.597
1447,14,798182149049,13.293
1448,15,798203730251,10.262
1449,16,798220226753,10.282
1450,17,798240261356,11.094
1451,18,798261061758,12.872
1452,19,798280313061,9.693
1453,20,798302185063,10.811
1454,21,798320872466,10.052
1455,22,798340761568,10.628
1456,23,798360137171,10.954
1457,24,798380173073,9.593
1458,0,798400246676,8.986
1459,1,798420476178,9.452
1460,2,798440101381,10.067
1461,3,798460405183,11.718
1462,4,798480548786,13.200
1463,5,798502327488,11.685
1464,6,798521615291,10.733
1465,7,798540764193,10.135
1466,8,798560287696,9.127
1467,9,798580366698,8.730
1468,10,798600617101,9.388
1469,11,798620173503,9.827
1470,12,798639925605,11.475
1471,13,798660040608,11.174
1472,14,798681220611,12.575
1473,15,798702036713,10.197
1474,16,798720549815,9.559
1475,17,798740413618,10.349
1476,18,798760606720,11.725
1477,19,798780599723,11.371
1478,20,798800103625,9.508
1479,21,798820396228,10.170
1480,22,798840301030,10.346
1481,23,798860867433,9.562
1482,24,798880591435,11.370
1483,0,798900353938,9.077
1484,1,798920075540,11.840
1485,2,798942859743,9.882
1486,3,798960326945,10.306
1487,4,798980686848,9.161
1488,5,799000867850,9.151
1489,6,799020072653,9.533
1490,7,799040151555,10.354
1491,8,799060527358,9.552
1492,9,799080267760,9.240
1493,10,799100565963,10.155
1494,11,799122125865,9.652
1495,12,799141098368,10.001
1496,13,799160331570,9.988
1497,14,799180373973,9.757
1498,15,799201274175,9.306
1499,16,799220527577,9.749
1500,17,799240052080,10.309
1501,18,799261035683,12.507
1502,19,799281213885,9.870
1503,20,799300595087,10.663
1504,21,799321479790,10.965
1505,22,799341373293,14.202
1506,23,799361096595,12.269
1507,24,799380380697,10.020
1508,0,799400982500,12.876
1509,1,799422065003,10.476
1510,2,799441233105,10.592
1511,3,799460809307,12.619
1512,4,799480689110,10.527
1513,5,799500747312,10.405
1514,6,799520222615,10.763
1515,7,799539981617,10.226
1516,8,799560092720,9.623
1517,9,799580605822,9.257
1518,10,799600224025,9.462
1519,11,799620034227,10.418
1520,12,799640316730,9.684
1521,13,799660080832,9.547
1522,14,799680274735,9.832
1523,15,799700899837,9.853
1524,16,799720081640,9.997
1525,17,799739963442,10.111
1526,18,799759942044,9.957
1527,19,799780359147,9.213
1528,20,799800218549,9.873
1529,21,799820544852,11.328
1530,22,799841293955,12.501
1531,23,799860448857,12.325
1532,24,799881366860,13.672
1533,0,799902349062,11.155
1534,1,799923828565,14.418
1535,2,799942151267,13.173
1536,3,799960756569,12.287
1537,4,799981143872,13.812
1538,5,800002706675,12.091
1539,6,800021719277,15.602
1540,7,800043721180,19.229
1541,8,800078589384,20.999
1542,9,800082384085,22.879
1543,10,800107214188,23.797
1544,11,800138556891,24.541
1545,12,800142372092,24.989
1546,13,800168353195,20.324
1547,14,800190295898,15.855
1548,15,800204642400,15.493
1549,16,800225248002,19.760
1550,17,800248029205,34.663
1551,18,800270060908,30.052
1552,19,800288094410,34.281
1553,20,800308530413,37.714
1554,21,800327967615,25.396
1555,22,800361078419,29.717
1556,23,800362708719,41.340
1557,24,800393524323,45.585
1558,0,800410364125,28.765
1559,1,800431482228,39.107
1560,2,800453225931,25.016
1561,3,800470573433,34.170
1562,4,800491405035,34.886
1563,5,800508830237,31.223
1564,6,800530303340,30.055
1565,7,800550425743,30.638
1566,8,800569177045,32.558
1567,9,800584802547,27.920
1568,10,800606347450,29.996
1569,11,800633836353,35.163
1570,12,800651195255,43.404
1571,13,800676694058,43.399
1572,14,800697772961,33.628
1573,15,800715445763,36.308
1574,16,800727078965,37.435
1575,17,800752283468,27.585
1576,18,800770328870,30.389
1577,19,800789667172,30.705
1578,20,800812452975,36.280
1579,21,800830981477,27.103
1580,22,800848095180,27.741
1581,23,800866239282,27.394
1582,24,800884670184,31.110
1583,0,800905838487,56.471
1584,1,800930288690,33.685
1585,2,800958030693,45.474
1586,3,800969455095,37.591
1587,4,800994223498,40.076
1588,5,801009459800,57.039
1589,6,801026623202,39.909
1590,7,801043503104,55.771
1591,8,801077342608,41.141
1592,9,801092258510,30.733
1593,10,801108021612,34.103
1594,11,801126277814,44.472
1595,12,801143965616,26.804
1596,13,801173232820,52.447
1597,14,801188899522,36.795
1598,15,801219500426,36.120
1599,16,801261086331,34.579
1600,17,801284102034,29.342
1601,18,801287309234,41.791
1602,19,801304618936,27.432
1603,20,801308366937,42.475
1604,21,801327489139,35.991
1605,22,801343787841,42.413
1606,23,801381224246,62.870
1607,24,801396456448,52.417
1608,0,801432905552,31.486
1609,1,801436525453,50.922
1610,2,801468729357,39.605
1611,3,801482285558,38.598
1612,4,801501145661,34.340
1613,5,801504267561,38.364
1614,6,801532352565,24.911
1615,7,801544162166,21.879
1616,8,801572637070,24.256
1617,9,801600637973,20.570
1618,10,801609222474,31.722
1619,11,801634383277,21.613
1620,12,801642771178,17.533
1621,13,801662599081,19.575
1622,14,801683396383,18.364
1623,15,801702812786,16.697
1624,16,801723677188,19.652
1625,17,801744420591,21.287
1626,18,801763357893,19.991
1627,19,801784645496,18.087
1628,20,801804062497,25.029
1629,21,801826282097,27.833
1630,22,801843219098,33.121
1631,23,801872785698,32.256
1632,24,801892407198,24.909
1633,0,801909572798,29.435
1634,1,801932239298,24.540
1635,2,801950276398,22.279
1636,3,801966489899,27.106
1637,4,801985553699,32.306
1638,5,802004907799,44.389
1639,6,802026741199,31.444
1640,7,802046389599,28.603
1641,8,802068355399,23.234
1642,9,802086795200,22.194
1643,10,802105276600,22.893
1644,11,802128161900,16.142
1645,12,802141927200,13.334
1646,13,802160341900,13.909
1647,14,802180919400,11.069
1648,15,802201408800,10.237
1649,16,802220483301,11.120
1650,17,802240484801,10.913
1651,18,802260467401,10.405
1652,19,802281133601,9.508
1653,20,802300319201,9.127
1654,21,802320420101,10.181
1655,22,802340695802,10.878
1656,23,802360633802,12.334
1657,24,802380906702,10.250
1658,0,802401096902,11.985
1659,1,802420932502,11.996
1660,2,802441121702,15.495
1661,3,802462410303,26.345
1662,4,802483411403,22.351
1663,5,802506388703,33.684
1664,6,802531664103,32.253
1665,7,802549393503,27.294
1666,8,802569008303,22.349
1667,9,802586082604,22.109
1668,10,802604657204,23.604
1669,11,802626420904,37.451
1670,12,802646579304,32.673
1671,13,802669444304,23.531
1672,14,802687770804,30.428
1673,15,802713706405,26.805
1674,16,802733198905,27.113
1675,17,802748465405,32.936
1676,18,802773845905,30.831
1677,19,802796950905,31.826
1678,20,802806084805,33.361
1679,21,802832265206,23.459
1680,22,802844813406,26.250
1681,23,802867192106,19.134
1682,24,802886325706,25.311
1683,0,802909412306,34.270
1684,1,802935509606,30.974
1685,2,802950849906,28.224
1686,3,802972320107,35.387
1687,4,802990938807,25.315
1688,5,803007301307,26.856
1689,6,803028851207,17.897
1690,7,803042392907,20.642
1691,8,803071441707,29.893
1692,9,803084806908,27.380
1693,10,803105955008,19.070
1694,11,803125869008,24.737
1695,12,803146051208,19.298
1696,13,803167172708,31.422
1697,14,803184408408,30.004
1698,15,803209526809,36.443
1699,16,803229653709,26.471
1700,17,803252096809,23.263
1701,18,803271080309,29.080
1702,19,803285182009,29.445
1703,20,803306635409,27.124
1704,21,803327020610,22.096
1705,22,803347925210,17.174
1706,23,803360954510,11.984
1707,24,803381103410,11.150
1708,0,803401166310,9.934
1709,1,803421602310,10.144
1710,2,803440376310,10.897
1711,3,803460554511,10.311
1712,4,803481398211,10.247
1713,5,803501799611,12.433
1714,6,803521489611,10.358
1715,7,803540880611,10.198
1716,8,803559944211,10.607
1717,9,803580830012,9.712
1718,10,803600139412,10.849
1719,11,803621678912,12.887
1720,12,803639892412,11.127
1721,13,803660460712,11.221
1722,14,803682303912,12.610
1723,15,803701727013,12.083
1724,16,803720031913,10.725
1725,17,803740186913,11.562
1726,18,803762034813,11.237
1727,19,803781624513,14.465
1728,20,803801105713,10.764
1729,21,803820319113,14.009
1730,22,803840775914,12.119
1731,23,803860065014,10.299
1732,24,803880355114,9.035
1733,0,803899951614,9.679
1734,1,803923526214,13.123
1735,2,803941192014,12.807
1736,3,803960119615,9.783
1737,4,803980269615,9.688
1738,5,804000677915,10.480
1739,6,804019833415,10.111
1740,7,804040366815,10.686
1741,8,804064528615,9.307
1742,9,804082695016,10.293
1743,10,804100852216,10.278
1744,11,804121080216,12.729
1745,12,804139915116,10.868
1746,13,804160084816,9.680
1747,14,804181065916,8.905
1748,15,804200151917,9.490
1749,16,804220030117,10.798
1750,17,804240255017,10.467
1751,18,804260075317,10.163
1752,19,804280267817,9.614
1753,20,804300738217,9.405
1754,21,804320296718,9.832
1755,22,804339795718,10.733
1756,23,804359925718,10.253
1757,24,804380150318,9.268
1758,0,804400081518,9.342
1759,1,804420086118,10.402
1760,2,804440103918,10.899
1761,3,804460917819,11.974
1762,4,804481749919,14.972
1763,5,804502732619,11.939
1764,6,804522553119,12.545
1765,7,804541276119,13.166
1766,8,804560639719,12.421
1767,9,804580725420,12.504
1768,10,804600701920,13.223
1769,11,804620375620,11.046
1770,12,804640178220,10.421
1771,13,804660316520,11.176
1772,14,804680674920,10.819
1773,15,804700218021,10.173
1774,16,804720345921,10.645
1775,17,804740881021,10.800
1776,18,804760463421,11.484
1777,19,804780671621,10.668
1778,20,804801621021,12.076
1779,21,804821265922,12.413
1780,22,804840779122,10.869
1781,23,804861096422,10.359
1782,24,804880462022,9.385
1783,0,804900622722,12.330
1784,1,804930335822,18.520
1785,2,804942373223,15.161
1786,3,804960893323,13.024
1787,4,804982664723,12.730
1788,5,805000937223,13.825
1789,6,805022672523,11.159
1790,7,805040220123,10.374
1791,8,805060266823,10.796
1792,9,805080833124,10.657
1793,10,805100709424,14.510
1794,11,805122460924,21.934
1795,12,805147507324,25.899
1796,13,805166568124,29.204
1797,14,805183078524,24.957
1798,15,805204268325,22.372
1799,16,805232488025,24.910
1800,17,805254539425,37.523
1801,18,805266609425,34.436
1802,19,805289260525,37.508
1803,20,805317256426,30.567
1804,21,805331466526,28.590
1805,22,805350493026,25.707
1806,23,805362294526,30.837
1807,24,805388712226,26.046
1808,0,805406108126,23.495
1809,1,805426710926,22.326
1810,2,805452204327,21.270
1811,3,805465414627,25.099
1812,4,805485062427,15.961
1813,5,805507328927,22.828
1814,6,805522640027,19.924
1815,7,805547252527,18.675
1816,8,805564603528,14.404
1817,9,805583392228,26.266
1818,10,805602764728,20.605
1819,11,805622484528,17.725
1820,12,805642509628,29.771
1821,13,805665772228,27.300
1822,14,805683153128,26.968
1823,15,805708118529,43.941
1824,16,805728501829,26.777
1825,17,805753612829,27.102
1826,18,805764950129,26.076
1827,19,805785546029,23.176
1828,20,805803855629,15.570
1829,21,805821232930,17.957
1830,22,805843837830,15.175
1831,23,805861647930,13.075
1832,24,805881395330,12.088
1833,0,805903236030,17.153
1834,1,805923921430,44.903
1835,2,805956471731,28.190
1836,3,805969655431,30.171
1837,4,805987549631,35.055
1838,5,806007109631,27.456
1839,6,806028038631,28.529
1840,7,806051415331,26.097
1841,8,806071593932,36.151
1842,9,806092627332,24.583
1843,10,806109526932,28.858
1844,11,806127026332,35.258
1845,12,806143886732,33.423
1846,13,806181297233,33.546
1847,14,806191728733,35.424
1848,15,806214416733,28.555
1849,16,806229753133,27.148
1850,17,806243577733,28.462
1851,18,806268058133,18.708
1852,19,806282553133,16.163
1853,20,806303564933,12.118
1854,21,806320593934,13.080
1855,22,806341761734,18.046
1856,23,806362128834,24.918
1857,24,806385315534,25.174
1858,0,806405229134,28.118
1859,1,806427268634,29.291
1860,2,806441567135,23.235
1861,3,806471129035,18.915
1862,4,806481882235,16.826
1863,5,806501896235,14.056
1864,6,806525618035,18.493
1865,7,806544243035,25.583
1866,8,806566036636,32.215
1867,9,806591667436,28.190
1868,10,806611134736,30.091
1869,11,806632887736,27.198
1870,12,806646926536,38.762
1871,13,806674586436,33.938
1872,14,806688660437,28.217
1873,15,806709754937,22.438
1874,16,806726777537,28.060
1875,17,806748179437,26.045
1876,18,806765527937,16.276
1877,19,806781960137,10.035
1878,20,806803913038,12.905
1879,21,806820646638,12.785
1880,22,806840452838,10.549
1881,23,806860281138,11.168
1882,24,806880603238,10.474
1883,0,806900501038,10.394
1884,1,806921240938,14.532
1885,2,806940800939,12.764
1886,3,806960644939,11.175
1887,4,806980721639,9.408
1888,5,807000531839,9.345
1889,6,807020268539,9.688
1890,7,807039889839,13.457
1891,8,807061266140,9.678
1892,9,807080175640,9.260
1893,10,807100410740,9.323
1894,11,807120578940,10.797
1895,12,807140883540,11.545
1896,13,807160200340,10.586
1897,14,807180758541,9.661
1898,15,807200707141,10.304
1899,16,807219779641,10.020
1900,17,807240183541,11.862
1901,18,807260628141,13.839
1902,19,807281591741,17.870
1903,20,807302131042,10.766
1904,21,807320714742,12.449
1905,22,807340637742,12.902
1906,23,807360455342,16.018
1907,24,807381160542,13.717
1908,0,807400874042,10.413
1909,1,807420420742,12.646
1910,2,807440354643,15.192
1911,3,807460336743,14.037
1912,4,807481095343,12.812
1913,5,807500893243,10.560
1914,6,807520581043,12.948
1915,7,807540164843,12.755
1916,8,807562369844,12.505
1917,9,807582474344,10.342
1918,10,807601426044,11.277
1919,11,807620604944,11.027
1920,12,807640583344,12.314
1921,13,807660632444,12.487
1922,14,807680526845,11.154
1923,15,807700558345,14.119
1924,16,807720324845,12.883
1925,17,807740390445,11.136
1926,18,807759879045,10.735
1927,19,807780299445,9.916
1928,20,807800138446,10.094
1929,21,807820297646,10.010
1930,22,807840398946,10.303
1931,23,807859829146,10.016
1932,24,807880318846,10.637
1933,0,807900464546,9.508
1934,1,807922231447,12.608
1935,2,807940258147,12.469
1936,3,807960794247,11.495
1937,4,807980929147,11.379
1938,5,808000589447,10.824
1939,6,808020296047,11.005
1940,7,808040420447,11.248
1941,8,808060606248,18.996
1942,9,808090496448,20.032
1943,10,808106134448,13.903
1944,11,808122229548,11.842
1945,12,808141312248,12.866
1946,13,808161706548,15.401
1947,14,808181814349,12.342
1948,15,808201176649,9.270
1949,16,808221107749,10.527
1950,17,808240762049,13.158
1951,18,808261982549,13.218
1952,19,808281049149,11.538
1953,20,808300661950,9.747
1954,21,808320609450,10.655
1955,22,808340349450,11.055
1956,23,808360755850,24.982
1957,24,808384949850,18.874
1958,0,808406682950,42.061
1959,1,808426297651,32.648
1960,2,808451389451,22.866
1961,3,808465758351,24.204
1962,4,808489227951,30.508
1963,5,808512642951,29.318
1964,6,808526060751,26.606
1965,7,808547793952,28.571
1966,8,808563243552,23.982
1967,9,808584990852,16.918
1968,10,808605873652,17.976
1969,11,808622043352,20.105
1970,12,808644881352,28.587
1971,13,808664835453,22.961
1972,14,808684786953,20.222
1973,15,808704680153,20.940
1974,16,808723243053,20.138
1975,17,808745327153,16.927
1976,18,808762849353,23.584
1977,19,808782714953,16.061
1978,20,808804630554,25.331
1979,21,808823808354,30.409
1980,22,808845117854,29.854
1981,23,808865534254,20.701
1982,24,808881451854,16.346
1983,0,808901395154,10.915
1984,1,808922103555,11.915
1985,2,808941129355,11.520
1986,3,808961314955,10.350
1987,4,808980547955,9.460
1988,5,808999999855,9.354
1989,6,809020629055,11.095
1990,7,809040127356,10.888
1991,8,809060229056,9.899
1992,9,809080336656,10.484
1993,10,809100257256,10.447
1994,11,809120127156,10.330
1995,12,809139982856,10.503
1996,13,809159996056,10.607
1997,14,809180568357,9.611
1998,15,809200840257,9.990
1999,16,809220749957,11.223
2000,17,809240653657,13.195
2001,18,809261531057,14.744
2002,19,809281606957,11.130
2003,20,809300668358,11.814
2004,21,809320833658,11.355
2005,22,809340984258,15.063
2006,23,809360139058,11.049
2007,24,809381354958,10.851
2008,0,809400800958,11.880
2009,1,809421415859,11.380
2010,2,809441170859,12.658
2011,3,809459946159,11.173
2012,4,809480368959,10.227
2013,5,809500210659,10.225
2014,6,809520111559,10.186
2015,7,809540160960,11.399
2016,8,809559903660,10.105
2017,9,809580430060,9.923
2018,10,809600767160,10.585
2019,11,809620299160,11.173
2020,12,809639991060,11.706
2021,13,809661313261,9.874
2022,14,809680381561,9.430
2023,15,809700135161,9.313
2024,16,809719999561,10.430
2025,17,809740106661,10.629
2026,18,809760154361,11.114
2027,19,809780721062,11.825
2028,20,809801433662,12.859
2029,21,809820871962,11.881
2030,22,809841374262,12.546
2031,23,809861618862,12.504
2032,24,809882270263,11.621
2033,0,809901126863,15.557
2034,1,809921951363,28.060
2035,2,809942378764,13.998
2036,3,809961513264,13.181
2037,4,809981468664,11.256
2038,5,810001176964,14.862
2039,6,810020882465,12.815
2040,7,810040723865,12.637
2041,8,810060602965,14.075
2042,9,810083109765,12.800
2043,10,810100911266,16.144
2044,11,810121854966,33.108
2045,12,810151768866,32.060
2046,13,810168278167,25.267
2047,14,810186691667,24.319
2048,15,810210159167,21.443
2049,16,810224269567,24.462
2050,17,810250085168,29.392
2051,18,810268210868,25.502
2052,19,810287025968,27.985
2053,20,810310438168,22.524
2054,21,810324576769,26.277
2055,22,810351885069,24.370
2056,23,810366973869,25.732
2057,24,810385575169,22.632
2058,0,810408304870,20.332
2059,1,810425568870,19.414
2060,2,810442980370,15.047
2061,3,810460477970,13.621
2062,4,810481112371,10.059
2063,5,810500076271,9.834
2064,6,810520294471,9.823
2065,7,810540704372,10.970
2066,8,810560742072,10.574
2067,9,810580948372,10.104
2068,10,810600219572,8.943
2069,11,810619979473,11.104
2070,12,810639784473,10.357
2071,13,810665881973,26.595
2072,14,810684526473,19.710
2073,15,810705535774,13.206
2074,16,810719978374,13.501
2075,17,810741317074,11.406
2076,18,810764275275,10.493
2077,19,810781328775,11.000
2078,20,810800727175,11.159
2079,21,810820952275,10.458
2080,22,810840458976,10.504
2081,23,810859987476,10.475
2082,24,810880981576,10.159
2083,0,810900464776,10.818
2084,1,810920147277,18.258
2085,2,810941828277,12.338
2086,3,810961011377,11.915
2087,4,810981044877,12.252
2088,5,811000672278,11.375
2089,6,811022338078,20.613
2090,7,811071324479,31.926
2091,8,811074956779,78.348
2092,9,811107860479,45.459
2093,10,811114045379,50.301
2094,11,811132771579,41.434
2095,12,811155457580,36.215
2096,13,811173379180,34.581
2097,14,811197145280,28.225
2098,15,811212596581,29.244
2099,16,811229008281,32.175
2100,17,811253563681,31.835
2101,18,811270886781,28.340
2102,19,811290793982,32.065
2103,20,811312906582,37.348
2104,21,811337980182,31.506
2105,22,811351582882,26.534
2106,23,811371601883,27.443
2107,24,811385080683,20.898
2108,0,811402031883,12.716
2109,1,811421042283,13.123
2110,2,811440960384,11.227
2111,3,811461053684,11.880
2112,4,811480910684,12.485
2113,5,811501498384,12.191
2114,6,811521632185,22.494
2115,7,811547352185,25.265
2116,8,811566784685,30.616
2117,9,811585758586,35.864
2118,10,811624167786,25.547
2119,11,811634104786,37.888
2120,12,811651993386,31.976
2121,13,811674647987,29.038
2122,14,811690476787,34.512
2123,15,811713330887,25.991
2124,16,811732067087,28.189
2125,17,811748801588,27.424
2126,18,811768339988,26.202
2127,19,811788874988,23.787
2128,20,811806137988,20.792
2129,21,811830021589,20.353
2130,22,811842286089,25.225
2131,23,811864513589,20.071
2132,24,811884740190,23.406
2133,0,811906801690,20.857
2134,1,811924227990,34.129
2135,2,811951138490,25.568
2136,3,811966363291,26.545
2137,4,811986984091,24.348
2138,5,812006600091,22.449
2139,6,812025806491,23.461
2140,7,812049539992,23.221
2141,8,812066789292,22.747
2142,9,812087226992,20.622
2143,10,812104889292,17.501
2144,11,812123601593,15.369
2145,12,812141922293,11.127
2146,13,812160416693,11.771
2147,14,812181114393,9.804
2148,15,812200871494,9.282
2149,16,812220049894,10.134
2150,17,812240583394,10.781
2151,18,812260328895,9.763
2152,19,812280636795,9.827
2153,20,812300353095,10.890
2154,21,812320638895,10.233
2155,22,812340335696,10.222
2156,23,812360400996,10.507
2157,24,812381337096,9.581
2158,0,812400585296,10.598
2159,1,812421155697,13.013
2160,2,812441232097,11.095
2161,3,812460574597,10.720
2162,4,812480677298,11.778
2163,5,812501103898,11.363
2164,6,812520507698,10.627
2165,7,812539961498,10.871
2166,8,812560253799,11.075
2167,9,812581615099,10.229
2168,10,812600881599,9.857
2169,11,812619983599,11.654
2170,12,812639838800,11.062
2171,13,812660623100,11.020
2172,14,812681616800,11.279
2173,15,812700943600,10.267
2174,16,812720617901,12.300
2175,17,812740449801,10.527
2176,18,812760600401,10.312
2177,19,812781710502,11.499
2178,20,812801279302,11.700
2179,21,812821337402,11.817
2180,22,812840839102,12.599
2181,23,812860815603,10.856
2182,24,812880938403,11.232
2183,0,812900647203,11.258
2184,1,812920600703,15.107
2185,2,812941461404,12.300
2186,3,812961297904,10.889
2187,4,812980655804,10.703
2188,5,813000786304,9.791
2189,6,813019975105,10.994
2190,7,813040236905,10.521
2191,8,813060087505,9.684
2192,9,813080676606,9.810
2193,10,813100972406,10.987
2194,11,813120405006,11.422
2195,12,813140599806,11.257
2196,13,813160793107,10.752
2197,14,813181223707,12.862
2198,15,813200757307,11.087
2199,16,813220152207,10.172
2200,17,813240683408,13.938
2201,18,813260292308,12.967
2202,19,813280955008,11.413
2203,20,813301165808,10.333
2204,21,813320565309,10.997
2205,22,813340386209,11.220
2206,23,813360941709,12.174
2207,24,813381135710,9.860
2208,0,813401464610,10.735
2209,1,813421434510,11.473
2210,2,813441236310,11.682
2211,3,813461698911,11.352
2212,4,813483169811,11.604
2213,5,813502816011,13.138
2214,6,813521807911,12.296
2215,7,813540658812,10.540
2216,8,813560366612,9.521
2217,9,813581261012,8.999
2218,10,813600149412,9.076
2219,11,813620133713,11.355
2220,12,813639978713,10.981
2221,13,813661995013,9.561
2222,14,813680991414,9.140
2223,15,813700134414,9.351
2224,16,813720104414,10.288
2225,17,813740055514,10.373
2226,18,813760633615,9.601
2227,19,813780561015,9.029
2228,20,813800134315,9.367
2229,21,813820437615,10.290
2230,22,813840833316,14.447
2231,23,813861033416,11.793
2232,24,813881105416,10.171
2233,0,813900591217,10.805
2234,1,813921741817,12.152
2235,2,813940226317,11.404
2236,3,813960379617,10.714
2237,4,813981014018,11.329
2238,5,814000697918,11.238
2239,6,814020082018,10.923
2240,7,814040269118,11.145
2241,8,814060746019,10.245
2242,9,814081039919,10.457
2243,10,814100486219,9.899
2244,11,814119792019,10.197
2245,12,814140477320,10.168
2246,13,814159708820,10.236
2247,14,814180609320,10.870
2248,15,814200557921,9.518
2249,16,814220851421,11.753
2250,17,814240168021,12.875
2251,18,814259900421,10.588
2252,19,814281575422,10.006
2253,20,814302088322,10.550
2254,21,814320162922,9.934
2255,22,814340241922,10.205
2256,23,814360240023,10.739
2257,24,814381262423,9.927
2258,0,814400760723,9.448
2259,1,814420243223,11.384
2260,2,814440357424,13.324
2261,3,814461111624,14.170
2262,4,814482169224,21.206
2263,5,814506079425,15.443
2264,6,814523513425,15.290
2265,7,814541976225,17.018
2266,8,814561982425,16.808
2267,9,814588643726,24.320
2268,10,814608626726,21.465
2269,11,814625075326,22.604
2270,12,814644046226,18.510
2271,13,814665392327,14.291
2272,14,814682241027,21.829
2273,15,814706737527,16.801
2274,16,814724462428,16.666
2275,17,814743822028,17.786
2276,18,814763122428,10.124
2277,19,814780933228,14.277
2278,20,814803256129,10.581
2279,21,814822913829,13.944
2280,22,814840438829,13.385
2281,23,814860531629,12.450
2282,24,814881583030,10.871
2283,0,814900873930,17.341
2284,1,814941360930,38.689
2285,2,814943652830,36.413
2286,3,814964082831,32.459
2287,4,814985052731,24.021
2288,5,815009054131,25.065
2289,6,815028445832,19.950
2290,7,815044047932,12.547
2291,8,815061096332,11.919
2292,9,815081847232,10.630
2293,10,815100950733,9.634
2294,11,815120046433,9.851
2295,12,815140052333,10.137
2296,13,815160290333,9.885
2297,14,815180989334,11.079
2298,15,815200605234,10.540
2299,16,815220310734,11.460
2300,17,815241168534,14.108
2301,18,815261929435,12.263
2302,19,815282362235,11.474
2303,20,815301528035,15.638
2304,21,815320685436,14.830
2305,22,815340644036,20.212
2306,23,815362074236,11.990
2307,24,815382046536,14.806
2308,0,815400983137,12.039
2309,1,815421140637,11.768
2310,2,815441021437,11.904
2311,3,815461164837,11.790
2312,4,815485195038,11.360
2313,5,815500739138,12.363
2314,6,815520779138,9.609
2315,7,815540776038,11.517
2316,8,815559708039,12.433
2317,9,815581326139,9.034
2318,10,815600342039,9.950
2319,11,815620083040,10.892
2320,12,815640267540,10.711
2321,13,815660809040,9.746
2322,14,815683393940,23.342
2323,15,815706772441,17.571
2324,16,815727336541,13.863
2325,17,815741775441,14.920
2326,18,815761487541,15.125
2327,19,815781815142,15.017
2328,20,815802337242,13.886
2329,21,815820901442,11.936
2330,22,815840569542,11.379
2331,23,815861170543,10.568
2332,24,815881676143,9.810
2333,0,815900737143,14.370
2334,1,815921813244,12.237
2335,2,815941430644,11.532
2336,3,815961470444,11.149
2337,4,815980899944,9.334
2338,5,816000176645,10.969
2339,6,816020177045,11.014
2340,7,816040552445,10.332
2341,8,816060369345,10.082
2342,9,816080609146,9.499
2343,10,816100791946,11.045
2344,11,816120781646,11.340
2345,12,816140521546,12.642
2346,13,816162389247,19.124
2347,14,816186106647,18.890
2348,15,816202401447,14.096
2349,16,816220985748,14.197
2350,17,816245041448,23.773
2351,18,816261471548,18.423
2352,19,816287670848,21.304
2353,20,816307492449,27.848
2354,21,816325700949,25.456
2355,22,816341940049,23.439
2356,23,816361869549,13.650
2357,24,816382282850,12.103
2358,0,816401994550,13.514
2359,1,816421108450,13.482
2360,2,816441164551,12.722
2361,3,816461308551,13.210
2362,4,816481591651,10.990
2363,5,816501818551,12.170
2364,6,816521716552,13.675
2365,7,816541693952,13.446
2366,8,816561686452,12.356
2367,9,816586913952,13.132
2368,10,816603174453,13.261
2369,11,816622696553,14.470
2370,12,816641600153,12.876
2371,13,816661792753,12.427
2372,14,816681819354,13.593
2373,15,816703408654,14.868
2374,16,816721747154,11.680
2375,17,816741326855,12.891
2376,18,816761873955,12.026
2377,19,816781942955,10.164
2378,20,816800852555,10.925
2379,21,816820844456,13.309
2380,22,816841226256,11.949
2381,23,816861873256,10.887
2382,24,816881325456,10.992
2383,0,816901204857,16.453
2384,1,816922353557,16.212
2385,2,816941884157,12.927
2386,3,816961487357,12.578
2387,4,816981381258,11.512
2388,5,817000651758,12.134
2389,6,817020701458,11.668
2390,7,817040857359,13.429
2391,8,817061036659,10.354
2392,9,817080860059,9.844
2393,10,817100686459,11.204
2394,11,817120808560,12.175
2395,12,817140136160,11.607
2396,13,817160485860,10.402
2397,14,817180774460,9.817
2398,15,817200674161,10.886
2399,16,817220401761,10.235
2400,17,817240660161,11.608
2401,18,817260808861,24.469
2402,19,817281792862,15.927
2403,20,817301590362,13.959
2404,21,817321334762,14.903
2405,22,817341813663,14.857
2406,23,817363433263,11.750
2407,24,817383364063,13.318
2408,0,817403512563,15.878
2409,1,817422747764,16.096
2410,2,817442072764,14.118
2411,3,817465564164,14.918
2412,4,817483254564,14.322
2413,5,817503008965,13.310
2414,6,817522205165,12.367
2415,7,817543861765,16.472
2416,8,817563458266,11.747
2417,9,817582473566,12.981
2418,10,817600637566,12.431
2419,11,817620221166,10.860
2420,12,817641107767,15.728
2421,13,817661580367,11.397
2422,14,817682052067,12.830
2423,15,817702585767,11.050
2424,16,817720596568,14.245
2425,17,817740825968,10.790
2426,18,817760904368,14.081
2427,19,817781493868,12.269
2428,20,817800955069,12.461
2429,21,817821289869,12.606
2430,22,817840811269,12.126
2431,23,817861403669,11.555
2432,24,817881724469,12.011
2433,0,817901428570,14.270
2434,1,817923353070,14.114
2435,2,817941350770,14.045
2436,3,817963619370,12.948
2437,4,817982456170,10.344
2438,5,818000191470,10.430
2439,6,818020546571,11.228
2440,7,818040662371,10.536
2441,8,818061891371,11.370
2442,9,818081630671,10.247
2443,10,818101226971,11.634
2444,11,818120432471,11.366
2445,12,818140341171,10.687
2446,13,818160716172,10.630
2447,14,818180943872,9.594
2448,15,818200144572,10.142
2449,16,818220333572,9.753
2450,17,818240086172,11.194
2451,18,818260442972,9.565
2452,19,818280617573,10.426
2453,20,818300993773,11.783
2454,21,818321200773,10.992
2455,22,818341148773,12.891
2456,23,818361594373,11.589
2457,24,818381175673,11.639
2458,0,818401473974,15.260
2459,1,818420847574,11.928
2460,2,818441097474,13.880
2461,3,818462433974,15.149
2462,4,818483897374,15.535
2463,5,818503575374,15.572
2464,6,818523057075,15.192
2465,7,818542169975,17.111
2466,8,818563617875,21.368
2467,9,818584115375,18.790
2468,10,818602976775,13.563
2469,11,818620605775,11.741
2470,12,818640700875,16.352
2471,13,818662477476,12.169
2472,14,818682843376,14.394
2473,15,818702662776,11.771
2474,16,818721108376,10.790
2475,17,818740998976,11.532
2476,18,818761144276,11.274
2477,19,818781623977,10.215
2478,20,818800831977,10.771
2479,21,818820731277,10.081
2480,22,818841142177,10.783
2481,23,818861365277,13.811
2482,24,818884202077,13.752
2483,0,818901931078,20.900
2484,1,818922488078,17.887
2485,2,818943354978,17.191
2486,3,818962734478,14.620
2487,4,818981975078,14.531
2488,5,819001605178,13.170
2489,6,819020851278,12.663
2490,7,819041801179,11.871
2491,8,819062229579,11.682
2492,9,819082842279,13.556
2493,10,819101468079,12.212
2494,11,819120884979,12.017
2495,12,819140799279,12.393
2496,13,819161104080,11.813
2497,14,819181421880,9.797
2498,15,819200281980,10.340
2499,16,819220340680,10.310
2500,17,819240931380,14.014
2501,18,819261822580,12.164
2502,19,819281557981,19.728
2503,20,819300728081,12.073
2504,21,819320884681,17.811
2505,22,819341770481,14.320
2506,23,819363623781,14.756
2507,24,819383693881,14.037
2508,0,819402163182,15.263
2509,1,819421612282,15.819
2510,2,819441767082,13.115
2511,3,819462650882,12.708
2512,4,819481811582,13.801
2513,5,819501211182,17.545
2514,6,819520907282,12.267
2515,7,819540815683,12.897
2516,8,819560584283,10.851
2517,9,819580798583,9.530
2518,10,819600791183,10.512
2519,11,819619979383,10.937
2520,12,819640417583,11.159
2521,13,819660240884,9.910
2522,14,819680186384,9.423
2523,15,819700094384,9.441
2524,16,819719763884,10.732
2525,17,819740430384,11.283
2526,18,819760475384,10.443
2527,19,819780309885,10.445
2528,20,819800222785,10.397
2529,21,819820325985,11.896
2530,22,819840559685,9.855
2531,23,819860913985,11.554
2532,24,819880942685,10.565
2533,0,819901189585,16.860
2534,1,819921890586,11.261
2535,2,819940695686,11.533
2536,3,819961422486,9.927
2537,4,819980986686,9.557
2538,5,820000111786,9.932
2539,6,820020091086,9.333
2540,7,820040025987,9.704
2541,8,820060160687,9.251
2542,9,820080256387,10.306
2543,10,820100185787,9.216
2544,11,820120190287,10.744
2545,12,820141150287,11.166
2546,13,820161041288,11.306
2547,14,820180671288,9.493
2548,15,820200227388,9.287
2549,16,820219838188,9.601
2550,17,820240085988,10.656
2551,18,820260147188,10.265
2552,19,820280178689,9.477
2553,20,820299959289,10.390
2554,21,820321512489,10.450
2555,22,820340107889,10.551
2556,23,820360191989,10.244
2557,24,820380648389,9.348
2558,0,820399766789,10.212
2559,1,820419864790,9.881
2560,2,820440096590,9.997
2561,3,820460790890,9.638
2562,4,820480660890,10.538
2563,5,820500257690,10.845
2564,6,820521681790,9.557
2565,7,820540496491,10.032
2566,8,820560430491,9.461
2567,9,820580940391,9.314
2568,10,820599923291,9.723
2569,11,820620268291,10.539
2570,12,820639846991,9.746
2571,13,820660601592,9.133
2572,14,820680263292,10.278
2573,15,820700202592,11.327
2574,16,820720380892,11.230
2575,17,820740361692,12.296
2576,18,820762494192,10.349
2577,19,820781601993,11.920
2578,20,820801208893,11.680
2579,21,820820714693,12.855
2580,22,820840988193,11.963
2581,23,820861044993,13.638
2582,24,820882144593,12.557
2583,0,820900766993,10.807
2584,1,820922235294,14.907
2585,2,820940870694,11.547
2586,3,820961767894,11.946
2587,4,820981642394,9.543
2588,5,821000760694,10.654
2589,6,821020556294,9.959
2590,7,821040328495,9.838
2591,8,821060281195,9.420
2592,9,821080230795,9.268
2593,10,821100033895,10.711
2594,11,821120231395,9.379
2595,12,821141059995,19.723
2596,13,821161541996,11.941
2597,14,821181675096,11.231
2598,15,821200752396,12.349
2599,16,821220643196,11.782
2600,17,821241917596,22.645
2601,18,821267312896,15.031
2602,19,821282388296,11.808
2603,20,821302254597,12.076
2604,21,821322527697,12.700
2605,22,821340761297,11.734
2606,23,821361784697,12.967
2607,24,821381113897,12.823
2608,0,821401138197,14.042
2609,1,821421979298,11.943
2610,2,821441072598,13.443
2611,3,821461421698,17.034
2612,4,821482636998,13.642
2613,5,821502092698,10.601
2614,6,821520806798,15.611
2615,7,821540853999,13.663
2616,8,821561274599,11.784
2617,9,821581415199,13.644
2618,10,821600817999,10.775
2619,11,821620573199,11.115
2620,12,821640647199,10.770
2621,13,821661953900,9.906
2622,14,821680386700,11.526
2623,15,821700212200,9.996
2624,16,821720096100,9.947
2625,17,821740335500,9.686
2626,18,821760438200,9.248
2627,19,821781219700,9.326
2628,20,821800176201,8.984
2629,21,821819925401,9.230
2630,22,821839757001,9.782
2631,23,821860527201,9.765
2632,24,821880526701,9.495
2633,0,821900389901,10.812
2634,1,821922170502,12.191
2635,2,821940349102,11.694
2636,3,821961795102,9.943
2637,4,821980561802,10.587
2638,5,822000950602,11.463
2639,6,822020789402,11.294
2640,7,822040693503,12.484
2641,8,822061046903,11.793
2642,9,822081607303,11.013
2643,10,822101047003,11.546
2644,11,822121308103,12.245
2645,12,822141136903,11.666
2646,13,822162083204,11.144
2647,14,822181531404,11.314
2648,15,822200470304,11.135
2649,16,822220217504,10.957
2650,17,822240906404,11.910
2651,18,822260804904,12.405
2652,19,822281503704,12.249
2653,20,822301471105,15.595
2654,21,822321165405,13.006
2655,22,822340651605,12.889
2656,23,822361509605,13.812
2657,24,822381295005,10.104
2658,0,822400399105,11.142
2659,1,822421027006,11.892
2660,2,822440465406,10.921
2661,3,822461057006,10.325
2662,4,822480750506,9.975
2663,5,822500048606,11.352
2664,6,822520837306,10.343
2665,7,822540156907,11.763
2666,8,822560371707,10.873
2667,9,822580781707,9.532
2668,10,822600699707,9.687
2669,11,822619971807,11.163
2670,12,822640741907,13.849
2671,13,822661410407,11.061
2672,14,822681040008,14.778
2673,15,822701456608,10.681
2674,16,822720429708,13.553
2675,17,822741106208,12.951
2676,18,822760834408,11.842
2677,19,822781108308,10.203
2678,20,822800270409,10.614
2679,21,822820476109,10.652
2680,22,822840194409,10.913
2681,23,822860652909,11.751
2682,24,822881253409,9.331
2683,0,822899915309,10.540
2684,1,822920859010,10.511
2685,2,822941650410,12.632
2686,3,822961160710,10.906
2687,4,822980322210,9.384
2688,5,823000236210,10.250
2689,6,823020236810,10.320
2690,7,823040788611,9.841
2691,8,823060514811,9.865
2692,9,823080484111,9.931
2693,10,823099976011,10.321
2694,11,823119955111,10.420
2695,12,823139964411,10.083
2696,13,823160362811,10.077
2697,14,823180187212,9.440
2698,15,823200090512,10.729
2699,16,823220804612,11.222
2700,17,823240256512,12.701
2701,18,823260654912,12.370
2702,19,823281375412,12.122
2703,20,823300341013,11.341
2704,21,823322088113,11.726
2705,22,823341105413,12.506
2706,23,823360739813,19.458
2707,24,823380746613,22.935
2708,0,823402486613,13.113
2709,1,823420890814,14.292
2710,2,823442073614,16.681
2711,3,823467641014,14.183
2712,4,823484607514,14.515
2713,5,823501797214,13.880
2714,6,823523226414,12.478
2715,7,823542118214,12.847
2716,8,823561331415,11.431
2717,9,823582209415,13.084
2718,10,823601630415,13.223
2719,11,823621719215,12.848
2720,12,823641682815,12.390
2721,13,823661764915,12.566
2722,14,823681428016,13.271
2723,15,823702049816,12.191
2724,16,823720372916,12.367
2725,17,823740271916,12.559
2726,18,823762198016,12.936
2727,19,823782900216,14.402
2728,20,823802134817,14.174
2729,21,823821879817,12.973
2730,22,823842027217,13.106
2731,23,823861082417,10.819
2732,24,823881025317,9.522
2733,0,823900711517,11.527
2734,1,823921737018,12.495
2735,2,823941197618,12.954
2736,3,823961655718,12.035
2737,4,823982229218,14.769
2738,5,824001307418,13.263
2739,6,824021151218,11.569
2740,7,824040100918,11.519
2741,8,824061110119,11.407
2742,9,824080449219,10.210
2743,10,824100222519,11.529
2744,11,824120419919,11.673
2745,12,824140318219,13.565
2746,13,824161212819,11.450
2747,14,824182589820,13.852
2748,15,824201277120,12.595
2749,16,824221169320,12.798
2750,17,824242259020,14.516
2751,18,824261340520,15.101
2752,19,824282743820,15.480
2753,20,824301640821,12.640
2754,21,824320850021,12.341
2755,22,824340638021,11.226
2756,23,824363818921,11.491
2757,24,824381358321,11.542
2758,0,824400806321,12.705
2759,1,824420950421,11.272
2760,2,824440451122,10.380
2761,3,824460943222,10.412
2762,4,824480179822,10.595
2763,5,824500494622,11.837
2764,6,824520389322,10.840
2765,7,824540318422,10.758
2766,8,824560582223,11.256
2767,9,824581597923,12.026
2768,10,824600695123,12.785
2769,11,824621320423,15.113
2770,12,824642059623,12.835
2771,13,824661331223,12.436
2772,14,824681316824,13.621
2773,15,824701245624,14.739
2774,16,824721464324,12.844
2775,17,824741644924,13.620
2776,18,824761832624,11.902
2777,19,824782605924,14.593
2778,20,824801581625,13.037
2779,21,824821429225,14.049
2780,22,824841106525,13.346
2781,23,824862709725,13.518
2782,24,824883355925,14.040
2783,0,824902149725,16.193
2784,1,824922634325,29.381
2785,2,824942849926,24.214
2786,3,824963901126,20.461
2787,4,824984195126,15.943
2788,5,825002457926,15.200
2789,6,825021815526,13.443
2790,7,825041368926,13.555
2791,8,825062363627,11.773
2792,9,825082788927,12.053
2793,10,825101984527,11.411
2794,11,825120912827,12.207
2795,12,825141010327,12.388
2796,13,825162509627,12.068
2797,14,825181585028,10.289
2798,15,825201114028,10.967
2799,16,825220908028,11.567
2800,17,825240825628,13.238
2801,18,825263539228,17.807
2802,19,825283156428,14.718
2803,20,825301469929,13.658
2804,21,825321781929,13.312
2805,22,825341296029,13.050
2806,23,825363706529,12.958
2807,24,825382786229,13.695
2808,0,825401868729,12.255
2809,1,825423455729,14.383
2810,2,825441932430,12.345
2811,3,825461612230,10.326
2812,4,825482110430,12.403
2813,5,825501573330,12.166
2814,6,825521412030,17.521
2815,7,825545675730,13.064
2816,8,825561683231,14.229
2817,9,825581304431,12.751
2818,10,825601099131,12.562
2819,11,825620540731,11.507
2820,12,825640156331,11.080
2821,13,825661663531,12.433
2822,14,825682669532,15.049
2823,15,825702051132,14.181
2824,16,825721385832,13.217
2825,17,825741051932,13.641
2826,18,825763183232,12.011
2827,19,825782255232,14.699
2828,20,825803065633,13.186
2829,21,825820783733,12.276
2830,22,825841270733,12.570
2831,23,825862087933,11.188
2832,24,825881023533,10.339
2833,0,825900596134,10.320
2834,1,825921398034,12.941
2835,2,825940952334,11.670
2836,3,825961158234,11.214
2837,4,825981220835,9.912
2838,5,826000665835,11.110
2839,6,826020814335,11.654
2840,7,826040631536,11.863
2841,8,826061708736,9.735
2842,9,826081154836,10.420
2843,10,826100652736,11.283
2844,11,826120341037,11.751
2845,12,826141141337,14.404
2846,13,826162888937,10.741
2847,14,826182576937,14.299
2848,15,826201086738,12.454
2849,16,826220657838,13.978
2850,17,826241256038,13.558
2851,18,826262022438,12.275
2852,19,826281162939,12.025
2853,20,826301119839,13.357
2854,21,826320397139,11.990
2855,22,826340380839,11.915
2856,23,826361234940,11.427
2857,24,826380909440,10.425
2858,0,826400593040,10.988
2859,1,826420726540,11.043
2860,2,826440617141,13.322
2861,3,826460951341,10.573
2862,4,826480624441,10.927
2863,5,826501006742,11.069
2864,6,826520103542,10.066
2865,7,826540719042,11.056
2866,8,826560609042,11.098
2867,9,826581044543,10.073
2868,10,826600367143,9.648
2869,11,826620437743,10.301
2870,12,826640083243,10.187
2871,13,826660291644,10.310
2872,14,826680794244,9.022
2873,15,826700119344,9.815
2874,16,826720528344,9.832
2875,17,826739986345,9.583
2876,18,826760484645,9.474
2877,19,826780414045,9.822
2878,20,826800258945,9.656
2879,21,826820443846,12.217
2880,22,826840209246,9.973
2881,23,826860244546,8.989
2882,24,826880122547,10.099
2883,0,826900454447,10.604
2884,1,826922079547,11.663
2885,2,826940844147,12.429
2886,3,826962183448,11.320
2887,4,826982406248,14.121
2888,5,827001466648,12.323
2889,6,827020911348,11.894
2890,7,827040518149,13.659
2891,8,827061935449,11.804
2892,9,827081595949,13.071
2893,10,827105279049,13.611
2894,11,827121606550,12.806
2895,12,827143801650,11.634
2896,13,827164808350,13.543
2897,14,827183617450,13.903
2898,15,827202233151,13.991
2899,16,827221950451,12.439
2900,17,827246270151,15.736
2901,18,827264034552,11.163
2902,19,827283000952,14.842
2903,20,827301797652,14.019
2904,21,827320923352,15.517
2905,22,827341202653,11.917
2906,23,827361379253,12.231
2907,24,827380889953,11.443
2908,0,827400833153,12.468
2909,1,827420924254,11.889
2910,2,827440933654,13.633
2911,3,827461023354,11.398
2912,4,827482863354,12.147
2913,5,827502154755,11.915
2914,6,827520869555,10.610
2915,7,827540187455,11.588
2916,8,827561487255,10.747
2917,9,827580551756,13.414
2918,10,827600744756,11.470
2919,11,827620571756,10.858
2920,12,827640528956,10.504
2921,13,827660652757,11.329
2922,14,827680322657,9.787
2923,15,827700211457,10.415
2924,16,827720034457,11.690
2925,17,827740389758,13.045
2926,18,827760740958,11.830
2927,19,827781977158,11.700
2928,20,827801050959,12.589
2929,21,827820281259,12.380
2930,22,827842069859,16.337
2931,23,827862172059,13.427
2932,24,827881322560,13.692
2933,0,827901298360,19.712
2934,1,827922273860,22.762
2935,2,827942060860,15.665
2936,3,827962644461,16.720
2937,4,827983169561,17.189
2938,5,828003710961,13.852
2939,6,828021816261,14.464
2940,7,828041491662,13.839
2941,8,828061820762,16.257
2942,9,828081980662,12.841
2943,10,828101173762,12.470
2944,11,828120510463,11.257
2945,12,828140555763,10.511
2946,13,828161024063,9.662
2947,14,828181548264,12.445
2948,15,828200688464,13.456
2949,16,828220894664,12.304
2950,17,828241153164,11.628
2951,18,828261034265,10.601
2952,19,828281780265,11.933
2953,20,828301041465,13.407
2954,21,828321279765,11.898
2955,22,828341210566,14.347
2956,23,828363049666,13.284
2957,24,828382320966,13.106
2958,0,828401538366,13.570
2959,1,828421095667,12.153
2960,2,828441146967,13.134
2961,3,828461887067,10.756
2962,4,828481664067,13.500
2963,5,828501757768,11.909
2964,6,828521039868,12.388
2965,7,828541912268,12.372
2966,8,828562273569,10.864
2967,9,828580914069,10.254
2968,10,828600781769,10.086
2969,11,828620902169,11.717
2970,12,828640202870,10.295
2971,13,828660796970,10.121
2972,14,828680691570,11.564
2973,15,828700348370,10.092
2974,16,828720603371,13.104
2975,17,828741327171,11.218
2976,18,828761454871,10.795
2977,19,828781426471,10.216
2978,20,828801876372,11.486
2979,21,828820804272,12.311
2980,22,828841164972,12.487
2981,23,828862408572,10.611
2982,24,828880595473,10.499
2983,0,828900568073,10.980
2984,1,828921566473,14.493
2985,2,828941199273,11.674
2986,3,828961071574,10.481
2987,4,828980908874,9.741
2988,5,829000072274,9.796
2989,6,829020170874,11.094
2990,7,829041273175,15.807
2991,8,829061712575,11.381
2992,9,829080775275,9.569
2993,10,829101489476,13.094
2994,11,829122118076,15.341
2995,12,829142056776,12.971
2996,13,829161288876,10.684
2997,14,829182975777,14.522
2998,15,829201486877,13.370
2999,16,829238056577,36.468
3000,17,829245353477,35.791
3001,18,829265713378,25.164
3002,19,829286019178,17.933
3003,20,829304605878,15.069
3004,21,829321422878,13.909
3005,22,829341948879,16.285
3006,23,829361954779,12.517
3007,24,829382250379,14.737
3008,0,829402655879,14.448
3009,1,829422321680,17.002
3010,2,829444224880,14.779
3011,3,829462843180,15.056
3012,4,829482002981,14.688
3013,5,829501598281,15.248
3014,6,829522146081,16.372
3015,7,829543255981,19.616
3016,8,829569404782,25.003
3017,9,829588990382,23.907
3018,10,829608508382,22.067
3019,11,829623621582,19.867
3020,12,829642482483,17.366
3021,13,829663945883,15.776
3022,14,829684075183,14.301
3023,15,829701629683,15.992
3024,16,829726199784,12.159
3025,17,829740604284,10.442
3026,18,829760900184,9.845
3027,19,829780548884,10.251
3028,20,829799903685,10.983
3029,21,829819904185,11.224
3030,22,829840060385,11.301
3031,23,829860312885,10.782
3032,24,829880027586,9.845
3033,0,829900247586,11.606
3034,1,829921243686,13.039
3035,2,829940513087,10.509
3036,3,829961002187,10.404
3037,4,829980500787,9.381
3038,5,830000070187,11.147
3039,6,830021495988,10.546
3040,7,830040653188,10.295
3041,8,830061618088,9.744
3042,9,830081707888,20.639
3043,10,830103325589,15.682
3044,11,830121867789,14.326
3045,12,830142156389,12.941
3046,13,830161813189,21.298
3047,14,830184149590,17.010
3048,15,830203006590,18.250
3049,16,830226005690,15.373
3050,17,830243271290,12.986
3051,18,830261317791,14.077
3052,19,830283334791,12.289
3053,20,830300708691,12.508
3054,21,830320530891,12.280
3055,22,830340772592,11.163
3056,23,830361490592,10.554
3057,24,830380844392,12.577
3058,0,830401195293,11.249
3059,1,830421090993,12.929
3060,2,830441119493,11.510
3061,3,830461331193,10.979
3062,4,830481241494,12.027
3063,5,830500736294,10.702
3064,6,830520321394,10.394
3065,7,830540761494,11.006
3066,8,830561240995,13.217
3067,9,830580616595,12.167
3068,10,830600239395,10.137
3069,11,830620322395,10.356
3070,12,830639958396,10.134
3071,13,830660877896,11.168
3072,14,830680986796,9.302
3073,15,830700199096,9.637
3074,16,830720148497,10.862
3075,17,830740556397,10.541
3076,18,830760711097,9.820
3077,19,830780508198,10.985
3078,20,830800124698,9.831
3079,21,830820089998,9.962
3080,22,830840085498,10.471
3081,23,830860707899,9.006
3082,24,830880379199,9.222
3083,0,830900358299,9.959
3084,1,830919946999,13.651
3085,2,830940543600,11.146
3086,3,830961002000,13.026
3087,4,830980565000,9.604
3088,5,831001458900,10.031
3089,6,831020302601,10.154
3090,7,831040623301,9.854
3091,8,831061324601,9.750
3092,9,831080571301,10.401
3093,10,831100696802,10.528
3094,11,831120228702,10.289
3095,12,831140370402,13.752
3096,13,831161862402,12.349
3097,14,831180831003,12.497
3098,15,831200581003,11.326
3099,16,831221373303,10.751
3100,17,831240376804,12.329
3101,18,831262385504,14.562
3102,19,831282654404,10.284
3103,20,831301547904,11.350
3104,21,831321353905,12.129
3105,22,831341963505,10.611
3106,23,831360978705,10.473
3107,24,831380502805,11.856
3108,0,831400815706,12.882
3109,1,831421303306,14.069
3110,2,831440817906,13.491
3111,3,831461983006,12.371
3112,4,831482041007,11.748
3113,5,831503033607,12.242
3114,6,831521252607,12.625
3115,7,831540386707,11.686
3116,8,831560335408,9.721
3117,9,831580041008,10.659
3118,10,831600213408,9.790
3119,11,831620129108,9.551
3120,12,831639802409,9.360
3121,13,831660286609,9.004
3122,14,831679827409,9.322
3123,15,831700167110,11.076
3124,16,831719907210,10.177
3125,17,831740021910,9.767
3126,18,831760587110,9.968
3127,19,831780220911,9.228
3128,20,831800176211,10.440
3129,21,831820327011,9.792
3130,22,831840452011,9.342
3131,23,831860379812,9.424
3132,24,831880178412,9.221
3133,0,831900255412,9.031
3134,1,831921429312,11.534
3135,2,831940542513,10.505
3136,3,831961615813,9.013
3137,4,831981469913,9.420
3138,5,832000243513,10.998
3139,6,832020274414,10.313
3140,7,832040933514,9.522
3141,8,832060647014,9.249
3142,9,832080151015,9.690
3143,10,832100266615,10.327
3144,11,832120692915,9.861
3145,12,832140117515,10.201
3146,13,832160271516,12.205
3147,14,832180513816,9.176
3148,15,832200044016,9.914
3149,16,832219893216,9.748
3150,17,832240271417,10.302
3151,18,832260914217,9.361
3152,19,832280210117,10.229
3153,20,832299863817,10.316
3154,21,832320126118,9.251
3155,22,832340146818,10.280
3156,23,832360639618,9.152
3157,24,832380211918,9.629
3158,0,832400104319,9.703
3159,1,832420230919,9.276
3160,2,832440584619,10.257
3161,3,832460517919,9.882
3162,4,832480649820,9.545
3163,5,832500331520,10.084
3164,6,832519994320,10.680
3165,7,832540213921,10.043
3166,8,832560551421,11.256
3167,9,832581345321,11.657
3168,10,832600574421,10.293
3169,11,832620474722,10.355
3170,12,832640273922,10.569
3171,13,832660609822,9.500
3172,14,832680403822,10.662
3173,15,832700345023,10.356
3174,16,832720678323,11.168
3175,17,832740202423,10.399
3176,18,832760479223,9.983
3177,19,832780280524,10.275
3178,20,832799946624,9.902
3179,21,832820939824,9.886
3180,22,832840624524,10.057
3181,23,832860275525,9.404
3182,24,832879989125,9.350
3183,0,832900100425,9.543
3184,1,832922362526,10.411
3185,2,832940541926,10.537
3186,3,832961582626,9.767
3187,4,832980482626,10.100
3188,5,833000463527,9.826
3189,6,833020547727,9.718
3190,7,833040441227,9.640
3191,8,833060460727,9.265
3192,9,833079852428,9.127
3193,10,833100370428,11.408
3194,11,833120263428,11.061
3195,12,833140220328,9.995
3196,13,833160701229,9.844
3197,14,833181185229,9.806
3198,15,833200626329,10.021
3199,16,833220306029,10.927
3200,17,833241198530,11.514
3201,18,833261550930,14.095
3202,19,833282235230,10.893
3203,20,833301159630,10.257
3204,21,833321827031,11.470
3205,22,833341542531,9.997
3206,23,833360327331,10.815
3207,24,833380711032,10.871
3208,0,833400719132,10.194
3209,1,833421413632,11.924
3210,2,833442961932,11.488
3211,3,833464262133,11.400
3212,4,833486640933,12.533
3213,5,833500760933,12.640
3214,6,833520329433,10.730
3215,7,833541564234,9.534
3216,8,833560270634,9.079
3217,9,833580895534,9.043
3218,10,833600033434,9.387
3219,11,833619826435,9.719
3220,12,833640199535,9.411
3221,13,833659981835,10.040
3222,14,833679773335,9.230
3223,15,833699591936,10.055
3224,16,833719675236,9.834
3225,17,833740458836,10.315
3226,18,833760228036,9.371
3227,19,833780142037,9.189
3228,20,833800567737,10.521
3229,21,833820445337,13.354
3230,22,833840023538,10.079
3231,23,833860732238,9.529
3232,24,833880047238,9.721
3233,0,833899972839,9.582
3234,1,833919816939,12.928
3235,2,833940715239,11.492
3236,3,833960849340,10.866
3237,4,833979721740,9.451
3238,5,834000131240,9.888
3239,6,834019931741,10.004
3240,7,834040086341,9.631
3241,8,834060212942,9.050
3242,9,834079968442,9.171
3243,10,834100475542,11.223
3244,11,834119746143,11.728
3245,12,834139866943,11.095
3246,13,834161119443,9.673
3247,14,834180271144,10.329
3248,15,834200380944,10.935
3249,16,834220103444,10.767
3250,17,834240308845,10.146
3251,18,834261301245,10.238
3252,19,834279995645,9.795
3253,20,834300175646,11.772
3254,21,834320152846,10.168
3255,22,834339877647,11.721
3256,23,834360494947,9.274
3257,24,834380137347,12.010
3258,0,834400134148,9.855
3259,1,834420459048,9.722
3260,2,834439970748,10.011
3261,3,834460373149,9.722
3262,4,834481060549,11.496
3263,5,834500493249,10.520
3264,6,834521407950,10.702
3265,7,834540212850,11.079
3266,8,834560441351,9.204
3267,9,834580076751,9.627
3268,10,834599982851,9.628
3269,11,834619932152,10.340
3270,12,834640687552,10.910
3271,13,834660582452,9.495
3272,14,834680033553,9.608
3273,15,834700051653,9.529
3274,16,834719823653,10.257
3275,17,834740635954,10.313
3276,18,834760330154,10.454
3277,19,834780097554,9.319
3278,20,834800163655,10.382
3279,21,834820425955,11.028
3280,22,834840447256,10.506
3281,23,834861076956,14.700
3282,24,834880504256,13.954
3283,0,834900302357,9.782
3284,1,834921410157,12.312
3285,2,834940404757,10.655
3286,3,834960958458,10.329
3287,4,834980446758,9.968
3288,5,835000301458,10.129
3289,6,835020218859,10.361
3290,7,835040595759,9.501
3291,8,835060414459,9.007
3292,9,835081301160,11.684
3293,10,835100048160,9.772
3294,11,835119904761,9.690
3295,12,835140182161,9.848
3296,13,835161493261,9.839
3297,14,835180461862,9.633
3298,15,835200796762,11.377
3299,16,835221773962,21.573
3300,17,835241004663,11.454
3301,18,835263277763,10.544
3302,19,835280715363,11.804
3303,20,835301371364,11.507
3304,21,835321399964,11.179
3305,22,835342496365,15.701
3306,23,835362365465,12.645
3307,24,835380879365,14.188
3308,0,835400267066,10.481
3309,1,835421424666,20.814
3310,2,835440540766,11.318
3311,3,835461108667,12.108
3312,4,835482764667,13.791
3313,5,835500828367,12.027
3314,6,835523979968,12.880
3315,7,835542123068,11.767
3316,8,835562461668,10.557
3317,9,835580867169,12.982
3318,10,835601787869,11.567
3319,11,835620611070,11.321
3320,12,835640189270,9.916
3321,13,835660312470,9.931
3322,14,835680620571,9.709
3323,15,835700797671,9.938
3324,16,835719688171,9.924
3325,17,835741336672,9.480
3326,18,835760273272,9.248
3327,19,835780145672,10.923
3328,20,835801483073,11.230
3329,21,835820197373,9.835
3330,22,835839816773,10.172
3331,23,835860493574,10.530
3332,24,835881519774,13.497
3333,0,835900296875,10.723
3334,1,835920840975,17.875
3335,2,835941420475,13.438
3336,3,835962540676,12.656
3337,4,835981892676,12.639
3338,5,836000209176,11.176
3339,6,836020169177,10.962
3340,7,836040367077,10.287
3341,8,836060658277,9.584
3342,9,836079895878,10.313
3343,10,836099942378,10.854
3344,11,836120129178,9.838
3345,12,836139961979,10.653
3346,13,836160280479,9.401
3347,14,836179919080,9.274
3348,15,836199760380,9.679
3349,16,836220115780,9.505
3350,17,836240110981,9.848
3351,18,836260780481,9.585
3352,19,836280293881,9.686
3353,20,836300359382,10.405
3354,21,836319990782,13.383
3355,22,836340712982,10.748
3356,23,836361163383,9.137
3357,24,836380534083,9.754
3358,0,836399843083,10.904
3359,1,836420053484,10.445
3360,2,836439983984,10.538
3361,3,836460576485,9.411
3362,4,836479834285,9.210
3363,5,836499762685,12.435
3364,6,836520064586,10.410
3365,7,836540031386,10.272
3366,8,836560552686,9.673
3367,9,836579912187,9.791
3368,10,836599929287,10.247
3369,11,836620958787,10.569
3370,12,836641566388,10.265
3371,13,836661376888,10.107
3372,14,836681275089,11.331
3373,15,836701177689,10.044
3374,16,836720702189,9.507
3375,17,836740139190,10.013
3376,18,836760621290,9.083
3377,19,836780212090,9.209
3378,20,836800150291,9.186
3379,21,836820194191,9.480
3380,22,836840188691,9.528
3381,23,836860528592,9.171
3382,24,836879970392,9.274
3383,0,836899839692,9.718
3384,1,836921921293,14.237
3385,2,836941166593,10.034
3386,3,836961330494,9.249
3387,4,836980587094,11.814
3388,5,837000448494,11.444
3389,6,837020391695,10.839
3390,7,837041261795,10.534
3391,8,837060604195,9.825
3392,9,837079997296,9.457
3393,10,837100138196,9.552
3394,11,837120014996,9.592
3395,12,837140216497,10.114
3396,13,837160171797,9.062
3397,14,837180282497,8.996
3398,15,837199848898,9.450
3399,16,837220115698,10.149
3400,17,837240713299,12.225
3401,18,837262648299,14.126
3402,19,837281518999,13.341
3403,20,837301668200,13.380
3404,21,837321808900,12.957
3405,22,837341841500,12.617
3406,23,837362065101,15.602
3407,24,837381915901,13.114
3408,0,837401709401,14.951
3409,1,837421774202,12.316
3410,2,837442005602,11.487
3411,3,837460985903,14.982
3412,4,837481510903,13.172
3413,5,837502321703,13.123
3414,6,837520638104,11.235
3415,7,837543493704,11.853
3416,8,837564227104,10.231
3417,9,837581321505,10.969
3418,10,837600416105,11.188
3419,11,837620613205,12.149
3420,12,837641380906,11.833
3421,13,837660896806,15.133
3422,14,837681050806,12.454
3423,15,837701418307,14.933
3424,16,837721540307,13.530
3425,17,837741203708,13.384
3426,18,837761338808,15.540
3427,19,837780976708,11.812
3428,20,837801027909,11.732
3429,21,837820507609,11.119
3430,22,837841023309,10.431
3431,23,837861123310,11.583
3432,24,837880366110,10.454
3433,0,837900274810,11.078
3434,1,837921387411,14.330
3435,2,837941191211,14.626
3436,3,837962063612,11.047
3437,4,837981166112,11.719
3438,5,838000502112,12.275
3439,6,838020350613,11.298
3440,7,838040991213,12.355
3441,8,838061194613,12.657
3442,9,838080851614,12.633
3443,10,838101809714,12.445
3444,11,838121343914,11.503
3445,12,838140974015,13.749
3446,13,838162054415,13.790
3447,14,838181541015,14.387
3448,15,838201289616,11.421
3449,16,838220704116,12.839
3450,17,838241676917,11.340
3451,18,838260925917,10.747
3452,19,838280592417,12.746
3453,20,838300981118,10.151
3454,21,838320408618,11.778
3455,22,838340342818,11.588
3456,23,838361045519,9.749
3457,24,838380569519,9.742
3458,0,838400133619,10.434
3459,1,838419785020,9.646
3460,2,838440408320,10.354
3461,3,838461313720,9.475
3462,4,838480254621,11.612
3463,5,838499850421,11.018
3464,6,838520343322,9.584
3465,7,838540973522,10.549
3466,8,838560389122,9.195
3467,9,838580377523,9.058
3468,10,838600324723,9.635
3469,11,838620208923,11.410
3470,12,838639996724,10.300
3471,13,838660468724,9.021
3472,14,838679974924,9.099
3473,15,838699870525,9.898
3474,16,838719866325,10.282
3475,17,838740222325,9.954
3476,18,838760355026,9.183
3477,19,838779892426,9.608
3478,20,838799751927,9.752
3479,21,838820237327,10.298
3480,22,838840725727,11.942
3481,23,838860522428,10.387
3482,24,838881064128,10.996
3483,0,838900150528,10.839
3484,1,838921051829,11.967
3485,2,838940637329,11.120
3486,3,838961052729,10.351
3487,4,838980602930,11.081
3488,5,839000185130,10.753
3489,6,839020247430,9.711
3490,7,839041411631,9.279
3491,8,839060388131,9.511
3492,9,839080292332,9.029
3493,10,839100148132,9.655
3494,11,839120316132,10.220
3495,12,839140043433,10.044
3496,13,839160692633,8.777
3497,14,839180076533,10.120
3498,15,839199942734,10.580
3499,16,839220367434,10.421
3500,17,839240558334,11.288
3501,18,839262430035,11.301
3502,19,839282262435,10.584
3503,20,839301579036,10.708
3504,21,839320299736,11.216
3505,22,839341628036,12.460
3506,23,839361178237,10.565
3507,24,839385001637,12.187
3508,0,839401661937,11.437
3509,1,839421323638,12.552
3510,2,839441328738,12.594
3511,3,839465101638,11.076
3512,4,839481307639,11.882
3513,5,839500735239,10.122
3514,6,839520235339,9.634
3515,7,839540391240,10.596
3516,8,839562028940,11.017
3517,9,839581190041,13.027
3518,10,839600913941,11.817
3519,11,839620226241,10.992
3520,12,839640781042,11.098
3521,13,839660913442,9.942
3522,14,839679877842,9.638
3523,15,839699776643,10.405
3524,16,839720023443,10.324
3525,17,839739997543,9.759
3526,18,839760699944,9.746
3527,19,839779720844,10.039
3528,20,839799790544,10.065
3529,21,839819805045,10.101
3530,22,839840848445,9.619
3531,23,839860160246,8.930
3532,24,839879940346,9.753
3533,0,839899911446,10.891
3534,1,839922825447,13.969
3535,2,839941143847,10.920
3536,3,839961093247,11.380
3537,4,839980805948,14.175
3538,5,840001067248,11.256
3539,6,840020127048,10.210
3540,7,840040497149,10.206
3541,8,840060608349,9.557
3542,9,840080093149,9.411
3543,10,840099908450,10.155
3544,11,840120260350,9.600
3545,12,840140284051,9.958
3546,13,840160311551,10.057
3547,14,840179791351,8.935
3548,15,840199697952,10.964
3549,16,840219637752,10.712
3550,17,840241156452,10.340
3551,18,840261176553,9.913
3552,19,840280483953,11.240
3553,20,840300165653,10.615
3554,21,840321209354,11.028
3555,22,840341409054,10.352
3556,23,840360451355,12.475
3557,24,840381022255,10.419
3558,0,840399912855,10.527
3559,1,840419910556,10.197
3560,2,840440367956,11.178
3561,3,840460624656,9.079
3562,4,840480261957,9.477
3563,5,840499866957,9.567
3564,6,840519992957,9.145
3565,7,840540041758,9.142
3566,8,840560219958,8.878
3567,9,840581445258,9.439
3568,10,840599797859,10.384
3569,11,840620155259,10.194
3570,12,840640488960,10.334
3571,13,840660589760,11.342
3572,14,840680933860,11.847
3573,15,840700549161,10.967
3574,16,840720922361,10.238
3575,17,840740342961,11.216
3576,18,840760698462,10.095
3577,19,840779917562,9.771
3578,20,840800470662,12.606
3579,21,840819978163,10.380
3580,22,840840837463,10.047
3581,23,840860263363,9.354
3582,24,840880254464,9.331
3583,0,840900035364,9.975
3584,1,840920054665,13.743
3585,2,840941829465,12.500
3586,3,840960664965,11.223
3587,4,840980967066,10.539
3588,5,841000548466,10.201
3589,6,841020330966,11.366
3590,7,841041044567,11.557
3591,8,841061321067,10.125
3592,9,841080706267,12.298
3593,10,841101204868,11.497
3594,11,841120136868,10.305
3595,12,841140923568,9.653
3596,13,841161481169,15.920
3597,14,841181379769,11.397
3598,15,841201876770,10.763
3599,16,841220706470,11.118
3600,17,841241135670,12.490
3601,18,841262496771,15.764
3602,19,841283330271,12.937
3603,20,841301580571,13.975
3604,21,841320542972,12.465
3605,22,841341186772,12.547
3606,23,841361531572,15.355
3607,24,841383182073,15.152
3608,0,841400643773,12.368
3609,1,841422027774,13.301
3610,2,841443458674,13.933
3611,3,841465854874,15.071
3612,4,841483188175,16.041
3613,5,841505954475,13.499
3614,6,841521513075,13.685
3615,7,841540128076,11.865
3616,8,841561150876,9.476
3617,9,841579889176,13.053
3618,10,841600774777,9.961
3619,11,841620135277,9.727
3620,12,841640991277,9.618
3621,13,841660811578,9.394
3622,14,841679853878,10.655
3623,15,841701352179,9.484
3624,16,841720385779,9.831
3625,17,841740527879,9.282
3626,18,841760410480,9.258
3627,19,841780904780,12.578
3628,20,841800272080,10.759
3629,21,841820911181,10.466
3630,22,841840856181,9.717
3631,23,841861001881,10.658
3632,24,841880135082,10.262
3633,0,841900331982,9.342
3634,1,841920975482,11.367
3635,2,841940569983,11.857
3636,3,841961458683,11.335
3637,4,841979830983,9.323
3638,5,842000150484,10.258
3639,6,842020097484,10.499
3640,7,842040556985,9.689
3641,8,842060634585,9.495
3642,9,842080285885,10.371
3643,10,842100217186,9.664
3644,11,842119800386,10.322
3645,12,842140338386,9.772
3646,13,842161401287,11.180
3647,14,842180321687,9.790
3648,15,842200609387,11.016
3649,16,842220082388,9.766
3650,17,842240378688,10.348
3651,18,842260652088,9.175
3652,19,842280208489,9.937
3653,20,842300089189,9.525
3654,21,842320062990,9.834
3655,22,842339917690,9.366
3656,23,842360526790,9.738
3657,24,842379997491,9.297
3658,0,842399724091,9.760
3659,1,842419912891,10.175
3660,2,842440477692,9.685
3661,3,842460315192,9.919
3662,4,842480239692,10.039
3663,5,842500159293,11.217
3664,6,842520368893,10.315
3665,7,842540308893,9.867
3666,8,842560280594,9.308
3667,9,842579948994,9.453
3668,10,842599891994,10.069
3669,11,842620059895,12.008
3670,12,842639658395,10.605
3671,13,842660822096,9.519
3672,14,842680491996,8.908
3673,15,842700036896,11.151
3674,16,842719861797,9.886
3675,17,842741011397,13.347
3676,18,842760764697,10.023
3677,19,842780475898,10.254
3678,20,842800407798,10.601
3679,21,842820194598,10.576
3680,22,842842720899,10.804
3681,23,842861318499,10.270
3682,24,842880367099,10.092
3683,0,842899998500,10.595
3684,1,842921525100,12.175
3685,2,842941918000,10.026
3686,3,842960558701,10.266
3687,4,842980340401,9.649
3688,5,843000194602,10.108
3689,6,843020283402,9.881
3690,7,843040450502,10.287
3691,8,843060451403,9.486
3692,9,843080051603,9.340
3693,10,843099845003,9.751
3694,11,843119952204,10.633
3695,12,843140737904,10.591
3696,13,843160491204,10.026
3697,14,843180061705,10.518
3698,15,843200301905,14.578
3699,16,843220590405,9.922
3700,17,843240339106,10.194
3701,18,843261182906,13.884
3702,19,843280549306,12.342
3703,20,843301104207,11.643
3704,21,843320253807,11.138
3705,22,843340593108,12.573
3706,23,843361100208,9.979
3707,24,843381555908,11.473
3708,0,843401119009,11.534
3709,1,843421032709,12.452
3710,2,843441343609,11.100
3711,3,843461282510,11.303
3712,4,843480456110,11.070
3713,5,843501077810,10.552
3714,6,843520301911,10.717
3715,7,843540567411,9.693
3716,8,843560890311,9.410
3717,9,843580586012,13.961
3718,10,843600829512,10.090
3719,11,843620068912,10.049
3720,12,843640533613,9.433
3721,13,843660473413,8.876
3722,14,843680161014,9.281
3723,15,843699896714,9.723
3724,16,843720145014,9.550
3725,17,843740459815,9.151
3726,18,843760041115,9.724
3727,19,843779836415,9.296
3728,20,843800085716,9.395
3729,21,843820219516,9.428
3730,22,843840260316,9.373
3731,23,843860283417,9.899
3732,24,843880292317,9.640
3733,0,843900250817,10.989
3734,1,843922023118,10.808
3735,2,843940522118,9.788
3736,3,843960325618,9.316
3737,4,843979954719,10.270
3738,5,843999847619,10.955
3739,6,844020750320,10.335
3740,7,844040327020,10.347
3741,8,844060284220,9.551
3742,9,844080229921,9.685
3743,10,844100205921,9.904
3744,11,844119930521,9.722
3745,12,844140216022,9.881
3746,13,844160306322,9.103
3747,14,844180099622,9.621
3748,15,844199956823,10.282
3749,16,844220147523,10.592
3750,17,844240443423,10.945
3751,18,844260645224,10.341
3752,19,844280188024,9.459
3753,20,844299946324,9.883
3754,21,844319925625,10.377
3755,22,844340362125,9.277
3756,23,844360403926,9.587
3757,24,844379892726,9.614
3758,0,844399928626,10.161
3759,1,844419813827,9.952
3760,2,844440750027,9.688
3761,3,844459906227,9.446
3762,4,844479840528,9.389
3763,5,844499997528,10.644
3764,6,844520777028,9.917
3765,7,844541796629,10.268
3766,8,844560601429,12.931
3767,9,844580435629,10.038
3768,10,844600094930,10.792
3769,11,844620490430,13.274
3770,12,844640303031,10.369
3771,13,844660747331,9.935
3772,14,844679937231,10.015
3773,15,844700805932,9.827
3774,16,844720513732,9.843
3775,17,844740389032,10.400
3776,18,844761199633,10.560
3777,19,844779816333,9.667
3778,20,844799992033,10.486
3779,21,844819720034,10.409
3780,22,844840482234,9.897
3781,23,844860527234,9.486
3782,24,844880045735,9.823
3783,0,844900319635,9.698
3784,1,844921954435,11.574
3785,2,844940921836,10.986
3786,3,844961646836,12.729
3787,4,844980452937,11.316
3788,5,845000310737,11.008
3789,6,845020470437,12.044
3790,7,845041030938,9.976
3791,8,845060151638,9.857
3792,9,845079922638,9.390
3793,10,845100369839,9.926
3794,11,845120135039,10.127
3795,12,845140770539,9.377
3796,13,845160862940,9.114
3797,14,845180089340,9.061
3798,15,845199965440,11.253
3799,16,845220344341,10.260
3800,17,845240805941,10.742
3801,18,845262134041,14.243
3802,19,845281625642,14.434
3803,20,845301733642,11.442
3804,21,845320701543,11.018
3805,22,845340589143,10.833
3806,23,845361660743,13.293
3807,24,845383120744,10.178
3808,0,845400540244,10.567
3809,1,845420966644,12.426
3810,2,845441204645,13.428
3811,3,845461816045,13.980
3812,4,845481135845,12.684
3813,5,845502463946,12.799
3814,6,845523284346,12.436
3815,7,845542575446,11.252
3816,8,845561497547,9.482
3817,9,845580691447,10.435
3818,10,845600109447,10.441
3819,11,845620565948,10.291
3820,12,845640315748,10.421
3821,13,845661516649,10.133
3822,14,845680313449,10.111
3823,15,845700290149,10.263
3824,16,845720808550,11.033
3825,17,845741146650,9.741
3826,18,845760563350,9.100
3827,19,845779927751,14.718
3828,20,845800247351,10.216
3829,21,845820491951,10.035
3830,22,845840503652,10.213
3831,23,845860386752,9.916
3832,24,845880216952,10.095
3833,0,845900082153,9.825
3834,1,845921777753,13.609
3835,2,845941340553,11.639
3836,3,845961124854,10.542
3837,4,845980477654,10.285
3838,5,846000186555,10.919
3839,6,846020158455,11.271
3840,7,846041464855,10.989
3841,8,846060730756,11.297
3842,9,846080459256,12.076
3843,10,846100423456,10.492
3844,11,846120496957,12.976
3845,12,846140803457,9.569
3846,13,846160401357,9.505
3847,14,846180210658,9.812
3848,15,846200562158,9.690
3849,16,846220719658,9.853
3850,17,846240359159,9.450
3851,18,846260637759,9.939
3852,19,846280409459,9.461
3853,20,846300012860,9.760
3854,21,846319825060,10.422
3855,22,846340666761,9.658
3856,23,846360436161,10.139
3857,24,846380176561,10.278
3858,0,846399898962,11.469
3859,1,846420339562,10.866
3860,2,846441336562,11.383
3861,3,846461666363,9.728
3862,4,846480033363,9.994
3863,5,846499833763,10.508
3864,6,846520455464,10.781
3865,7,846540211864,11.043
3866,8,846561333364,9.297
3867,9,846579936865,9.772
3868,10,846599938165,9.694
3869,11,846620652465,9.829
3870,12,846640311866,9.775
3871,13,846660370666,9.725
3872,14,846680337167,10.195
3873,15,846700223167,11.674
3874,16,846720296667,10.855
3875,17,846741375468,9.665
3876,18,846761438768,13.273
3877,19,846780160768,10.672
3878,20,846800330869,10.793
3879,21,846820098469,9.916
3880,22,846840588269,9.771
3881,23,846860505370,9.724
3882,24,846879967670,9.391
3883,0,846899901270,9.581
3884,1,846921539071,11.012
3885,2,846940473771,10.121
3886,3,846960925972,9.042
3887,4,846980298172,8.976
3888,5,847000183072,10.034
3889,6,847020165973,11.883
3890,7,847041749473,9.198
3891,8,847061110173,11.790
3892,9,847081151074,11.399
3893,10,847099992774,10.458
3894,11,847120261574,15.003
3895,12,847140834675,9.242
3896,13,847160389575,9.538
3897,14,847180115475,9.888
3898,15,847200409576,9.595
3899,16,847221675676,10.194
3900,17,847240210876,9.798
3901,18,847261313677,10.724
3902,19,847280486877,9.998
3903,20,847301691278,11.753
3904,21,847321956178,15.206
3905,22,847343693678,9.714
3906,23,847364791179,9.893
3907,24,847380385179,11.895
3908,0,847401258079,14.530
3909,1,847421410080,12.627
3910,2,847442324080,12.688
3911,3,847462200680,12.251
3912,4,847480502581,13.024
3913,5,847503586181,12.153
3914,6,847522473181,12.372
3915,7,847542657882,11.674
3916,8,847562492982,9.721
3917,9,847580598682,10.681
3918,10,847600562383,10.650
3919,11,847620548783,10.538
3920,12,847641014784,9.925
3921,13,847661051784,11.841
3922,14,847680076784,10.597
3923,15,847699937185,9.820
3924,16,847720081285,10.338
3925,17,847740401285,9.815
3926,18,847760731486,10.209
3927,19,847780206086,10.680
3928,20,847800474386,12.510
3929,21,847820335587,13.791
3930,22,847840496787,10.854
3931,23,847861007687,9.878
3932,24,847880208588,9.744
3933,0,847899869788,9.718
3934,1,847920914088,11.602
3935,2,847942077589,12.012
3936,3,847960738089,10.473
3937,4,847979923890,9.988
3938,5,847999826590,10.606
3939,6,848020214990,10.462
3940,7,848040295291,10.964
3941,8,848060569491,9.822
3942,9,848080231791,10.021
3943,10,848099914992,10.499
3944,11,848120872692,11.828
3945,12,848140848092,10.294
3946,13,848160682293,9.992
3947,14,848180205193,12.481
3948,15,848200539693,10.167
3949,16,848219983294,11.150
3950,17,848240362094,8.991
3951,18,848259843794,9.769
3952,19,848279743295,9.723
3953,20,848300472395,9.344
3954,21,848319771396,10.226
3955,22,848339842796,10.941
3956,23,848360159296,9.286
3957,24,848379735797,8.840
3958,0,848399860197,10.391
3959,1,848420222497,9.499
3960,2,848440137398,9.491
3961,3,848460324998,11.547
3962,4,848480668398,15.380
3963,5,848500415099,11.160
3964,6,848519957099,10.709
3965,7,848540392999,9.682
3966,8,848560622800,9.108
3967,9,848580169300,9.418
3968,10,848600083300,9.965
3969,11,848619799901,9.671
3970,12,848640260101,9.347
3971,13,848660326202,8.706
3972,14,848679879202,8.868
3973,15,848700103002,9.364
3974,16,848719734503,9.493
3975,17,848740524803,9.479
3976,18,848760814203,9.190
3977,19,848779886704,10.043
3978,20,848799965904,10.582
3979,21,848820038904,10.273
3980,22,848840454905,9.939
3981,23,848860474505,9.397
3982,24,848880242105,12.185
3983,0,848900170106,9.978
3984,1,848921412706,12.165
3985,2,848940146106,9.919
3986,3,848960526607,10.193
3987,4,848980163207,9.650
3988,5,849001136208,9.729
3989,6,849020246308,11.268
3990,7,849040308808,10.118
3991,8,849060720709,9.463
3992,9,849079982409,9.637
3993,10,849099921509,10.423
3994,11,849120516510,9.459
3995,12,849140914510,10.994
3996,13,849160436710,10.015
3997,14,849180285511,10.748
3998,15,849200291511,10.324
3999,16,849220106111,9.856
4000,17,849240483912,9.687
4001,18,849260976712,11.111
4002,19,849280534112,11.255
4003,20,849300309513,10.901
4004,21,849320309413,10.643
4005,22,849340673114,10.122
4006,23,849361195414,10.887
4007,24,849380033014,10.807
4008,0,849400305715,11.139
4009,1,849421228315,11.489
4010,2,849441830815,11.893
4011,3,849461240316,11.719
4012,4,849484578116,13.705
4013,5,849500590716,12.465
4014,6,849520656817,11.716
4015,7,849540612417,10.230
4016,8,849561350017,9.170
4017,9,849580484418,10.505
4018,10,849599979618,10.290
4019,11,849620602019,10.353
4020,12,849640482719,9.447
4021,13,849660286119,9.969
4022,14,849680095520,10.148
4023,15,849700107320,9.471
4024,16,849719855220,9.800
4025,17,849740054721,9.563
4026,18,849759972821,9.248
4027,19,849779703621,9.989
4028,20,849800038622,10.586
4029,21,849820684222,9.996
4030,22,849840453824,9.636
4031,23,849860160731,10.195
4032,24,849880304838,10.383
4033,0,849899962046,9.340
4034,1,849920023053,13.335
4035,2,849940740760,10.087
4036,3,849961289768,10.435
4037,4,849980232274,9.940
4038,5,849999973281,9.692
4039,6,850020186889,9.697
4040,7,850040325396,8.960
4041,8,850060407903,8.804
4042,9,850079837110,10.058
4043,10,850099933317,10.055
4044,11,850119966425,9.584
4045,12,850140910132,9.863
4046,13,850160824839,9.791
4047,14,850180649146,11.066
4048,15,850200341553,10.288
4049,16,850220572361,9.975
4050,17,850240196468,9.590
4051,18,850260112475,10.104
4052,19,850280539982,9.712
4053,20,850300134089,9.755
4054,21,850321548297,10.149
4055,22,850340249504,9.292
4056,23,850360667211,8.716
4057,24,850380231018,9.898
4058,0,850399997125,9.548
4059,1,850419788832,9.615
4060,2,850439894239,9.324
4061,3,850460479247,9.731
4062,4,850480304754,10.505
4063,5,850501323961,10.083
4064,6,850520763668,11.027
4065,7,850540777476,9.581
4066,8,850560934483,9.542
4067,9,850580123590,9.932
4068,10,850599992397,10.375
4069,11,850620761704,10.027
4070,12,850640615512,10.422
4071,13,850660795519,10.234
4072,14,850679868426,9.780
4073,15,850700506033,10.081
4074,16,850719990540,10.424
4075,17,850740579247,9.161
4076,18,850760610155,9.400
4077,19,850780047062,9.918
4078,20,850800315169,10.986
4079,21,850820343376,10.960
4080,22,850841157284,9.732
4081,23,850861083991,9.969
4082,24,850880477198,10.439
4083,0,850900473005,10.437
4084,1,850920122312,13.098
4085,2,850940870519,9.854
4086,3,850960785126,10.705
4087,4,850980823234,10.119
4088,5,851000558241,9.862
4089,6,851020291348,10.076
4090,7,851040220855,9.428
4091,8,851060133062,9.217
4092,9,851080055969,11.069
4093,10,851099904776,10.825
4094,11,851120485284,9.705
4095,12,851140297391,9.564
4096,13,851160610298,18.987
4097,14,851181386506,13.292
4098,15,851200981613,13.575
4099,16,851220742820,11.692
4100,17,851241219827,12.210
4101,18,851261723335,13.618
4102,19,851281923242,14.258
4103,20,851301665249,11.242
4104,21,851320497756,15.179
4105,22,851342316263,10.118
4106,23,851361954571,13.883
4107,24,851380657677,16.473
4108,0,851402541085,12.943
4109,1,851420804592,13.555
4110,2,851441414199,12.170
4111,3,851461819606,12.979
4112,4,851481766014,12.448
4113,5,851502601521,12.170
4114,6,851523725629,15.852
4115,7,851547892737,22.557
4116,8,851563868843,13.532
4117,9,851580551649,10.432
4118,10,851601202356,12.329
4119,11,851620678963,14.156
4120,12,851640979371,10.176
4121,13,851661114278,12.830
4122,14,851680778285,11.087
4123,15,851699849192,10.436
4124,16,851720418499,9.429
4125,17,851741089107,9.368
4126,18,851760226614,9.128
4127,19,851780037221,10.003
4128,20,851800197928,9.534
4129,21,851820201735,9.723
4130,22,851839974542,9.460
4131,23,851860045349,9.779
4132,24,851879973757,9.591
4133,0,851899704464,9.866
4134,1,851922212872,10.983
4135,2,851940617778,10.316
4136,3,851961130986,9.672
4137,4,851981001893,9.831
4138,5,851999929400,10.304
4139,6,852020533407,10.019
4140,7,852041782815,10.065
4141,8,852060371621,9.102
4142,9,852079953028,9.824
4143,10,852099954736,9.520
4144,11,852120560643,9.403
4145,12,852140533550,9.127
4146,13,852160191957,9.687
4147,14,852180251464,9.904
4148,15,852199876171,10.307
4149,16,852220057579,10.434
4150,17,852240611186,9.173
4151,18,852260275793,9.755
4152,19,852279881500,9.893
4153,20,852300980108,10.916
4154,21,852320051415,9.656
4155,22,852340497022,9.384
4156,23,852360930329,10.948
4157,24,852380398436,11.502
4158,0,852400223943,10.120
4159,1,852420431351,9.961
4160,2,852440239458,9.492
4161,3,852460220165,8.761
4162,4,852480092472,9.110
4163,5,852499796879,9.497
4164,6,852519610786,9.575
4165,7,852540429894,9.007
4166,8,852560099801,11.232
4167,9,852579922508,9.723
4168,10,852600025815,9.715
4169,11,852620039122,9.777
4170,12,852640569130,9.674
4171,13,852660651237,9.254
4172,14,852680145844,10.212
4173,15,852699865151,10.550
4174,16,852720337058,10.443
4175,17,852741283266,11.601
4176,18,852760609673,9.044
4177,19,852779810980,10.701
4178,20,852799869687,11.648
4179,21,852819686194,10.272
4180,22,852840548701,9.180
4181,23,852860381309,9.228
4182,24,852879908016,9.686
4183,0,852899824923,9.934
4184,1,852920666630,12.445
4185,2,852940335637,11.704
4186,3,852960368544,10.012
4187,4,852980151952,10.880
4188,5,853000548859,10.235
4189,6,853020681166,10.866
4190,7,853040527173,9.973
4191,8,853060274080,9.637
4192,9,853079800787,9.789
4193,10,853099890895,9.780
4194,11,853120325602,9.796
4195,12,853140150409,9.269
4196,13,853160360616,9.302
4197,14,853179816623,9.785
4198,15,853200962231,9.467
4199,16,853220110138,9.311
4200,17,853239980945,9.735
4201,18,853260330152,11.092
4202,19,853280674760,10.445
4203,20,853300971967,10.367
4204,21,853320187074,11.067
4205,22,853340962681,13.549
4206,23,853361084488,9.931
4207,24,853381489396,13.088
4208,0,853400871303,11.128
4209,1,853420262410,11.462
4210,2,853440982417,11.393
4211,3,853460822224,13.413
4212,4,853480996131,11.933
4213,5,853500100338,10.989
4214,6,853520064645,11.007
4215,7,853540434953,9.419
4216,8,853560187660,10.065
4217,9,853581010267,9.604
4218,10,853600077474,9.905
4219,11,853620204581,9.090
4220,12,853640125989,9.737
4221,13,853659867496,9.537
4222,14,853679903803,9.733
4223,15,853699943910,9.575
4224,16,853719897517,11.387
4225,17,853740070424,9.860
4226,18,853760767932,9.474
4227,19,853780354739,9.708
4228,20,853800310146,9.529
4229,21,853819980153,9.746
4230,22,853840144060,9.183
4231,23,853859699967,9.572
4232,24,853879976575,12.393
4233,0,853900213382,9.870
4234,1,853922324490,11.463
4235,2,853941265697,10.107
4236,3,853960860104,10.137
4237,4,853980097911,10.242
4238,5,853999852718,10.689
4239,6,854020106525,11.006
4240,7,854041110433,12.891
4241,8,854061482340,13.019
4242,9,854080803247,11.849
4243,10,854101363154,10.659
4244,11,854120450161,12.248
4245,12,854141960969,11.883
4246,13,854161316376,10.028
4247,14,854180186683,10.337
4248,15,854199949790,11.237
4249,16,854220313697,11.561
4250,17,854240641004,9.396
4251,18,854260101311,10.337
4252,19,854280185118,10.713
4253,20,854299783625,9.934
4254,21,854319868733,9.788
4255,22,854340252840,9.184
4256,23,854361549248,11.307
4257,24,854380890755,10.720
4258,0,854400160662,11.259
4259,1,854420233669,10.467
4260,2,854440820176,9.915
4261,3,854460938283,10.178
4262,4,854480793790,11.584
4263,5,854500286497,10.373
4264,6,854520840405,11.931
4265,7,854540542012,9.314
4266,8,854560245819,9.983
4267,9,854580445426,11.205
4268,10,854600911834,11.041
4269,11,854619989540,10.867
4270,12,854640825748,9.663
4271,13,854661018155,9.653
4272,14,854680802262,12.405
4273,15,854700227169,10.542
4274,16,854719948376,9.976
4275,17,854740600684,12.159
4276,18,854760337691,10.346
4277,19,854780141098,11.072
4278,20,854800477105,10.134
4279,21,854820409912,10.516
4280,22,854840440020,9.065
4281,23,854860073227,8.739
4282,24,854879782534,9.301
4283,0,854899866341,9.338
4284,1,854920634448,13.454
4285,2,854940505856,10.914
4286,3,854960447663,9.680
4287,4,854980720970,10.360
4288,5,855000288777,9.981
4289,6,855020211284,9.604
4290,7,855041121092,9.483
4291,8,855060338099,9.063
4292,9,855080227706,11.553
4293,10,855100263513,9.896
4294,11,855120433220,9.925
4295,12,855140789327,10.242
4296,13,855160429335,10.144
4297,14,855180920542,9.283
4298,15,855200073549,9.548
4299,16,855219763256,10.158
4300,17,855240783663,10.369
4301,18,855260764371,14.434
4302,19,855281137378,10.323
4303,20,855300588985,12.169
4304,21,855320258492,12.575
4305,22,855342284000,11.016
4306,23,855361471307,10.453
4307,24,855381148214,11.879
4308,0,855401157921,12.608
4309,1,855419822528,12.710
4310,2,855445410737,12.648
4311,3,855461330143,12.893
4312,4,855480777850,14.353
4313,5,855501691757,12.224
4314,6,855520333164,12.272
4315,7,855540949971,11.329
4316,8,855560902378,9.387
4317,9,855580918685,9.436
4318,10,855602077793,10.036
4319,11,855620250300,10.085
4320,12,855640303507,9.163
4321,13,855660529314,9.228
4322,14,855679788921,12.740
4323,15,855700574728,9.900
4324,16,855720236136,10.295
4325,17,855740293443,9.197
4326,18,855760450050,9.482
4327,19,855779924657,10.443
4328,20,855800446964,10.671
4329,21,855820070171,10.712
4330,22,855840591579,9.846
4331,23,855860180186,12.400
4332,24,855880072993,9.847
4333,0,855900222800,10.617
4334,1,855922267708,11.132
4335,2,855940619515,10.674
4336,3,855960445222,9.984
4337,4,855980547329,10.519
4338,5,856000594136,10.703
4339,6,856019949543,10.276
4340,7,856040370550,9.501
4341,8,856060400358,9.509
4342,9,856080248565,10.265
4343,10,856100166672,10.329
4344,11,856120366979,9.585
4345,12,856140255186,9.397
4346,13,856160304694,10.043
4347,14,856180132801,10.000
4348,15,856200167408,10.666
4349,16,856220176915,10.344
4350,17,856240588522,10.079
4351,18,856259921329,10.639
4352,19,856280092337,10.475
4353,20,856299958944,10.309
4354,21,856321117351,10.918
4355,22,856340569858,9.368
4356,23,856360032665,9.068
4357,24,856379730572,10.311
4358,0,856399695680,9.873
4359,1,856419665187,10.750
4360,2,856440714594,9.077
4361,3,856460441401,9.505
4362,4,856479837408,10.054
4363,5,856500294816,10.534
4364,6,856520879523,13.153
4365,7,856540966530,9.655
4366,8,856560959137,14.739
4367,9,856580592544,11.795
4368,10,856600221052,10.252
4369,11,856620240359,10.401
4370,12,856640773566,10.303
4371,13,856660066273,9.791
4372,14,856680074380,10.581
4373,15,856700512288,9.481
4374,16,856719918894,9.581
4375,17,856739911002,9.353
4376,18,856760242409,9.337
4377,19,856780159316,9.386
4378,20,856800037123,9.435
4379,21,856819968130,9.714
4380,22,856841011038,9.117
4381,23,856861039545,10.020
4382,24,856880259052,10.113
4383,0,856900197159,9.968
4384,1,856920287866,14.887
4385,2,856940820274,9.708
4386,3,856960254081,9.695
4387,4,856980091988,9.819
4388,5,857000725595,12.078
4389,6,857020831503,10.859
4390,7,857040664610,9.869
4391,8,857060316917,9.653
4392,9,857080307424,9.870
4393,10,857099883231,9.926
4394,11,857120057838,9.573
4395,12,857140349345,10.844
4396,13,857160125053,8.847
4397,14,857179997860,9.914
4398,15,857200438167,10.293
4399,16,857220338274,11.793
4400,17,857241090282,10.621
4401,18,857262504889,14.508
4402,19,857281392796,11.692
4403,20,857300675003,10.397
4404,21,857321110910,13.839
4405,22,857341798518,10.878
4406,23,857360820425,10.855
4407,24,857380370432,13.689
4408,0,857400245939,12.998
4409,1,857420188646,10.286
4410,2,857440919453,10.497
4411,3,857461342361,11.696
4412,4,857480559166,13.210
4413,5,857501449167,10.587
4414,6,857522472867,10.231
4415,7,857541167067,15.696
4416,8,857560550267,14.246
4417,9,857581116368,11.110
4418,10,857600621468,11.582
4419,11,857621624968,11.045
4420,12,857641691869,11.322
4421,13,857660685069,10.436
4422,14,857680427769,11.170
4423,15,857700488069,11.103
4424,16,857720138270,10.061
4425,17,857740565370,9.094
4426,18,857760403070,9.603
4427,19,857780373570,9.942
4428,20,857800027771,10.498
4429,21,857820281971,10.950
4430,22,857840451871,9.625
4431,23,857860112772,12.768
4432,24,857880675172,10.156
4433,0,857900236873,10.655
4434,1,857921467474,14.126
4435,2,857941551774,14.402
4436,3,857961341775,11.891
4437,4,857981088476,10.395
4438,5,858000279576,10.432
4439,6,858020272277,10.225
4440,7,858040340777,9.534
4441,8,858060619278,9.874
4442,9,858079971679,9.889
4443,10,858099877779,9.697
4444,11,858120033280,9.611
4445,12,858140592881,10.206
4446,13,858159968281,9.100
4447,14,858179766282,9.609
4448,15,858200123882,9.490
4449,16,858219959383,9.995
4450,17,858240167284,9.107
4451,18,858260226784,10.002
4452,19,858280571685,9.872
4453,20,858300187885,11.603
4454,21,858320078186,10.420
4455,22,858340771787,9.032
4456,23,858360355787,9.703
4457,24,858379790388,9.605
4458,0,858399925489,10.484
4459,1,858419945889,9.762
4460,2,858440300190,9.374
4461,3,858460144290,9.116
4462,4,858480203691,10.349
4463,5,858499963492,10.344
4464,6,858520566392,10.315
4465,7,858540473993,9.232
4466,8,858560195194,9.608
4467,9,858580137194,9.575
4468,10,858600542595,9.839
4469,11,858620511395,11.482
4470,12,858640374096,9.850
4471,13,858660222797,9.485
4472,14,858679982497,10.198
4473,15,858699978098,9.933
4474,16,858720488299,10.065
4475,17,858740176399,8.953
4476,18,858760270700,9.015
4477,19,858779946000,9.675
4478,20,858799963501,9.792
4479,21,858819990002,9.415
4480,22,858840130002,9.246
4481,23,858859837303,9.601
4482,24,858880445403,9.294
4483,0,858899809304,9.383
4484,1,858921035505,12.322
4485,2,858940748605,11.125
4486,3,858961095906,10.577
4487,4,858980535807,11.222
4488,5,859000295307,11.151
4489,6,859020142808,9.757
4490,7,859040941608,9.393
4491,8,859060057109,10.118
4492,9,859081591010,9.977
4493,10,859099971310,10.329
4494,11,859120315411,10.063
4495,12,859140450812,9.203
4496,13,859160152012,9.714
4497,14,859180083213,9.820
4498,15,859200196113,9.978
4499,16,859219941314,9.815
4500,17,859240775915,9.347
4501,18,859261128215,11.063
4502,19,859280994216,13.933
4503,20,859300843417,12.301
4504,21,859320672117,15.374
4505,22,859341089218,21.142
4506,23,859361747618,11.711
4507,24,859380758419,22.866
4508,0,859400718920,15.193
4509,1,859420922220,11.135
4510,2,859440619121,13.602
4511,3,859460851321,11.351
4512,4,859482083322,13.286
4513,5,859501914623,13.486
4514,6,859521698623,12.534
4515,7,859543927624,14.288
4516,8,859564099325,12.579
4517,9,859581336425,12.159
4518,10,859600345226,10.550
4519,11,859620496926,10.843
4520,12,859640965727,12.907
4521,13,859662018328,10.832
4522,14,859680625628,11.032
4523,15,859701422829,11.922
4524,16,859720353530,11.914
4525,17,859741664030,9.777
4526,18,859760295131,9.236
4527,19,859780275831,10.131
4528,20,859800901532,11.462
4529,21,859820110733,10.250
4530,22,859840561533,9.624
4531,23,859860206534,9.907
4532,24,859880315635,9.729
4533,0,859900089135,13.711
4534,1,859921668536,13.389
4535,2,859941570636,9.490
4536,3,859960984237,10.508
4537,4,859980661838,10.208
4538,5,860000394638,11.209
4539,6,860020350539,10.379
4540,7,860041138939,9.825
4541,8,860060243240,9.928
4542,9,860080508641,9.550
4543,10,860100108541,11.999
4544,11,860120020442,10.306
4545,12,860140427443,9.115
4546,13,860159784443,8.984
4547,14,860179874544,10.710
4548,15,860200307744,9.298
4549,16,860220762845,10.360
4550,17,860240303446,9.287
4551,18,860259958646,9.742
4552,19,860280459947,9.568
4553,20,860300094048,10.364
4554,21,860319822748,10.358
4555,22,860341246249,13.489
4556,23,860362445649,10.125
4557,24,860380238450,10.341
4558,0,860400220651,12.355
4559,1,860420261451,10.688
4560,2,860440677852,10.168
4561,3,860460425053,9.413
4562,4,860480695553,9.382
4563,5,860500402854,12.229
4564,6,860520058054,12.872
4565,7,860542165955,13.320
4566,8,860561881356,11.138
4567,9,860580095956,10.106
4568,10,860599973657,9.712
4569,11,860620543457,9.864
4570,12,860640463758,9.987
4571,13,860660839759,10.046
4572,14,860680217459,10.431
4573,15,860700494360,11.832
4574,16,860720345561,10.815
4575,17,860741162261,10.823
4576,18,860760669962,13.927
4577,19,860780310262,13.485
4578,20,860800125563,9.789
4579,21,860820796364,9.611
4580,22,860840386064,9.208
4581,23,860859790865,9.220
4582,24,860879995266,9.758
4583,0,860901478766,10.973
4584,1,860922075467,13.628
4585,2,860940662567,10.902
4586,3,860960835268,11.660
4587,4,860980639769,10.278
4588,5,861000107469,10.623
4589,6,861020190870,10.199
4590,7,861040310670,9.732
4591,8,861060156271,13.052
4592,9,861080483572,10.326
4593,10,861100637972,10.812
4594,11,861120509773,13.442
4595,12,861140782974,9.362
4596,13,861160859874,12.806
4597,14,861180936075,13.414
4598,15,861200336075,11.845
4599,16,861221485776,11.204
4600,17,861240546877,11.279
4601,18,861261519677,17.090
4602,19,861282119378,24.905
4603,20,861302005579,13.637
4604,21,861321408879,10.628
4605,22,861340707480,10.075
4606,23,861360355980,11.800
4607,24,861381642781,12.789
4608,0,861400619082,15.555
4609,1,861425117782,11.033
4610,2,861441196283,11.580
4611,3,861461453084,13.405
4612,4,861480734184,13.313
4613,5,861501114785,12.123
4614,6,861521236485,15.607
4615,7,861540771086,11.212
4616,8,861560699287,9.800
4617,9,861580137587,10.479
4618,10,861602156288,11.655
4619,11,861619962988,9.672
4620,12,861640847889,10.321
4621,13,861659996790,9.549
4622,14,861680103390,9.736
4623,15,861700757391,10.536
4624,16,861720109592,9.922
4625,17,861741856592,9.783
4626,18,861760676293,9.190
4627,19,861780408493,10.872
4628,20,861800698594,12.470
4629,21,861821820695,9.564
4630,22,861841709895,10.113
4631,23,861860043796,12.065
4632,24,861880372797,11.546
4633,0,861900829697,10.257
4634,1,861921212298,12.172
4635,2,861940848798,9.512
4636,3,861960312299,9.387
4637,4,861979920100,9.435
4638,5,862000196600,9.521
4639,6,862020588701,11.184
4640,7,862040337102,9.249
4641,8,862059872602,8.944
4642,9,862079923603,9.671
4643,10,862100284003,9.621
4644,11,862120371504,10.246
4645,12,862140496805,11.300
4646,13,862160404705,9.542
4647,14,862180150706,11.693
4648,15,862200929406,9.855
4649,16,862220132307,10.373
4650,17,862240659208,10.015
4651,18,862259979408,9.983
4652,19,862280798109,11.381
4653,20,862300109610,11.590
4654,21,862320324110,10.234
4655,22,862340523111,9.235
4656,23,862360078811,8.903
4657,24,862380048612,9.613
4658,0,862400110213,10.653
4659,1,862420202113,10.014
4660,2,862440270714,9.415
4661,3,862459908615,10.004
4662,4,862480480615,9.921
4663,5,862500108216,10.597
4664,6,862519994916,11.446
4665,7,862540811317,9.701
4666,8,862560353518,10.901
4667,9,862580168618,11.005
4668,10,862600460919,9.999
4669,11,862620647420,13.145
4670,12,862641347120,10.089
4671,13,862660590321,10.767
4672,14,862680068321,10.160
4673,15,862700217522,9.881
4674,16,862720048023,10.364
4675,17,862740607123,9.460
4676,18,862760365724,10.155
4677,19,862779898724,10.042
4678,20,862800039525,9.845
4679,21,862820132026,9.871
4680,22,862840770826,10.376
4681,23,862860210327,11.061
4682,24,862880276028,11.642
4683,0,862901008428,11.371
4684,1,862921017729,15.314
4685,2,862941784329,10.970
4686,3,862961510830,11.561
4687,4,862980523731,10.553
4688,5,862999941331,9.934
4689,6,863020397432,9.854
4690,7,863040307533,9.660
4691,8,863059932133,9.919
4692,9,863079833634,10.623
4693,10,863100170734,9.355
4694,11,863120104335,9.493
4695,12,863140460636,8.874
4696,13,863159947636,9.903
4697,14,863180173137,9.762
4698,15,863200225037,9.695
4699,16,863219925738,10.659
4700,17,863240553939,10.091
4701,18,863261197639,12.454
4702,19,863281544040,11.925
4703,20,863300593641,13.071
4704,21,863322179841,10.481
4705,22,863340899142,10.458
4706,23,863361411842,10.459
4707,24,863380955543,10.082
4708,0,863400668644,10.581
4709,1,863420795244,13.754
4710,2,863442321545,17.533
4711,3,863462425346,11.957
4712,4,863481006346,13.061
4713,5,863501898347,12.582
4714,6,863520470347,11.585
4715,7,863542626348,9.661
4716,8,863560394649,9.418
4717,9,863581102449,11.915
4718,10,863600287750,13.428
4719,11,863620672751,10.433
4720,12,863640518651,9.435
4721,13,863660116352,11.826
4722,14,863679964152,10.224
4723,15,863701024553,10.056
4724,16,863722434054,9.392
4725,17,863741435954,9.086
4726,18,863760827555,9.415
4727,19,863780924556,12.143
4728,20,863800195156,10.036
4729,21,863820670557,9.722
4730,22,863840503857,9.125
4731,23,863859917058,9.170
4732,24,863880444759,9.399
4733,0,863899826759,9.620
4734,1,863920440960,13.423
4735,2,863941258160,10.985
4736,3,863961180461,10.540
4737,4,863980702062,11.613
4738,5,864000331362,10.685
4739,6,864023799363,10.192
4740,7,864041778564,9.463
4741,8,864060436864,11.371
4742,9,864079840065,10.177
4743,10,864100390065,9.669
4744,11,864119970766,10.814
4745,12,864140271967,9.165
4746,13,864159795767,9.308
4747,14,864179797468,9.821
4748,15,864200204869,10.093
4749,16,864219737169,9.555
4750,17,864240297970,9.090
4751,18,864261911270,10.298
4752,19,864281962671,10.665
4753,20,864300049672,10.464
4754,21,864320079472,11.360
4755,22,864340815773,9.677
4756,23,864360238473,10.390
4757,24,864380200274,11.924
4758,0,864400193675,12.303
4759,1,864420641175,9.782
4760,2,864440345176,10.463
4761,3,864460064177,11.022
4762,4,864480525977,10.695
4763,5,864500165678,10.304
4764,6,864520561878,12.396
4765,7,864541709579,9.326
4766,8,864560234880,9.918
4767,9,864579824980,10.037
4768,10,864599904881,10.425
4769,11,864620633382,10.620
4770,12,864640640082,10.181
4771,13,864660471483,9.518
4772,14,864680139183,10.551
4773,15,864699925284,10.415
4774,16,864720806285,10.790
4775,17,864740366985,9.429
4776,18,864761087486,12.601
4777,19,864780195187,10.231
4778,20,864800841487,11.026
4779,21,864820015388,10.062
4780,22,864840515988,9.672
4781,23,864860396589,9.114
4782,24,864880130090,9.331
4783,0,864900163390,9.584
4784,1,864919796191,14.407
4785,2,864942304992,12.161
4786,3,864960216492,10.545
4787,4,864980289193,10.370
4788,5,865001568393,12.092
4789,6,865021043994,11.761
4790,7,865041109395,10.091
4791,8,865060545695,11.505
4792,9,865080647096,10.244
4793,10,865100128596,10.781
4794,11,865120642697,9.835
4795,12,865140491198,9.314
4796,13,865160163298,10.289
4797,14,865179988899,9.402
4798,15,865199876300,9.709
4799,16,865220612500,10.182
4800,17,865241512101,12.017
4801,18,865261044001,11.591
4802,19,865280881702,11.860
4803,20,865300278203,11.745
4804,21,865321850203,12.763
4805,22,865341716604,11.881
4806,23,865361401805,14.032
4807,24,865381366005,12.086
4808,0,865401035806,12.681
4809,1,865421873106,12.981
4810,2,865441649107,12.152
4811,3,865462560008,11.075
4812,4,865481216508,11.526
4813,5,865500872009,11.008
4814,6,865521340210,13.982
4815,7,865540971610,10.717
4816,8,865560306011,10.070
4817,9,865580550011,10.798
4818,10,865600159212,10.698
4819,11,865620960713,10.206
4820,12,865641587813,9.980
4821,13,865660457114,9.008
4822,14,865679914014,10.111
4823,15,865700303415,10.391
4824,16,865720560216,10.489
4825,17,865741105016,11.852
4826,18,865760260917,9.469
4827,19,865780448318,10.219
4828,20,865800316018,10.844
4829,21,865822526919,11.259
4830,22,865841211019,11.358
4831,23,865860121220,9.661
4832,24,865882415421,10.140
4833,0,865900199921,10.657
4834,1,865922010122,12.957
4835,2,865941365622,9.532
4836,3,865960521023,9.696
4837,4,865980340924,10.143
4838,5,865999996324,11.004
4839,6,866020540525,9.745
4840,7,866040616325,9.310
4841,8,866060417426,9.492
4842,9,866080378427,15.103
4843,10,866102062127,9.976
4844,11,866121453228,9.743
4845,12,866141209028,9.909
4846,13,866159843729,11.099
4847,14,866180664630,9.894
4848,15,866200316830,10.632
4849,16,866220235331,10.590
4850,17,866241669831,9.231
4851,18,866259951832,9.455
4852,19,866280927333,9.963
4853,20,866300316133,10.408
4854,21,866320201334,9.341
4855,22,866340163634,9.367
4856,23,866360972435,11.674
4857,24,866380527636,9.320
4858,0,866400222136,9.861
4859,1,866420598437,10.151
4860,2,866440495937,10.687
4861,3,866460494838,10.607
4862,4,866480261639,10.126
4863,5,866500368539,10.978
4864,6,866520691740,9.675
4865,7,866540457940,9.837
4866,8,866560364141,9.212
4867,9,866580128242,9.786
4868,10,866600149142,9.559
4869,11,866620706443,10.884
4870,12,866640954743,9.023
4871,13,866660100644,8.900
4872,14,866679895545,10.258
4873,15,866699754445,9.530
4874,16,866720189146,9.377
4875,17,866740518646,8.998
4876,18,866759992447,9.648
4877,19,866780371048,10.037
4878,20,866800911448,10.852
4879,21,866820761049,13.848
4880,22,866841279449,11.602
4881,23,866860380050,10.741
4882,24,866880224551,10.002
4883,0,866900049051,10.930
4884,1,866921559952,11.891
4885,2,866941050952,10.033
4886,3,866960465853,10.325
4887,4,866980470154,9.768
4888,5,867000345454,10.385
4889,6,867020163055,11.324
4890,7,867040994255,9.126
4891,8,867060083556,9.200
4892,9,867080877457,11.817
4893,10,867100599157,10.088
4894,11,867120526458,10.554
4895,12,867140824658,10.703
4896,13,867160790359,12.278
4897,14,867180485160,10.369
4898,15,867200175860,10.675
4899,16,867221522961,10.246
4900,17,867240274261,9.635
4901,18,867260483462,10.458
4902,19,867280763463,13.198
4903,20,867300284963,10.576
4904,21,867321657864,12.370
4905,22,867341482164,11.153
4906,23,867360537765,10.577
4907,24,867382000966,11.678
4908,0,867401090066,10.421
4909,1,867421879367,13.234
4910,2,867443046867,13.761
4911,3,867463025968,16.068
4912,4,867483072969,16.249
4913,5,867504574969,21.165
4914,6,867523251670,11.942
4915,7,867541622070,12.573
4916,8,867560201071,10.820
4917,9,867580541472,10.366
4918,10,867599974272,10.081
4919,11,867620480273,9.855
4920,12,867640198673,9.661
4921,13,867660034974,9.322
4922,14,867680625475,13.422
4923,15,867700230475,10.187
4924,16,867720379576,9.835
4925,17,867740278476,9.516
4926,18,867760641377,9.865
4927,19,867780239478,9.896
4928,20,867800227478,9.769
4929,21,867820363279,9.520
4930,22,867840669779,10.555
4931,23,867863713080,13.592
4932,24,867880338281,11.611
4933,0,867900247781,18.341
4934,1,867923079182,12.386
4935,2,867941933482,10.991
4936,3,867960658383,10.989
4937,4,867980196484,11.132
4938,5,868000653784,10.162
4939,6,868020466485,9.841
4940,7,868040550785,9.457
4941,8,868060054586,9.450
4942,9,868079829487,9.454
4943,10,868100328887,9.454
4944,11,868120093088,9.132
4945,12,868140167588,9.345
4946,13,868159843789,9.331
4947,14,868180757990,9.988
4948,15,868200174690,10.277
4949,16,868220596991,12.989
4950,17,868240929591,9.553
4951,18,868260103492,10.833
4952,19,868280048493,10.104
4953,20,868300756593,10.874
4954,21,868320245294,9.788
4955,22,868340169094,9.444
4956,23,868359918595,9.629
4957,24,868380046796,9.557
4958,0,868399906096,9.990
4959,1,868420974597,10.550
4960,2,868440183297,8.977
4961,3,868459801798,9.090
4962,4,868480029199,9.653
4963,5,868500047399,10.357
4964,6,868520336200,10.202
4965,7,868541241200,9.515
4966,8,868562343301,12.016
4967,9,868580548302,11.065
4968,10,868601305402,11.028
4969,11,868621537603,9.889
4970,12,868640737603,9.192
4971,13,868660141804,9.169
4972,14,868679673105,10.477
4973,15,868700625705,9.788
4974,16,868720043706,9.405
4975,17,868740532306,9.634
4976,18,868760354807,11.342
4977,19,868780426908,11.396
4978,20,868800504808,10.811
4979,21,868821103609,10.756
4980,22,868840594509,10.241
4981,23,868860686710,10.311
4982,24,868880697811,12.527
4983,0,868901078711,12.208
4984,1,868921075812,14.527
4985,2,868941527312,12.824
4986,3,868961615513,14.049
4987,4,868981885714,14.690
4988,5,869001376314,11.827
4989,6,869020863515,11.174
4990,7,869041568615,12.471
4991,8,869060750616,12.497
4992,9,869080765717,11.677
4993,10,869101270017,10.486
4994,11,869120691318,10.121
4995,12,869140657918,11.940
4996,13,869161000619,12.001
4997,14,869180695120,11.105
4998,15,869201173320,10.655
4999,16,869220540721,10.610
5000,17,869241910421,14.291
5001,18,869261591722,12.313
5002,19,869281241723,12.792
5003,20,869301901923,13.709
5004,21,869323069824,14.597
5005,22,869341343324,16.028
5006,23,869362128225,12.326
5007,24,869385327126,13.156
5008,0,869401880826,14.187
5009,1,869422212727,13.630
5010,2,869441471827,17.612
5011,3,869462841028,13.135
5012,4,869481785629,13.116
5013,5,869501142129,13.050
5014,6,869521084230,14.960
5015,7,869541024830,10.339
5016,8,869560889931,12.335
5017,9,869580829232,12.437
5018,10,869600327832,10.801
5019,11,869620930933,10.417
5020,12,869640406033,9.964
5021,13,869660118034,11.400
5022,14,869680310235,10.550
5023,15,869700918935,11.000
5024,16,869720336536,10.369
5025,17,869741625036,13.592
5026,18,869762148137,14.248
5027,19,869782938738,13.803
5028,20,869801515238,12.644
5029,21,869825296139,13.429
5030,22,869843679239,13.339
5031,23,869861268540,12.418
5032,24,869881061741,12.994
5033,0,869900774441,12.532
5034,1,869923614242,19.675
5035,2,869942583842,15.154
5036,3,869962165843,11.764
5037,4,869981149844,10.081
5038,5,870000368144,10.340
5039,6,870021381945,10.128
5040,7,870041319345,10.536
5041,8,870060867546,12.687
5042,9,870081469447,11.161
5043,10,870101704147,12.602
5044,11,870123504348,11.985
5045,12,870142164948,18.004
5046,13,870162594649,13.314
5047,14,870181175950,13.808
5048,15,870201937350,13.664
5049,16,870221503151,13.091
5050,17,870241628751,11.569
5051,18,870261635452,17.716
5052,19,870282084253,12.954
5053,20,870300889453,11.887
5054,21,870322498054,16.346
5055,22,870342303054,13.224
5056,23,870361590955,11.915
5057,24,870382271856,15.886
5058,0,870401236556,13.157
5059,1,870421301957,11.456
5060,2,870442553957,11.711
5061,3,870461343158,13.626
5062,4,870481515559,13.953
5063,5,870501970659,12.156
5064,6,870521087160,11.859
5065,7,870541386660,10.925
5066,8,870560294761,10.368
5067,9,870580678162,10.606
5068,10,870600449462,13.701
5069,11,870622064163,10.889
5070,12,870640533663,10.142
5071,13,870660401064,9.983
5072,14,870680123065,11.653
5073,15,870700207565,10.123
5074,16,870720418166,10.057
5075,17,870740508766,9.859
5076,18,870759771067,9.276
5077,19,870781501568,10.968
5078,20,870800312168,9.758
5079,21,870820540069,10.060
5080,22,870840274969,9.470
5081,23,870860527770,9.927
5082,24,870880141871,10.823
5083,0,870900491071,11.891
5084,1,870920796772,15.006
5085,2,870943013672,14.544
5086,3,870961806973,13.810
5087,4,870983967474,12.959
5088,5,871001017274,10.722
5089,6,871020907675,17.313
5090,7,871053486876,30.942
5091,8,871070670876,41.355
5092,9,871095033477,20.053
5093,10,871106404777,22.971
5094,11,871122180978,15.664
5095,12,871142182778,13.018
5096,13,871160703779,12.130
5097,14,871181917680,15.859
5098,15,871201530580,20.069
5099,16,871222607081,13.870
5100,17,871241495381,15.522
5101,18,871262503882,15.166
5102,19,871281979983,16.983
5103,20,871302730483,13.541
5104,21,871322407284,16.388
5105,22,871344686684,15.970
5106,23,871363129785,17.701
5107,24,871381424186,18.295
5108,0,871402879386,14.330
5109,1,871421959887,13.851
5110,2,871441872487,14.165
5111,3,871466988488,23.032
5112,4,871484102789,16.391
5113,5,871504933089,14.204
5114,6,871524593790,21.938
5115,7,871542831090,15.370
5116,8,871561897291,13.899
5117,9,871583029292,18.283
5118,10,871602310992,13.765
5119,11,871621906993,10.835
5120,12,871641344593,12.819
5121,13,871661567694,15.820
5122,14,871682508495,12.022
5123,15,871701262395,11.985
5124,16,871721048696,10.773
5125,17,871741036796,10.712
5126,18,871760917797,11.568
5127,19,871780617998,11.453
5128,20,871800652098,11.193
5129,21,871821444799,14.120
5130,22,871841523999,16.216
5131,23,871861162000,12.051
5132,24,871880889901,13.871
5133,0,871903419801,20.075
5134,1,871932586502,26.227
5135,2,871972025403,17.034
5136,3,871974159903,16.401
5137,4,871982473504,14.020
5138,5,872000995104,10.774
5139,6,872021067005,9.740
5140,7,872040627305,9.568
5141,8,872060571006,11.376
5142,9,872080335907,10.141
5143,10,872100125607,9.937
5144,11,872120611408,9.541
5145,12,872140621008,9.108
5146,13,872160180809,9.616
5147,14,872180731710,9.452
5148,15,872200686510,9.430
5149,16,872220618211,9.350
5150,17,872240486611,9.313
5151,18,872260430512,10.503
5152,19,872281006813,10.193
5153,20,872300074313,10.185
5154,21,872320338614,14.139
5155,22,872341361314,9.423
5156,23,872360531715,10.383
5157,24,872380041815,9.873
5158,0,872400140616,10.185
5159,1,872420354817,9.563
5160,2,872440778717,9.322
5161,3,872460193518,9.783
5162,4,872480103018,10.113
5163,5,872500073219,9.867
5164,6,872520513620,9.697
5165,7,872540481020,9.200
5166,8,872559877721,9.613
5167,9,872580109921,9.733
5168,10,872600165822,9.518
5169,11,872620705823,11.090
5170,12,872641004523,8.860
5171,13,872660182024,10.275
5172,14,872680061924,12.103
5173,15,872700133725,9.777
5174,16,872720870726,9.800
5175,17,872740297526,9.384
5176,18,872759902827,9.698
5177,19,872779995827,10.291
5178,20,872800142828,9.851
5179,21,872820316929,9.252
5180,22,872840440629,9.248
5181,23,872860368630,9.367
5182,24,872880341730,10.371
5183,0,872900659531,9.487
5184,1,872924097732,11.405
5185,2,872940569932,9.650
5186,3,872960814933,10.520
5187,4,872981554734,12.623
5188,5,873000876834,11.903
5189,6,873021167535,11.419
5190,7,873040992535,10.243
5191,8,873060527036,10.548
5192,9,873080110736,10.257
5193,10,873100217237,10.381
5194,11,873120719838,9.065
5195,12,873140616038,9.223
5196,13,873160087439,9.164
5197,14,873180781439,9.730
5198,15,873201023640,10.573
5199,16,873220614741,9.347
5200,17,873240684841,9.948
5201,18,873261189242,12.405
5202,19,873280767342,11.045
5203,20,873300455843,11.307
5204,21,873321440844,10.882
5205,22,873341453544,11.158
5206,23,873360391645,10.899
5207,24,873384477846,10.894
5208,0,873401170446,11.816
5209,1,873422630547,11.951
5210,2,873441757947,11.594
5211,3,873460794248,11.581
5212,4,873480218948,10.712
5213,5,873500141849,9.931
5214,6,873520180750,9.607
5215,7,873540362550,9.403
5216,8,873559711151,9.314
5217,9,873579888751,9.882
5218,10,873600775752,9.389
5219,11,873620481953,9.610
5220,12,873640279553,9.552
5221,13,873660187054,9.656
5222,14,873680120354,9.793
5223,15,873700276255,9.760
5224,16,873720565356,9.481
5225,17,873740713256,9.735
5226,18,873761007657,10.900
5227,19,873781019557,10.342
5228,20,873801407458,10.548
5229,21,873820471159,9.074
5230,22,873841864659,11.271
5231,23,873860110960,10.244
5232,24,873880855260,9.902
5233,0,873900472561,10.623
5234,1,873920726962,12.093
5235,2,873941740462,12.348
5236,3,873960408263,10.419
5237,4,873980390764,10.758
5238,5,873999957464,10.580
5239,6,874020208365,10.086
5240,7,874040648665,9.124
5241,8,874060058066,10.026
5242,9,874080157167,10.722
5243,10,874100336367,10.471
5244,11,874120535868,9.502
5245,12,874140856668,10.170
5246,13,874160086369,10.338
5247,14,874180929970,13.460
5248,15,874200683370,13.042
5249,16,874220824671,9.871
5250,17,874240635071,9.430
5251,18,874260560472,10.072
5252,19,874280425873,10.908
5253,20,874299894073,10.427
5254,21,874320368474,9.427
5255,22,874340836974,9.314
5256,23,874360107975,9.152
5257,24,874379987076,9.983
5258,0,874400163176,11.181
5259,1,874421442477,12.675
5260,2,874440763577,10.066
5261,3,874460640878,11.561
5262,4,874480465679,11.319
5263,5,874500550179,10.253
5264,6,874521322180,10.520
5265,7,874540773981,9.641
5266,8,874560261181,12.973
5267,9,874580176682,10.198
5268,10,874600061882,10.224
5269,11,874620475283,9.944
5270,12,874640212684,9.881
5271,13,874659978884,10.891
5272,14,874680201485,10.541
5273,15,874699928485,10.206
5274,16,874720426186,9.384
5275,17,874740915087,13.073
5276,18,874760081187,10.235
5277,19,874780198688,10.213
5278,20,874800305288,10.947
5279,21,874820910089,9.742
5280,22,874840409890,9.412
5281,23,874860347990,9.852
5282,24,874880728091,9.514
5283,0,874900295491,9.302
5284,1,874921337992,12.773
5285,2,874940759293,10.897
5286,3,874960953993,10.494
5287,4,874980285394,9.782
5288,5,875000372994,9.897
5289,6,875020590295,12.599
5290,7,875040656796,9.012
5291,8,875060190996,9.894
5292,9,875080016097,11.719
5293,10,875100416498,10.571
5294,11,875121089898,10.563
5295,12,875140986099,11.982
5296,13,875162546199,10.910
5297,14,875180233600,10.843
5298,15,875199981701,10.505
5299,16,875220731301,9.963
5300,17,875240210302,11.384
5301,18,875261023302,11.963
5302,19,875280894303,11.475
5303,20,875300561204,10.667
5304,21,875320790204,11.132
5305,22,875340810705,14.244
5306,23,875360666805,13.059
5307,24,875380103506,14.372
5308,0,875400946807,14.740
5309,1,875420939307,11.737
5310,2,875440791808,13.329
5311,3,875462948009,11.333
5312,4,875482154209,13.035
5313,5,875501107010,13.605
5314,6,875524419810,10.268
5315,7,875542786411,13.717
5316,8,875561046511,9.916
5317,9,875580112512,9.939
5318,10,875600049113,10.113
5319,11,875620321713,9.108
5320,12,875640087114,9.182
5321,13,875659905214,9.908
5322,14,875679929215,9.844
5323,15,875700234916,9.268
5324,16,875720352916,9.422
5325,17,875741045617,9.623
5326,18,875760325818,9.543
5327,19,875780131818,9.700
5328,20,875799794919,10.706
5329,21,875821509519,9.574
5330,22,875840978020,10.514
5331,23,875861224021,10.794
5332,24,875880888721,12.658
5333,0,875900586822,12.796
5334,1,875921016422,13.665
5335,2,875941547723,10.994
5336,3,875960988524,12.821
5337,4,875980382924,10.696
5338,5,876000279425,10.129
5339,6,876020623625,9.520
5340,7,876041220826,10.346
5341,8,876060352827,10.082
5342,9,876080078227,10.993
5343,10,876100203028,10.421
5344,11,876120552228,10.270
5345,12,876141078729,9.492
5346,13,876160475130,12.400
5347,14,876180121930,10.993
5348,15,876201119131,13.389
5349,16,876220947232,12.701
5350,17,876240739132,9.892
5351,18,876260557433,10.882
5352,19,876280346933,11.806
5353,20,876300715734,10.166
5354,21,876320638335,10.269
5355,22,876340310235,9.622
5356,23,876360521036,9.685
5357,24,876380234236,10.565
5358,0,876400765337,10.833
5359,1,876420643938,9.371
5360,2,876440557538,8.862
5361,3,876459993239,9.957
5362,4,876480261739,9.381
5363,5,876499699640,10.337
5364,6,876521943141,9.704
5365,7,876540662941,9.531
5366,8,876560504442,11.784
5367,9,876581443142,11.954
5368,10,876601305143,12.430
5369,11,876621402444,10.939
5370,12,876641832144,9.273
5371,13,876660790645,10.822
5372,14,876680707545,10.577
5373,15,876700451546,10.396
5374,16,876720866947,10.079
5375,17,876740560247,9.552
5376,18,876760631148,10.504
5377,19,876780342048,9.804
5378,20,876800069449,9.901
5379,21,876820533350,9.264
5380,22,876840322050,9.282
5381,23,876859899051,9.482
5382,24,876880224952,9.621
5383,0,876900923252,10.570
5384,1,876922566953,11.846
5385,2,876941109353,11.537
5386,3,876961194254,10.923
5387,4,876980351155,11.223
5388,5,877000368655,9.575
5389,6,877020884356,9.238
5390,7,877040770656,9.927
5391,8,877059887857,10.252
5392,9,877080683958,10.110
5393,10,877099951458,9.999
5394,11,877120496259,9.549
5395,12,877140394559,9.603
5396,13,877159917160,9.741
5397,14,877180065761,9.557
5398,15,877199918861,9.759
5399,16,877220644562,9.834
5400,17,877240454062,11.120
5401,18,877260553963,14.681
5402,19,877281522964,15.783
5403,20,877300370464,10.526
5404,21,877321330765,10.121
5405,22,877340970866,10.648
5406,23,877360878966,11.020
5407,24,877380536367,11.634
5408,0,877401410567,11.508
5409,1,877422228868,11.435
5410,2,877441649969,10.280
5411,3,877461180769,12.522
5412,4,877480449870,10.961
5413,5,877500536370,11.695
5414,6,877520759671,10.217
5415,7,877541610672,9.320
5416,8,877560062272,10.337
5417,9,877580259873,10.415
5418,10,877600788073,10.639
5419,11,877620312974,10.769
5420,12,877640230975,11.088
5421,13,877660479675,14.169
5422,14,877680400876,10.598
5423,15,877702189876,11.197
5424,16,877721134777,9.895
5425,17,877741820178,10.539
5426,18,877760330478,11.922
5427,19,877780557579,12.705
5428,20,877800261879,10.312
5429,21,877821057280,9.502
5430,22,877840390181,9.510
5431,23,877860331281,10.650
5432,24,877880310882,10.618
5433,0,877900363982,10.013
5434,1,877924927583,14.842
5435,2,877941444984,12.604
5436,3,877961549684,12.350
5437,4,877981360785,12.702
5438,5,878000677186,11.564
5439,6,878021087486,10.282
5440,7,878041934087,24.833
5441,8,878063056587,12.919
5442,9,878080353188,11.575
5443,10,878100743789,9.953
5444,11,878121128889,10.324
5445,12,878140655690,9.349
5446,13,878160266890,9.740
5447,14,878180388091,9.953
5448,15,878200238392,9.781
5449,16,878220519292,9.086
5450,17,878240916193,9.242
5451,18,878260141193,9.503
5452,19,878279981394,10.119
5453,20,878300434795,10.275
5454,21,878320832095,10.587
5455,22,878341463096,10.111
5456,23,878360465796,10.200
5457,24,878380415497,10.761
5458,0,878401007298,12.482
5459,1,878421501498,9.414
5460,2,878440414699,9.406
5461,3,878460171899,9.974
5462,4,878480403100,10.461
5463,5,878500420601,10.354
5464,6,878520600001,9.474
5465,7,878540734102,9.322
5466,8,878560233803,10.122
5467,9,878580050303,9.571
5468,10,878600198404,10.258
5469,11,878620143604,11.582
5470,12,878640546005,9.487
5471,13,878659981806,10.557
5472,14,878680519106,10.902
5473,15,878701211907,11.172
5474,16,878721470507,9.699
5475,17,878740207708,9.891
5476,18,878760506109,10.184
5477,19,878780187509,10.001
5478,20,878800154210,10.189
5479,21,878820896610,9.164
5480,22,878840728511,9.284
5481,23,878860160712,9.392
5482,24,878880157412,9.412
5483,0,878900330813,9.219
5484,1,878921789713,11.305
5485,2,878940372814,9.394
5486,3,878960140815,9.854
5487,4,878980532615,9.244
5488,5,879000286116,9.995
5489,6,879020789516,10.374
5490,7,879041935117,9.918
5491,8,879060418518,11.076
5492,9,879080493918,11.395
5493,10,879100538919,11.486
5494,11,879121049820,9.318
5495,12,879141197920,11.463
5496,13,879160101721,10.743
5497,14,879180532221,10.226
5498,15,879200438422,9.910
5499,16,879221101223,9.211
5500,17,879240751823,9.958
5501,18,879260661124,10.658
5502,19,879280280024,10.907
5503,20,879300397825,12.637
5504,21,879321219326,10.960
5505,22,879341080526,12.345
5506,23,879360653227,11.851
5507,24,879380993527,12.592
5508,0,879402556528,11.985
5509,1,879426549029,12.759
5510,2,879444486329,11.493
5511,3,879461792230,13.545
5512,4,879481371630,10.665
5513,5,879500233231,11.118
5514,6,879520591732,9.713
5515,7,879541782732,11.517
5516,8,879560190033,10.559
5517,9,879580517233,10.250
5518,10,879600333534,10.339
5519,11,879620510135,9.879
5520,12,879640921735,9.637
5521,13,879660160436,9.954
5522,14,879679961136,10.245
5523,15,879700183437,10.210
5524,16,879720200238,9.547
5525,17,879739893738,9.433
5526,18,879760660239,11.168
5527,19,879780808140,13.478
5528,20,879800320940,10.115
5529,21,879820666441,9.110
5530,22,879841437741,9.697
5531,23,879859838942,9.889
5532,24,879879990343,9.859
5533,0,879900153043,9.745
5534,1,879921181544,11.584
5535,2,879940451044,9.576
5536,3,879960374245,11.059
5537,4,879979878546,10.123
5538,5,880000267646,9.131
5539,6,880020921847,9.310
5540,7,880040120247,9.624
5541,8,880060052248,9.569
5542,9,880080162249,10.080
5543,10,880100167149,12.194
5544,11,880120971450,10.109
5545,12,880140375450,13.263
5546,13,880160823451,10.985
5547,14,880182715252,10.436
5548,15,880200852252,12.896
5549,16,880221694153,11.202
5550,17,880240804354,10.129
5551,18,880261818554,9.946
5552,19,880280240855,11.206
5553,20,880300327255,12.339
5554,21,880321121356,10.152
5555,22,880340962157,13.952
5556,23,880360398257,10.965
5557,24,880380450758,11.730
5558,0,880400516158,11.092
5559,1,880421223759,21.625
5560,2,880447568960,16.914
5561,3,880463309060,21.674
5562,4,880485582561,14.271
5563,5,880505575362,18.765
5564,6,880525189862,13.260
5565,7,880544867863,13.388
5566,8,880562326463,15.469
5567,9,880582154364,17.653
5568,10,880606804365,22.681
5569,11,880623148765,16.499
5570,12,880642780666,14.922
5571,13,880661555266,14.935
5572,14,880682707667,14.745
5573,15,880702432068,12.215
5574,16,880721869668,12.618
5575,17,880741885469,12.385
5576,18,880761097869,11.373
5577,19,880781063870,11.084
5578,20,880801265071,11.649
5579,21,880821237771,11.571
5580,22,880840731772,10.509
5581,23,880861261672,11.124
5582,24,880881260673,13.342
5583,0,880900550274,10.561
5584,1,880922074674,19.752
5585,2,880943091175,13.884
5586,3,880961733275,15.280
5587,4,880982086776,18.344
5588,5,881003330077,13.789
5589,6,881023546677,13.426
5590,7,881042601578,14.414
5591,8,881061661778,12.891
5592,9,881081904879,13.066
5593,10,881101191980,12.873
5594,11,881122124280,11.971
5595,12,881141633481,12.487
5596,13,881161382681,13.712
5597,14,881180779082,12.096
5598,15,881201230083,14.158
5599,16,881221902583,17.346
5600,17,881242104684,15.580
5601,18,881263053085,14.918
5602,19,881282975785,18.628
5603,20,881302579686,12.729
5604,21,881321893486,14.914
5605,22,881342413287,15.267
5606,23,881363991888,14.414
5607,24,881382536688,11.573
5608,0,881402265789,16.757
5609,1,881428507590,12.939
5610,2,881442686590,13.052
5611,3,881462023291,12.963
5612,4,881483611591,14.677
5613,5,881503439092,12.736
5614,6,881525021892,10.470
5615,7,881542275493,12.164
5616,8,881560783694,10.276
5617,9,881580961194,9.863
5618,10,881600365595,9.411
5619,11,881620719795,10.175
5620,12,881640827396,9.688
5621,13,881660465697,9.732
5622,14,881679858297,9.851
5623,15,881699918398,9.880
5624,16,881721406298,9.041
5625,17,881740327199,10.102
5626,18,881760092000,9.820
5627,19,881780194100,9.749
5628,20,881800956401,10.914
5629,21,881821103901,9.844
5630,22,881840235202,10.733
5631,23,881860191503,10.224
5632,24,881880182401,11.900
5633,0,881900075598,18.942
5634,1,881922780396,9.989
5635,2,881940899794,9.495
5636,3,881960672892,9.871
5637,4,881980114590,10.322
5638,5,882000180888,10.393
5639,6,882020567485,11.507
5640,7,882041353783,10.776
5641,8,882060093281,10.497
5642,9,882080374279,10.064
5643,10,882100116877,10.235
5644,11,882121112375,9.900
5645,12,882141466072,11.081
5646,13,882160355170,10.630
5647,14,882181305568,12.323
5648,15,882200164266,12.763
5649,16,882220783064,9.724
5650,17,882241956562,10.320
5651,18,882260489560,9.477
5652,19,882280538357,10.688
5653,20,882300313555,9.824
5654,21,882321180753,8.826
5655,22,882341826151,9.153
5656,23,882360314149,9.405
5657,24,882381151946,9.735
5658,0,882401791144,9.269
5659,1,882420623542,8.793
5660,2,882439865340,8.947
5661,3,882459813038,9.450
5662,4,882479840736,10.108
5663,5,882499728634,13.102
5664,6,882521056031,12.000
5665,7,882540792329,9.264
5666,8,882560233927,10.386
5667,9,882580635425,10.497
5668,10,882600651723,10.698
5669,11,882620664821,9.889
5670,12,882640373318,9.537
5671,13,882660306116,9.863
5672,14,882680074514,10.217
5673,15,882700077612,9.677
5674,16,882720485410,9.029
5675,17,882740312808,9.387
5676,18,882760219906,9.741
5677,19,882780502303,12.023
5678,20,882800017501,10.589
5679,21,882820806799,9.364
5680,22,882840810097,9.267
5681,23,882860686595,10.283
5682,24,882880469393,10.608
5683,0,882900550890,11.066
5684,1,882921452488,17.570
5685,2,882941735586,13.809
5686,3,882961574284,12.214
5687,4,882981746182,10.577
5688,5,883000779880,10.731
5689,6,883021259277,9.951
5690,7,883040152675,10.010
5691,8,883060251673,9.864
5692,9,883080080571,10.056
5693,10,883100249569,10.544
5694,11,883120423967,9.340
5695,12,883140809764,9.040
5696,13,883159945962,9.770
5697,14,883180149460,9.808
5698,15,883200519958,10.064
5699,16,883220570756,10.037
5700,17,883240595354,10.811
5701,18,883261432551,12.148
5702,19,883281483149,11.917
5703,20,883300305647,11.131
5704,21,883321106045,9.928
5705,22,883340363943,10.013
5706,23,883360156341,11.665
5707,24,883381253738,11.427
5708,0,883401192436,13.037
5709,1,883421445134,11.696
5710,2,883441355532,12.842
5711,3,883461232330,12.962
5712,4,883480320628,11.720
5713,5,883499893026,11.702
5714,6,883520359423,9.264
5715,7,883540084821,10.261
5716,8,883560372419,11.669
5717,9,883580925017,10.245
5718,10,883600552415,12.068
5719,11,883621117713,11.485
5720,12,883641114710,9.875
5721,13,883660373008,10.014
5722,14,883680105106,10.767
5723,15,883700132304,10.646
5724,16,883720479902,9.308
5725,17,883740071300,9.576
5726,18,883759957898,9.813
5727,19,883779957995,10.703
5728,20,883801177193,10.808
5729,21,883820528691,9.681
5730,22,883839966089,9.106
5731,23,883859948187,9.246
5732,24,883880478585,9.608
5733,0,883899993882,11.136
5734,1,883922628180,15.046
5735,2,883941848378,13.197
5736,3,883961391576,14.421
5737,4,883982158474,14.608
5738,5,884001711971,11.749
5739,6,884021002269,10.438
5740,7,884041008367,12.059
5741,8,884061086965,10.314
5742,9,884081042563,11.386
5743,10,884100531761,10.542
5744,11,884121716559,15.691
5745,12,884141540156,10.000
5746,13,884160215054,10.320
5747,14,884180263352,11.076
5748,15,884200290850,10.311
5749,16,884220606248,9.683
5750,17,884240884246,11.490
5751,18,884260778344,11.661
5752,19,884282206241,12.720
5753,20,884300886839,14.248
5754,21,884322341037,13.969
5755,22,884341668035,13.597
5756,23,884360928833,11.711
5757,24,884380447231,10.770
5758,0,884400463428,12.402
5759,1,884420898626,10.011
5760,2,884440335024,10.794
5761,3,884460154622,10.855
5762,4,884480530620,10.097
5763,5,884500402318,10.306
5764,6,884520839815,9.432
5765,7,884540443313,12.243
5766,8,884560181711,9.936
5767,9,884580219309,9.539
5768,10,884600218607,10.663
5769,11,884620569805,10.669
5770,12,884640979802,10.926
5771,13,884661070500,11.152
5772,14,884680873198,14.490
5773,15,884701254996,11.294
5774,16,884721662894,10.217
5775,17,884740621492,9.717
5776,18,884760375890,10.298
5777,19,884780824387,10.341
5778,20,884800441985,10.424
5779,21,884820322283,9.756
5780,22,884840428881,9.550
5781,23,884861865179,9.758
5782,24,884880236777,10.156
5783,0,884900875474,11.384
5784,1,884922388172,10.916
5785,2,884940753270,10.340
5786,3,884961328368,10.501
5787,4,884980932366,10.614
5788,5,885001998163,10.286
5789,6,885021275861,9.743
5790,7,885041097659,13.017
5791,8,885062852957,12.005
5792,9,885080575455,11.306
5793,10,885101169353,10.345
5794,11,885120973251,11.294
5795,12,885141057948,9.554
5796,13,885160409646,10.061
5797,14,885180609644,9.881
5798,15,885200719342,11.668
5799,16,885220464140,9.209
5800,17,885240175738,11.214
5801,18,885260762936,11.478
5802,19,885280910233,13.136
5803,20,885300719731,11.526
5804,21,885320824929,10.997
5805,22,885340598827,10.714
5806,23,885360368725,11.200
5807,24,885380990123,12.544
5808,0,885401064720,14.026
5809,1,885422683218,13.231
5810,2,885441397516,14.204
5811,3,885463056714,14.081
5812,4,885481414212,20.712
5813,5,885500712210,12.490
5814,6,885521292307,10.005
5815,7,885540490405,10.351
5816,8,885560325103,9.919
5817,9,885580174301,9.761
5818,10,885600152799,10.114
5819,11,885620073397,9.479
5820,12,885640057295,9.281
5821,13,885660146592,9.767
5822,14,885679894890,9.908
5823,15,885700180588,9.696
5824,16,885720498686,9.680
5825,17,885740230584,9.693
5826,18,885760386882,10.259
5827,19,885780769379,9.746
5828,20,885800417177,10.306
5829,21,885820836775,10.079
5830,22,885841151473,10.275
5831,23,885860162271,9.815
5832,24,885880458069,11.317
5833,0,885900148866,13.849
5834,1,885922105664,12.598
5835,2,885940843162,10.638
5836,3,885961021560,10.694
5837,4,885980935358,11.531
5838,5,886000492556,10.456
5839,6,886020783353,9.638
5840,7,886040867551,9.343
5841,8,886060267749,9.708
5842,9,886080064647,9.294
5843,10,886100127245,11.075
5844,11,886121014543,9.868
5845,12,886140439341,10.349
5846,13,886160359238,10.396
5847,14,886180545636,11.033
5848,15,886200033234,9.604
5849,16,886221741432,9.568
5850,17,886240329430,9.761
5851,18,886260249328,9.697
5852,19,886280174225,9.781
5853,20,886300183223,10.523
5854,21,886320417321,9.805
5855,22,886340541719,9.242
5856,23,886359855917,10.708
5857,24,886380554015,9.754
5858,0,886400730012,9.235
5859,1,886420943410,9.329
5860,2,886440494008,9.565
5861,3,886461496806,11.730
5862,4,886481793904,11.193
5863,5,886500539702,11.294
5864,6,886521153399,10.239
5865,7,886540641997,9.490
5866,8,886560752595,9.734
5867,9,886580315393,9.850
5868,10,886600432891,9.810
5869,11,886620408489,9.506
5870,12,886640372487,9.236
5871,13,886659833984,9.320
5872,14,886679880982,9.310
5873,15,886700082880,9.740
5874,16,886720679578,10.690
5875,17,886740478776,10.777
5876,18,886760582374,10.498
5877,19,886780433971,11.445
5878,20,886801224569,10.146
5879,21,886820798567,10.247
5880,22,886840904765,10.789
5881,23,886860531363,11.152
5882,24,886880368861,9.712
5883,0,886901336758,10.606
5884,1,886921768456,11.717
5885,2,886940578154,10.385
5886,3,886960383752,10.482
5887,4,886980123450,11.136
5888,5,887000915348,11.572
5889,6,887020481945,9.543
5890,7,887040367443,9.506
5891,8,887060309741,9.786
5892,9,887080181539,9.788
5893,10,887100280237,11.490
5894,11,887121263835,11.479
5895,12,887140807833,10.509
5896,13,887160626230,10.827
5897,14,887180366028,10.300
5898,15,887201056126,9.854
5899,16,887221089624,9.267
5900,17,887240538422,11.815
5901,18,887260826820,11.954
5902,19,887280789217,11.812
5903,20,887301676015,11.948
5904,21,887321415213,10.376
5905,22,887341053611,12.006
5906,23,887361331109,11.524
5907,24,887381248707,12.882
5908,0,887401617304,13.064
5909,1,887421831202,13.607
5910,2,887441507500,11.839
5911,3,887460937098,12.752
5912,4,887481815396,12.500
5913,5,887502378493,12.638
5914,6,887522950491,11.559
5915,7,887542156189,13.396
5916,8,887561536587,14.212
5917,9,887582829585,11.129
5918,10,887600286983,11.153
5919,11,887621244081,10.540
5920,12,887640453679,9.766
5921,13,887660430476,10.540
5922,14,887680096774,10.672
5923,15,887700337572,10.768
5924,16,887720798870,9.619
5925,17,887740232568,11.306
5926,18,887760944766,11.956
5927,19,887780552563,10.272
5928,20,887800267161,11.036
5929,21,887820873159,9.984
5930,22,887840271557,12.140
5931,23,887860354055,12.476
5932,24,887880875353,11.754
5933,0,887900320050,11.927
5934,1,887924841248,13.458
5935,2,887941737646,11.752
5936,3,887960614344,11.747
5937,4,887980487542,11.937
5938,5,888001484240,10.922
5939,6,888020637637,9.908
5940,7,888040106735,12.405
5941,8,888060498133,9.728
5942,9,888080430831,10.124
5943,10,888100439929,10.287
5944,11,888120570427,10.701
5945,12,888141333724,11.745
5946,13,888160379522,10.468
5947,14,888180232620,10.319
5948,15,888200527318,26.642
5949,16,888221964416,13.690
5950,17,888242138214,29.030
5951,18,888273202810,12.309
5952,19,888281863909,15.792
5953,20,888300953107,12.192
5954,21,888321617505,10.850
5955,22,888340635003,11.661
5956,23,888361539901,11.699
5957,24,888380495499,10.063
5958,0,888400532696,10.632
5959,1,888421703994,9.475
5960,2,888440888192,9.986
5961,3,888459980590,10.324
5962,4,888480438788,9.766
5963,5,888500131886,10.744
5964,6,888521221283,9.810
5965,7,888540203281,10.645
5966,8,888560493979,11.480
5967,9,888580527777,10.618
5968,10,888600685475,10.777
5969,11,888621017673,10.163
5970,12,888640898871,11.014
5971,13,888660407268,11.101
5972,14,888680618766,11.766
5973,15,888701070964,9.983
5974,16,888721351862,10.231
5975,17,888741210460,10.711
5976,18,888760344658,10.192
5977,19,888780535055,10.579
5978,20,888800760953,11.128
5979,21,888821051751,9.640
5980,22,888841069649,9.375
5981,23,888861539947,11.837
5982,24,888880442045,10.438
5983,0,888900736942,10.740
5984,1,888922434040,11.036
5985,2,888940642238,11.113
5986,3,888960869436,9.898
5987,4,888980915134,10.338
5988,5,889000875532,14.204
5989,6,889020798429,11.503
5990,7,889040892927,10.650
5991,8,889060938925,10.976
5992,9,889080803823,14.120
5993,10,889100871321,10.841
5994,11,889120828419,9.593
5995,12,889141107116,9.959
5996,13,889160549214,11.093
5997,14,889180798812,10.442
5998,15,889201100510,10.070
5999,16,889221409208,9.573
6000,17,889240480406,12.042
6001,18,889261722803,14.973
6002,19,889282150901,13.482
6003,20,889301165099,13.410
6004,21,889321581497,10.812
6005,22,889341303195,13.325
6006,23,889360911193,11.732
6007,24,889381245691,12.191
6008,0,889401543188,16.195
6009,1,889422320786,13.890
6010,2,889442800884,12.170
6011,3,889462152982,13.610
6012,4,889481125380,13.401
6013,5,889501923178,12.035
6014,6,889521696275,11.662
6015,7,889541111473,10.884
6016,8,889560701771,10.547
6017,9,889580512669,11.394
6018,10,889601131767,12.026
6019,11,889621924065,9.928
6020,12,889640336463,9.938
6021,13,889660495660,11.086
6022,14,889680307758,11.471
6023,15,889700616056,10.538
6024,16,889720801054,9.788
6025,17,889740190652,9.991
6026,18,889760661650,11.523
6027,19,889780358347,10.818
6028,20,889800559545,10.809
6029,21,889820918343,11.190
6030,22,889840395541,10.801
6031,23,889860425139,11.203
6032,24,889880477738,10.167
6033,0,889900607538,9.992
6034,1,889922464838,10.577
6035,2,889940489738,11.151
6036,3,889961522337,11.800
6037,4,889980716237,10.228
6038,5,890000167837,10.539
6039,6,890020638737,9.986
6040,7,890040193937,9.884
6041,8,890060376337,10.318
6042,9,890080568837,10.806
6043,10,890100207037,10.598
6044,11,890120416836,15.221
6045,12,890140595136,10.203
6046,13,890160170336,12.633
6047,14,890180363136,10.541
6048,15,890201819036,13.136
6049,16,890221237136,10.095
6050,17,890240338236,10.886
6051,18,890260287836,9.945
6052,19,890280413636,9.898
6053,20,890300180635,12.744
6054,21,890321385035,11.039
6055,22,890340703135,10.588
6056,23,890360374935,10.019
6057,24,890380392235,10.103
6058,0,890400513635,10.823
6059,1,890420848235,10.045
6060,2,890440329735,9.634
6061,3,890460345935,10.136
6062,4,890480505234,13.240
6063,5,890501725134,11.156
6064,6,890520952734,10.865
6065,7,890540921434,13.485
6066,8,890561616234,12.112
6067,9,890581122834,12.047
6068,10,890600895434,10.663
6069,11,890621028134,10.570
6070,12,890640651533,9.182
6071,13,890660411733,10.123
6072,14,890680119333,11.922
6073,15,890702004733,10.103
6074,16,890720774633,9.396
6075,17,890740472733,9.377
6076,18,890760634933,10.261
6077,19,890780233833,10.902
6078,20,890800571033,10.575
6079,21,890820470032,9.532
6080,22,890840385432,10.354
6081,23,890860314032,14.564
6082,24,890880536232,12.275
6083,0,890901832732,10.522
6084,1,890922494932,16.241
6085,2,890941434132,11.294
6086,3,890962406432,12.629
6087,4,890982205632,13.330
6088,5,891001790431,10.523
6089,6,891021063131,13.284
6090,7,891040769231,10.262
6091,8,891060668131,10.574
6092,9,891080536531,10.987
6093,10,891101042531,12.779
6094,11,891121382431,12.486
6095,12,891140807831,10.618
6096,13,891160396631,11.052
6097,14,891180344830,11.837
6098,15,891201304230,10.723
6099,16,891221984330,16.512
6100,17,891242302030,13.081
6101,18,891263638530,24.529
6102,19,891281318830,16.899
6103,20,891302589930,18.827
6104,21,891322038130,14.027
6105,22,891341879929,14.483
6106,23,891361633929,17.448
6107,24,891382772229,15.565
6108,0,891403190029,12.507
6109,1,891422607029,11.885
6110,2,891444454329,12.537
6111,3,891461586829,11.551
6112,4,891480809129,12.718
6113,5,891503057329,11.939
6114,6,891521663128,12.837
6115,7,891540997928,11.750
6116,8,891561660128,11.505
6117,9,891580844628,11.814
6118,10,891601883628,10.555
6119,11,891622562928,11.790
6120,12,891641268528,9.427
6121,13,891660297028,11.901
6122,14,891685710027,11.760
6123,15,891701083327,11.376
6124,16,891721538927,11.516
6125,17,891740427427,10.713
6126,18,891760841027,11.691
6127,19,891780370227,10.528
6128,20,891800513827,10.222
6129,21,891820288627,9.466
6130,22,891840080827,9.821
6131,23,891860033926,9.349
6132,24,891880162526,10.360
6133,0,891900685926,9.502
6134,1,891921184726,14.224
6135,2,891941704926,11.886
6136,3,891960303026,11.179
6137,4,891981404226,11.576
6138,5,892000939726,10.082
6139,6,892020677526,9.662
6140,7,892041688725,14.918
6141,8,892061080925,11.784
6142,9,892080255325,10.723
6143,10,892100628125,11.299
6144,11,892120540325,12.311
6145,12,892140769025,9.721
6146,13,892160044225,10.249
6147,14,892180438425,10.842
6148,15,892200856825,10.144
6149,16,892220777124,9.319
6150,17,892240307324,9.147
6151,18,892260114324,9.535
6152,19,892280213824,10.467
6153,20,892300499924,10.353
6154,21,892321616024,9.584
6155,22,892340129324,10.772
6156,23,892360287824,10.119
6157,24,892380043623,10.341
6158,0,892400848023,10.268
6159,1,892420682723,9.874
6160,2,892440402623,9.951
6161,3,892460147723,10.244
6162,4,892480832523,12.700
6163,5,892500471523,9.612
6164,6,892520451623,9.582
6165,7,892540225023,9.645
6166,8,892560392022,11.321
6167,9,892580116822,10.372
6168,10,892601397022,10.885
6169,11,892620561222,10.335
6170,12,892640492522,9.449
6171,13,892659898922,10.388
6172,14,892679866622,9.961
6173,15,892700627522,12.148
6174,16,892720223222,9.329
6175,17,892740858821,11.409
6176,18,892760431421,11.351
6177,19,892780421221,10.467
6178,20,892800560921,10.269
6179,21,892820820021,10.058
6180,22,892840513521,9.777
6181,23,892859929121,9.843
6182,24,892880189121,10.047
6183,0,892900719220,9.861
6184,1,892921645520,11.318
6185,2,892940862820,10.847
6186,3,892960944020,10.204
6187,4,892980663320,9.613
6188,5,893000825120,9.131
6189,6,893020249620,10.512
6190,7,893041479520,10.257
6191,8,893060333620,10.160
6192,9,893080468219,10.171
6193,10,893100621519,10.225
6194,11,893121103419,9.873
6195,12,893140543619,10.414
6196,13,893161874119,11.865
6197,14,893180204819,10.363
6198,15,893200681419,9.889
6199,16,893220880519,9.509
6200,17,893240094219,10.159
6201,18,893260368518,11.957
6202,19,893280600018,10.773
6203,20,893301590118,10.454
6204,21,893321506718,11.505
6205,22,893340638918,10.772
6206,23,893360373818,11.844
6207,24,893380656718,11.727
6208,0,893402122118,10.592
6209,1,893422423117,12.906
6210,2,893441071617,13.755
6211,3,893460180217,12.622
6212,4,893481433217,12.586
6213,5,893501790217,11.175
6214,6,893520859517,9.607
6215,7,893540750017,9.613
6216,8,893560324117,11.522
6217,9,893580062917,10.203
6218,10,893600364916,10.157
6219,11,893620083716,9.791
6220,12,893639938216,9.452
6221,13,893660172616,10.053
6222,14,893679937116,10.068
6223,15,893701326616,8.905
6224,16,893720497716,9.007
6225,17,893739839016,10.120
6226,18,893759920216,10.233
6227,19,893780373215,10.656
6228,20,893800514115,11.049
6229,21,893820682215,10.601
6230,22,893841078715,10.308
6231,23,893860045215,10.180
6232,24,893880058015,10.054
6233,0,893900393515,9.727
6234,1,893921849615,14.502
6235,2,893940675515,11.240
6236,3,893960482814,10.682
6237,4,893980478114,10.111
6238,5,894000522214,10.410
6239,6,894020326414,10.063
6240,7,894040345814,14.137
6241,8,894060310514,9.996
6242,9,894080146314,10.174
6243,10,894100680314,14.938
6244,11,894121442813,14.335
6245,12,894140652013,14.256
6246,13,894160390513,11.020
6247,14,894180226113,10.573
6248,15,894200453413,14.155
6249,16,894220886613,13.802
6250,17,894240380613,10.069
6251,18,894260628113,9.595
6252,19,894279949313,10.478
6253,20,894301308312,11.883
6254,21,894320720012,9.999
6255,22,894340392512,10.597
6256,23,894360225312,10.340
6257,24,894380037012,11.938
6258,0,894401062212,9.909
6259,1,894420293912,9.531
6260,2,894440156912,11.203
6261,3,894460248112,10.186
6262,4,894480545011,10.991
6263,5,894500608911,11.274
6264,6,894521318811,10.314
6265,7,894541455411,14.419
6266,8,894563015211,13.515
6267,9,894580544611,10.508
6268,10,894600489111,9.899
6269,11,894620681011,10.334
6270,12,894640706310,9.925
6271,13,894660298810,10.106
6272,14,894680112310,10.697
6273,15,894700641510,9.140
6274,16,894720527410,9.458
6275,17,894740330010,9.236
6276,18,894761065110,10.585
6277,19,894780177310,10.275
6278,20,894800666910,9.532
6279,21,894821001509,9.317
6280,22,894841475709,11.329
6281,23,894860858709,10.711
6282,24,894880916809,10.618
6283,0,894901413809,12.271
6284,1,894921575409,11.708
6285,2,894941786109,11.397
6286,3,894961604909,11.490
6287,4,894981327909,10.047
6288,5,895000439108,9.674
6289,6,895020624008,9.407
6290,7,895040226308,10.210
6291,8,895060367808,10.734
6292,9,895080389208,9.682
6293,10,895100773608,9.373
6294,11,895120372708,8.967
6295,12,895140282708,9.550
6296,13,895160196207,9.714
6297,14,895180175807,9.656
6298,15,895200587907,10.252
6299,16,895220415907,10.119
6300,17,895240371207,11.531
6301,18,895261206507,12.050
6302,19,895280937207,11.890
6303,20,895301457707,11.138
6304,21,895320882907,13.689
6305,22,895341185006,12.188
6306,23,895360568806,10.537
6307,24,895380990706,13.200
6308,0,895402588006,13.156
6309,1,895421758006,10.475
6310,2,895441630406,11.806
6311,3,895464931406,12.513
6312,4,895481385706,13.278
6313,5,895501871906,12.641
6314,6,895521761805,12.545
6315,7,895543389705,11.205
6316,8,895562254205,11.361
6317,9,895580626805,11.155
6318,10,895600796705,13.022
6319,11,895621048405,10.000
6320,12,895640713605,11.354
6321,13,895661421705,10.464
6322,14,895680071505,10.681
6323,15,895701019504,9.809
6324,16,895720563104,9.851
6325,17,895740159204,10.306
6326,18,895760730204,9.510
6327,19,895779993904,10.230
6328,20,895800842304,9.263
6329,21,895820648404,9.605
6330,22,895840124404,9.581
6331,23,895860206203,10.376
6332,24,895879853903,10.033
6333,0,895905253603,14.577
6334,1,895925196003,12.088
6335,2,895942598403,11.326
6336,3,895961612203,11.335
6337,4,895988656403,14.621
6338,5,896002153803,11.191
6339,6,896021185103,10.141
6340,7,896040450002,10.826
6341,8,896060340302,9.966
6342,9,896080491702,10.915
6343,10,896100550602,9.669
6344,11,896120386602,10.181
6345,12,896140189202,9.364
6346,13,896160089002,9.653
6347,14,896179852002,11.147
6348,15,896200703002,11.523
6349,16,896220488001,9.802
6350,17,896240086201,10.870
6351,18,896260268801,11.350
6352,19,896280391001,10.506
6353,20,896301101701,12.294
6354,21,896320684901,10.434
6355,22,896340570401,9.994
6356,23,896360261601,10.151
6357,24,896381024100,11.384
6358,0,896400240600,9.759
6359,1,896421033800,9.993
6360,2,896440182900,10.498
6361,3,896460082700,10.594
6362,4,896480109900,14.210
6363,5,896501469700,12.681
6364,6,896521167900,10.220
6365,7,896540292600,9.921
6366,8,896560403599,10.129
6367,9,896580257899,10.134
6368,10,896600646799,9.159
6369,11,896624943899,11.529
6370,12,896640212299,10.552
6371,13,896660474199,12.130
6372,14,896680550399,10.164
6373,15,896700609799,9.680
6374,16,896721913499,9.925
6375,17,896740647598,11.836
6376,18,896760604598,10.802
6377,19,896781010698,10.139
6378,20,896800726398,9.832
6379,21,896821220798,10.595
6380,22,896840510998,9.950
6381,23,896861714998,10.155
6382,24,896880093898,10.550
6383,0,896901165197,9.462
6384,1,896921780097,13.357
6385,2,896940842497,12.105
6386,3,896960791397,11.536
6387,4,896981171497,10.725
6388,5,897001160897,14.018
6389,6,897020662097,10.563
6390,7,897040609897,11.580
6391,8,897061632697,12.103
6392,9,897080418596,10.853
6393,10,897100511196,10.039
6394,11,897120489496,9.765
6395,12,897140562096,9.905
6396,13,897160112296,9.802
6397,14,897180048196,12.264
6398,15,897200481496,9.269
6399,16,897220571996,9.232
6400,17,897240108596,11.179
6401,18,897260856495,11.710
6402,19,897281308695,11.240
6403,20,897301306195,11.391
6404,21,897321063095,10.767
6405,22,897342146195,13.496
6406,23,897362317095,13.777
6407,24,897386132795,12.017
6408,0,897402267895,10.953
6409,1,897422276494,26.343
6410,2,897443790394,29.146
6411,3,897466714894,20.942
6412,4,897485910194,13.287
6413,5,897502936394,14.436
6414,6,897522213194,11.270
6415,7,897542374994,10.866
6416,8,897560812394,11.015
6417,9,897582251794,10.799
6418,10,897601129193,9.715
6419,11,897620705093,9.648
6420,12,897640063693,10.577
6421,13,897659990393,9.895
6422,14,897679858993,10.060
6423,15,897700666793,9.135
6424,16,897720330293,9.306
6425,17,897740249693,10.203
6426,18,897760261293,11.166
6427,19,897780238292,10.186
6428,20,897800513192,11.792
6429,21,897820611592,9.738
6430,22,897840180592,11.126
6431,23,897860614092,9.923
6432,24,897880951192,9.800
6433,0,897900289492,9.977
6434,1,897921501992,10.826
6435,2,897940206393,10.402
6436,3,897960029793,9.652
6437,4,897980048093,10.134
6438,5,898000148893,9.046
6439,6,898020476094,9.472
6440,7,898040853694,10.585
6441,8,898060273994,11.276
6442,9,898080634394,10.671
6443,10,898101022094,10.185
6444,11,898120542795,10.188
6445,12,898140525595,10.477
6446,13,898160943395,11.072
6447,14,898180837395,10.721
6448,15,898200900696,9.566
6449,16,898220449796,9.211
6450,17,898240129996,10.822
6451,18,898259918896,9.673
6452,19,898280553297,10.044
6453,20,898301005797,9.877
6454,21,898320444497,9.136
6455,22,898340028997,9.813
6456,23,898359850997,10.133
6457,24,898379978598,9.769
6458,0,898400223198,9.478
6459,1,898420353498,9.129
6460,2,898439949598,9.144
6461,3,898461125999,12.388
6462,4,898480425299,10.572
6463,5,898500639399,9.958
6464,6,898520483399,10.604
6465,7,898541258600,11.420
6466,8,898560636500,10.403
6467,9,898580075900,10.764
6468,10,898600415300,9.706
6469,11,898620824900,9.649
6470,12,898640277701,10.558
6471,13,898660027901,10.159
6472,14,898680085801,9.968
6473,15,898701981101,10.052
6474,16,898720354702,9.300
6475,17,898740195102,10.664
6476,18,898761645202,9.989
6477,19,898780281002,10.691
6478,20,898800517503,9.770
6479,21,898820453303,9.957
6480,22,898840791603,10.388
6481,23,898860404403,11.415
6482,24,898880495403,10.675
6483,0,898900601204,11.190
6484,1,898922265504,10.471
6485,2,898940674604,10.396
6486,3,898960298204,9.959
6487,4,898981035305,9.491
6488,5,899000531105,9.568
6489,6,899020369605,9.940
6490,7,899040297705,14.794
6491,8,899061850906,9.846
6492,9,899080395906,11.333
6493,10,899100770906,9.824
6494,11,899122094506,9.810
6495,12,899140206506,9.628
6496,13,899160417007,10.043
6497,14,899180922207,10.758
6498,15,899200800607,12.239
6499,16,899221515107,9.348
6500,17,899240250108,10.576
6501,18,899261551308,11.396
6502,19,899281298508,11.245
6503,20,899301382708,13.120
6504,21,899321541409,13.165
6505,22,899341532509,11.949
6506,23,899361287609,12.239
6507,24,899380638409,11.118
6508,0,899400942409,11.560
6509,1,899421139110,11.035
6510,2,899440941810,12.159
6511,3,899461642910,12.472
6512,4,899480922310,11.297
6513,5,899501988911,9.617
6514,6,899520936411,8.987
6515,7,899540859711,10.454
6516,8,899560779911,10.714
6517,9,899580131312,10.132
6518,10,899600775512,10.377
6519,11,899622098412,12.199
6520,12,899641058812,9.944
6521,13,899660311412,10.375
6522,14,899680257213,10.574
6523,15,899700234113,9.978
6524,16,899720741613,9.327
6525,17,899739998113,9.893
6526,18,899759879014,9.801
6527,19,899780363514,9.489
6528,20,899800413414,9.052
6529,21,899820083214,9.645
6530,22,899840785715,9.665
6531,23,899860034015,9.587
6532,24,899880092215,9.748
6533,0,899900581415,10.104
6534,1,899923847316,13.977
6535,2,899941670616,12.538
6536,3,899961217616,10.269
6537,4,899981749216,12.746
6538,5,900000697016,10.038
6539,6,900020655117,9.674
6540,7,900039865817,10.084
6541,8,900059989117,9.914
6542,9,900079742417,10.105
6543,10,900100688218,9.455
6544,11,900120420918,9.046
6545,12,900140831618,12.626
6546,13,900159683118,9.728
6547,14,900179904918,10.123
6548,15,900201931119,9.827
6549,16,900220818519,9.754
6550,17,900239996419,10.027
6551,18,900259987119,12.212
6552,19,900280329720,10.729
6553,20,900301071620,10.448
6554,21,900321359920,11.467
6555,22,900341165220,11.357
6556,23,900360765521,11.135
6557,24,900380232121,10.084
6558,0,900400079521,9.841
6559,1,900420821621,13.210
6560,2,900439960021,10.469
6561,3,900460397122,9.992
6562,4,900479929222,10.601
6563,5,900500331422,9.815
6564,6,900521451322,12.592
6565,7,900540338523,10.266
6566,8,900560197723,9.801
6567,9,900579862823,11.617
6568,10,900600901823,11.309
6569,11,900620956824,9.822
6570,12,900640735124,11.066
6571,13,900660538024,11.006
6572,14,900680618424,12.037
6573,15,900700832224,9.968
6574,16,900721640725,12.096
6575,17,900740551525,9.893
6576,18,900760225825,9.809
6577,19,900780317525,10.135
6578,20,900800626926,9.682
6579,21,900820660026,9.363
6580,22,900840570526,10.148
6581,23,900860272026,10.012
6582,24,900880213727,9.752
6583,0,900900545627,9.537
6584,1,900921493027,11.283
6585,2,900941051127,11.280
6586,3,900960266027,10.465
6587,4,900981014828,10.855
6588,5,901000975028,9.931
6589,6,901021337528,9.626
6590,7,901040311028,12.166
6591,8,901060435229,9.948
6592,9,901081307029,11.284
6593,10,901101422029,9.909
6594,11,901120662829,10.341
6595,12,901140330530,9.605
6596,13,901160183830,9.762
6597,14,901180106130,9.573
6598,15,901200255730,9.228
6599,16,901220151330,9.656
6600,17,901241647731,16.445
6601,18,901262783931,16.029
6602,19,901281436131,13.735
6603,20,901301154631,12.633
6604,21,901321813432,13.282
6605,22,901341854032,15.174
6606,23,901362599232,13.845
6607,24,901380833032,15.611
6608,0,901401065833,11.430
6609,1,901420716033,13.905
6610,2,901441668833,12.635
6611,3,901460915133,16.172
6612,4,901481591533,13.436
6613,5,901502435634,11.834
6614,6,901524296034,13.510
6615,7,901541001434,13.050
6616,8,901562401734,11.419
6617,9,901580312735,11.854
6618,10,901600718035,10.772
6619,11,901620820735,10.008
6620,12,901640052335,9.781
6621,13,901659899136,9.538
6622,14,901679851236,11.095
6623,15,901700634336,9.585
6624,16,901720384136,9.303
6625,17,901740461636,10.461
6626,18,901760199437,10.280
6627,19,901780908437,13.716
6628,20,901800908537,10.950
6629,21,901820567637,9.894
6630,22,901840204338,10.527
6631,23,901860201538,11.344
6632,24,901880490038,9.833
6633,0,901900137638,9.554
6634,1,901921126939,12.488
6635,2,901942308739,10.150
6636,3,901960276339,11.255
6637,4,901979972139,9.973
6638,5,902000575939,9.698
6639,6,902020299040,9.898
6640,7,902039791740,10.056
6641,8,902059825140,9.955
6642,9,902079999540,10.114
6643,10,902100529641,9.966
6644,11,902120405041,11.505
6645,12,902141952441,10.608
6646,13,902161384041,10.793
6647,14,902181093542,11.016
6648,15,902200492442,10.863
6649,16,902220786742,9.799
6650,17,902240238042,10.042
6651,18,902262812542,11.199
6652,19,902280249043,10.219
6653,20,902300842443,10.883
6654,21,902320796043,9.497
6655,22,902340382243,10.521
6656,23,902360807044,10.798
6657,24,902380242844,9.727
6658,0,902400737144,10.284
6659,1,902420420344,9.350
6660,2,902441217945,10.344
6661,3,902460482345,10.479
6662,4,902480399145,11.162
6663,5,902500926845,9.623
6664,6,902520705845,9.572
6665,7,902540431646,10.186
6666,8,902561428446,11.807
6667,9,902580256246,9.483
6668,10,902600086446,9.596
6669,11,902620404847,9.431
6670,12,902641345747,10.345
6671,13,902660075347,10.732
6672,14,902680196547,10.174
6673,15,902700715848,9.490
6674,16,902720497848,9.414
6675,17,902740064148,9.512
6676,18,902765167948,10.346
6677,19,902780195748,10.074
6678,20,902801109449,10.159
6679,21,902820542049,9.806
6680,22,902840577049,11.622
6681,23,902860885449,9.535
6682,24,902880383250,9.836
6683,0,902900644150,10.383
6684,1,902924976550,12.125
6685,2,902940809850,11.027
6686,3,902960779451,10.433
6687,4,902980279951,10.532
6688,5,903001063451,9.430
6689,6,903021083451,9.504
6690,7,903040344451,9.619
6691,8,903060114152,10.899
6692,9,903080411552,9.606
6693,10,903100746252,9.516
6694,11,903121388352,11.613
6695,12,903141309453,11.546
6696,13,903161138453,11.026
6697,14,903182349853,10.992
6698,15,903201076153,10.207
6699,16,903220824754,9.313
6700,17,903240367654,9.736
6701,18,903260814354,11.899
6702,19,903281428954,10.492
6703,20,903300905154,10.435
6704,21,903320793355,9.820
6705,22,903340594955,10.094
6706,23,903361036555,10.992
6707,24,903381271755,10.405
6708,0,903400608656,12.237
6709,1,903421110656,13.666
6710,2,903441407656,10.516
6711,3,903463991156,15.965
6712,4,903482040957,12.537
6713,5,903502327557,15.422
6714,6,903521843957,14.395
6715,7,903541031457,13.274
6716,8,903560277757,11.632
6717,9,903580054358,10.911
6718,10,903601103358,9.868
6719,11,903620480058,9.724
6720,12,903640102958,10.013
6721,13,903660167959,9.698
6722,14,903680148659,10.859
6723,15,903700388659,12.457
6724,16,903720628259,9.488
6725,17,903740306960,10.220
6726,18,903761290360,10.101
6727,19,903780087360,10.028
6728,20,903801075460,8.927
6729,21,903820502260,9.381
6730,22,903839880461,10.069
6731,23,903860271761,10.085
6732,24,903880704761,13.166
6733,0,903901059061,17.950
6734,1,903923599262,13.732
6735,2,903940733162,12.893
6736,3,903960718062,11.464
6737,4,903981169562,12.300
6738,5,904000905763,10.809
6739,6,904020512663,9.598
6740,7,904040440563,10.005
6741,8,904060994863,10.086
6742,9,904080130963,9.606
6743,10,904100292664,9.792
6744,11,904120047764,9.201
6745,12,904140035264,9.703
6746,13,904159997364,9.634
6747,14,904180501065,9.411
6748,15,904200753965,10.672
6749,16,904220144865,9.770
6750,17,904240070865,10.982
6751,18,904260566766,10.411
6752,19,904281148766,10.471
6753,20,904300798766,10.470
6754,21,904320924066,10.095
6755,22,904339950566,9.504
6756,23,904360242467,9.767
6757,24,904380256267,9.694
6758,0,904400489567,9.506
6759,1,904419932067,9.817
6760,2,904439873968,10.040
6761,3,904460293168,9.926
6762,4,904479979368,9.931
6763,5,904500343668,9.666
6764,6,904520181269,9.385
6765,7,904540259969,10.131
6766,8,904560327569,9.784
6767,9,904580653669,10.389
6768,10,904600741669,9.514
6769,11,904621193570,10.726
6770,12,904640175270,9.978
6771,13,904660290470,9.641
6772,14,904680027970,9.658
6773,15,904701321371,10.626
6774,16,904720383571,9.424
6775,17,904740179871,10.053
6776,18,904760128971,9.379
6777,19,904780154072,9.427
6778,20,904800208172,9.693
6779,21,904820319772,8.891
6780,22,904840262972,9.443
6781,23,904860054572,9.426
6782,24,904879950573,9.730
6783,0,904900275273,9.437
6784,1,904921677273,12.449
6785,2,904941302973,10.823
6786,3,904960740974,10.001
6787,4,904980182174,9.894
6788,5,905002406274,9.841
6789,6,905020563574,11.757
6790,7,905040643975,10.075
6791,8,905060370075,10.052
6792,9,905080649075,10.311
6793,10,905101082775,9.751
6794,11,905121072375,9.452
6795,12,905140226176,10.466
6796,13,905160097976,9.938
6797,14,905180141176,9.873
6798,15,905200662476,8.953
6799,16,905221567077,11.714
6800,17,905240148077,10.752
6801,18,905260129477,10.732
6802,19,905280377877,11.234
6803,20,905301017178,12.779
6804,21,905321137278,11.956
6805,22,905341641178,12.300
6806,23,905361861378,11.921
6807,24,905380714478,11.402
6808,0,905401029779,10.472
6809,1,905422001679,11.396
6810,2,905440419579,10.939
6811,3,905460643779,10.949
6812,4,905482138080,13.913
6813,5,905501589280,11.376
6814,6,905521035380,12.003
6815,7,905541540380,12.979
6816,8,905560471081,11.563
6817,9,905580526781,12.303
6818,10,905600795481,13.171
6819,11,905621204881,11.761
6820,12,905640196081,10.243
6821,13,905660442082,11.226
6822,14,905680836382,11.031
6823,15,905701459682,9.975
6824,16,905721061982,12.992
6825,17,905741048383,11.149
6826,18,905760269883,10.535
6827,19,905780187583,10.082
6828,20,905800813483,9.627
6829,21,905820648984,9.487
6830,22,905840438684,9.794
6831,23,905859998584,9.867
6832,24,905879910384,9.681
6833,0,905900504084,8.926
6834,1,905923403185,14.846
6835,2,905941118185,11.946
6836,3,905960509685,10.980
6837,4,905980315486,11.888
6838,5,906001062886,10.224
6839,6,906020664586,10.785
6840,7,906041347786,15.782
6841,8,906062176587,13.779
6842,9,906081128587,11.244
6843,10,906101076187,12.945
6844,11,906121233287,13.089
6845,12,906142231388,11.897
6846,13,906161056688,14.641
6847,14,906182318488,11.135
6848,15,906201327889,10.521
6849,16,906220939289,11.627
6850,17,906240584889,11.395
6851,18,906261035989,10.999
6852,19,906280953490,10.879
6853,20,906301207190,11.028
6854,21,906321879390,12.332
6855,22,906340840990,10.831
6856,23,906360287391,10.312
6857,24,906380830991,10.491
6858,0,906400884791,10.443
6859,1,906421324192,13.417
6860,2,906441729592,11.668
6861,3,906460794592,11.853
6862,4,906481066592,11.515
6863,5,906501391393,13.361
6864,6,906521152893,11.032
6865,7,906540722593,11.620
6866,8,906561042593,10.673
6867,9,906580961394,10.807
6868,10,906601428594,10.210
6869,11,906620525094,13.113
6870,12,906641216394,11.541
6871,13,906660948695,11.238
6872,14,906681822295,18.104
6873,15,906704989395,22.136
6874,16,906723208696,13.286
6875,17,906740756796,10.005
6876,18,906760081596,11.285
6877,19,906781046496,11.572
6878,20,906800869997,9.541
6879,21,906821123597,11.880
6880,22,906840632597,12.257
6881,23,906861122297,11.295
6882,24,906881543398,11.720
6883,0,906900828098,9.636
6884,1,906920394598,13.327
6885,2,906940871099,11.206
6886,3,906961206599,13.065
6887,4,906980547399,10.421
6888,5,907000726799,9.239
6889,6,907020599000,10.333
6890,7,907040684400,9.950
6891,8,907061299500,10.325
6892,9,907080548100,10.261
6893,10,907100395001,9.718
6894,11,907120306801,9.592
6895,12,907139964401,9.890
6896,13,907160727502,11.453
6897,14,907181203802,10.704
6898,15,907201004402,9.504
6899,16,907220899802,10.877
6900,17,907240319903,10.421
6901,18,907262759003,11.575
6902,19,907281079403,12.521
6903,20,907301266703,11.587
6904,21,907320830204,11.227
6905,22,907341032604,10.867
6906,23,907360624304,12.211
6907,24,907380957904,12.534
6908,0,907402658505,13.973
6909,1,907420958405,12.566
6910,2,907442054305,18.301
6911,3,907463214906,13.098
6912,4,907481062206,15.306
6913,5,907503654606,14.514
6914,6,907521766706,12.339
6915,7,907540665707,14.866
6916,8,907560652207,10.381
6917,9,907581227407,11.119
6918,10,907601084407,10.381
6919,11,907620405508,12.800
6920,12,907640798208,10.076
6921,13,907660286608,10.067
6922,14,907680424809,10.570
6923,15,907700700109,10.376
6924,16,907720473209,10.016
6925,17,907740570309,9.825
6926,18,907760851710,9.776
6927,19,907779998110,9.868
6928,20,907800118210,9.527
6929,21,907821081610,10.399
6930,22,907840083711,9.844
6931,23,907860581311,10.735
6932,24,907880606911,10.105
6933,0,907900905212,11.071
6934,1,907921551212,11.551
6935,2,907940792812,12.168
6936,3,907961412412,10.952
6937,4,907980186813,9.969
6938,5,908000295613,12.208
6939,6,908020770213,9.437
6940,7,908040185113,10.108
6941,8,908060200914,9.908
6942,9,908080191714,10.203
6943,10,908100584314,8.922
6944,11,908120918714,8.888
6945,12,908140483915,10.707
6946,13,908160247615,9.554
6947,14,908180046415,10.003
6948,15,908200466016,8.901
6949,16,908220057716,12.727
6950,17,908240345516,9.694
6951,18,908260590716,9.722
6952,19,908280894617,12.988
6953,20,908303630317,10.235
6954,21,908322138817,10.122
6955,22,908340499417,9.969
6956,23,908359915618,10.029
6957,24,908380177618,10.846
6958,0,908400652618,9.338
6959,1,908421218719,12.132
6960,2,908440243319,10.021
6961,3,908459906819,10.841
6962,4,908480043219,9.539
6963,5,908501009520,9.284
6964,6,908520230520,9.881
6965,7,908540781020,9.998
6966,8,908561331420,10.925
6967,9,908580473721,10.312
6968,10,908600791421,9.553
6969,11,908620427521,12.147
6970,12,908639942721,11.473
6971,13,908661040222,10.562
6972,14,908680225822,11.488
6973,15,908700718522,9.691
6974,16,908720197123,9.726
6975,17,908740201223,9.526
6976,18,908759975423,9.675
6977,19,908780029323,10.766
6978,20,908800577224,9.203
6979,21,908820294624,9.079
6980,22,908840169024,9.904
6981,23,908860092324,9.672
6982,24,908880252925,9.504
6983,0,908900457925,9.445
6984,1,908919963025,13.473
6985,2,908940482726,11.761
6986,3,908960701026,12.293
6987,4,908980511126,10.160
6988,5,909000790626,10.206
6989,6,909021114427,9.845
6990,7,909040104927,10.584
6991,8,909059941827,10.169
6992,9,909080279727,10.474
6993,10,909100653928,9.231
6994,11,909120293328,9.464
6995,12,909139905228,10.270
6996,13,909160106929,9.610
6997,14,909180640029,9.576
6998,15,909200290629,9.372
6999,16,909220193629,9.109
7000,17,909240140430,10.220
7001,18,909260378830,11.945
7002,19,909280570930,10.456
7003,20,909301112030,12.309
7004,21,909321834431,11.916
7005,22,909340594831,11.956
7006,23,909361350131,17.813
7007,24,909381521032,13.459
7008,0,909402398132,15.485
7009,1,909422342232,13.024
7010,2,909441424632,12.696
7011,3,909461595133,15.909
7012,4,909481059433,14.564
7013,5,909500852333,11.402
7014,6,909520412233,9.628
7015,7,909540142434,10.284
7016,8,909560824834,9.966
7017,9,909580288134,11.319
7018,10,909600897334,9.186
7019,11,909620177135,9.601
7020,12,909640257235,9.750
7021,13,909660111335,12.182
7022,14,909679773536,10.278
7023,15,909701039436,9.638
7024,16,909721195736,11.411
7025,17,909741140236,12.580
7026,18,909762046537,12.451
7027,19,909782937037,10.366
7028,20,909800660237,9.791
7029,21,909821907237,9.006
7030,22,909840446438,10.190
7031,23,909860170138,10.310
7032,24,909880240838,10.534
7033,0,909900725239,9.198
7034,1,909920222839,9.148
7035,2,909941571439,12.245
7036,3,909961403339,11.380
7037,4,909980855340,10.509
7038,5,910000372140,9.391
7039,6,910020322540,9.688
7040,7,910040190240,10.020
7041,8,910059868341,10.380
7042,9,910080821641,12.341
7043,10,910100286141,9.889
7044,11,910120327241,10.020
7045,12,910141517042,11.288
7046,13,910160298142,10.897
7047,14,910180503242,10.798
7048,15,910200999243,10.182
7049,16,910220068243,9.723
7050,17,910241271443,10.283
7051,18,910259995543,10.204
7052,19,910280737144,9.754
7053,20,910300462644,9.798
7054,21,910320199944,9.873
7055,22,910339984244,9.853
7056,23,910360311245,10.098
7057,24,910380299545,10.039
7058,0,910400488645,9.134
7059,1,910419830246,10.429
7060,2,910439990946,11.902
7061,3,910460270446,9.846
7062,4,910480590046,13.084
7063,5,910501427647,11.248
7064,6,910520428047,9.516
7065,7,910540393247,9.848
7066,8,910560660847,9.726
7067,9,910580589148,10.186
7068,10,910600633248,9.614
7069,11,910620101148,9.833
7070,12,910639932648,9.956
7071,13,910659882849,10.067
7072,14,910680203649,10.301
7073,15,910700805349,10.078
7074,16,910720171050,9.256
7075,17,910740208750,9.872
7076,18,910760966450,11.717
7077,19,910780585850,10.745
7078,20,910801178551,9.872
7079,21,910820357251,10.342
7080,22,910840760651,10.493
7081,23,910860712251,10.439
7082,24,910880326652,9.710
7083,0,910900374852,9.283
7084,1,910920141552,9.449
7085,2,910943561853,10.779
7086,3,910960506653,9.997
7087,4,910980268853,10.980
7088,5,911000439853,9.813
7089,6,911020096854,10.166
7090,7,911040107054,9.535
7091,8,911059944354,9.454
7092,9,911080146154,9.611
7093,10,911100551755,9.102
7094,11,911120874055,10.197
7095,12,911140319955,10.177
7096,13,911160872056,10.631
7097,14,911180308756,10.649
7098,15,911200879256,9.462
7099,16,911220160056,9.592
7100,17,911240147957,10.193
7101,18,911263143457,14.670
7102,19,911281707357,11.565
7103,20,911301612357,11.503
7104,21,911320596758,13.396
7105,22,911340674758,11.927
7106,23,911361367458,14.358
7107,24,911381846759,12.155
7108,0,911401767959,12.986
7109,1,911421497159,12.146
7110,2,911445323159,12.092
7111,3,911461511260,14.787
7112,4,911485278860,18.216
7113,5,911503214160,12.898
7114,6,911522658360,12.784
7115,7,911542731161,12.990
7116,8,911561841561,13.605
7117,9,911580614461,11.214
7118,10,911600920161,10.222
7119,11,911620102262,10.184
7120,12,911639954062,9.611
7121,13,911660379362,9.686
7122,14,911679974463,10.404
7123,15,911700352163,10.245
7124,16,911720565163,11.120
7125,17,911740450663,10.847
7126,18,911760700364,11.704
7127,19,911780750364,11.373
7128,20,911800983464,10.325
7129,21,911820337064,9.505
7130,22,911840256665,11.400
7131,23,911860446565,11.480
7132,24,911881595365,11.245
7133,0,911902709866,10.151
7134,1,911920589866,11.870
7135,2,911947044666,12.696
7136,3,911961372466,11.506
7137,4,911980779767,11.733
7138,5,912001573867,10.951
7139,6,912021023367,12.407
7140,7,912041170167,11.071
7141,8,912060559768,9.588
7142,9,912080301568,9.648
7143,10,912100236768,9.931
7144,11,912120190068,8.765
7145,12,912140300269,11.092
7146,13,912159744469,10.139
7147,14,912179994669,9.857
7148,15,912200314870,9.343
7149,16,912220431370,10.261
7150,17,912240747070,10.859
7151,18,912260538270,12.255
7152,19,912281331871,10.658
7153,20,912300467871,10.682
7154,21,912320698971,9.329
7155,22,912340294571,9.982
7156,23,912360365372,9.626
7157,24,912380070472,9.867
7158,0,912400453072,8.928
7159,1,912420517473,9.661
7160,2,912440283573,11.014
7161,3,912462239773,9.706
7162,4,912481271273,13.677
7163,5,912505755774,13.406
7164,6,912521076974,10.760
7165,7,912540444274,10.082
7166,8,912560338774,10.979
7167,9,912581823875,9.544
7168,10,912600875675,9.905
7169,11,912620204175,11.440
7170,12,912641036176,10.787
7171,13,912660742576,10.464
7172,14,912680217976,12.904
7173,15,912701618776,10.369
7174,16,912720761077,10.687
7175,17,912740735277,11.608
7176,18,912760755777,10.909
7177,19,912781013977,11.213
7178,20,912801276778,10.619
7179,21,912820638478,10.731
7180,22,912840722778,10.493
7181,23,912860505278,10.565
7182,24,912880620679,10.191
7183,0,912900643179,10.379
7184,1,912919936779,9.307
7185,2,912941298380,11.445
7186,3,912960647680,10.770
7187,4,912981933980,9.809
7188,5,913000770880,10.326
7189,6,913020696081,12.283
7190,7,913041809881,15.404
7191,8,913063014981,12.940
7192,9,913082343581,10.235
7193,10,913101428082,13.363
7194,11,913121404682,12.165
7195,12,913141462982,11.894
7196,13,913161348383,15.083
7197,14,913181018383,11.467
7198,15,913201320583,11.674
7199,16,913221072483,11.953
7200,17,913240909384,12.812
7201,18,913265970884,11.969
7202,19,913284977484,13.723
7203,20,913302114384,13.871
7204,21,913325977585,13.782
7205,22,913341443385,14.477
7206,23,913362230885,14.037
7207,24,913382799586,20.939
7208,0,913416357686,15.855
7209,1,913422567286,16.491
7210,2,913441647386,11.376
7211,3,913461762687,11.239
7212,4,913482799487,14.834
7213,5,913502205687,13.190
7214,6,913521360987,12.816
7215,7,913541788688,14.247
7216,8,913561693088,12.772
7217,9,913582821188,10.468
7218,10,913602147488,12.293
7219,11,913621654989,12.047
7220,12,913640599589,10.484
7221,13,913660304289,10.541
7222,14,913681215490,11.465
7223,15,913700852590,11.662
7224,16,913721106090,11.770
7225,17,913740411790,11.335
7226,18,913760581391,11.191
7227,19,913780976491,10.208
7228,20,913801014391,9.165
7229,21,913820192291,8.820
7230,22,913839970092,9.803
7231,23,913859894092,9.709
7232,24,913879887292,9.543
7233,0,913900404192,9.425
7234,1,913920098893,9.250
7235,2,913942150893,10.664
7236,3,913960813593,10.464
7237,4,913980789593,10.459
7238,5,914000852793,10.493
7239,6,914020130593,10.262
7240,7,914040240393,9.600
7241,8,914059880594,12.417
7242,9,914080408394,11.919
7243,10,914100648294,10.167
7244,11,914120753494,12.100
7245,12,914140573194,9.955
7246,13,914160297894,9.690
7247,14,914180342495,9.246
7248,15,914200089595,9.075
7249,16,914219897395,9.584
7250,17,914240099595,9.907
7251,18,914260306095,9.661
7252,19,914280215895,9.119
7253,20,914300125395,9.533
7254,21,914319881496,9.268
7255,22,914340284296,9.453
7256,23,914359946696,9.726
7257,24,914380088396,9.503
7258,0,914400391196,9.441
7259,1,914420276696,13.244
7260,2,914441146097,14.587
7261,3,914460701897,13.040
7262,4,914488500297,18.044
7263,5,914502993497,15.998
7264,6,914521187797,12.674
7265,7,914541500097,12.921
7266,8,914563107797,14.826
7267,9,914581326598,11.847
7268,10,914601837998,11.229
7269,11,914620924798,12.563
7270,12,914641033198,11.510
7271,13,914661964198,11.909
7272,14,914681118098,10.857
7273,15,914702098098,11.506
7274,16,914721236199,11.858
7275,17,914741080999,11.131
7276,18,914761120899,11.633
7277,19,914781180099,10.357
7278,20,914801486699,9.637
7279,21,914820395799,9.595
7280,22,914840410899,10.124
7281,23,914861177400,9.901
7282,24,914880763500,10.089
7283,0,914900699800,10.002
7284,1,914920957400,12.752
7285,2,914942176000,11.916
7286,3,914960687400,13.856
7287,4,914981367801,10.000
7288,5,915001027401,10.091
7289,6,915020335801,9.671
7290,7,915040113501,10.332
7291,8,915060404601,10.190
7292,9,915080681201,9.645
7293,10,915100393401,8.898
7294,11,915120195002,9.280
7295,12,915140188302,10.990
7296,13,915160335002,10.061
7297,14,915180980002,10.296
7298,15,915200630602,10.505
7299,16,915221334202,11.830
7300,17,915240915402,12.559
7301,18,915261157503,13.263
7302,19,915281425603,10.323
7303,20,915300460703,14.713
7304,21,915321025903,10.902
7305,22,915340203703,10.785
7306,23,915360534003,10.496
7307,24,915380458004,10.011
7308,0,915400793304,11.050
7309,1,915421108004,12.503
7310,2,915441477404,13.087
7311,3,915461688304,14.594
7312,4,915482056304,17.222
7313,5,915502403904,21.865
7314,6,915524042205,16.950
7315,7,915544480505,14.028
7316,8,915561167605,14.281
7317,9,915581338405,14.479
7318,10,915602159705,12.703
7319,11,915621214605,12.529
7320,12,915641517005,12.749
7321,13,915661350006,12.212
7322,14,915681790606,11.123
7323,15,915701122806,11.791
7324,16,915720651506,11.416
7325,17,915740946106,11.622
7326,18,915761022806,11.321
7327,19,915780847207,10.480
7328,20,915800616707,10.003
7329,21,915820314407,9.518
7330,22,915840443807,9.873
7331,23,915860176407,10.077
7332,24,915880808607,9.894
7333,0,915900813207,9.320
7334,1,915920166608,14.568
7335,2,915940881308,12.238
7336,3,915961717108,12.219
7337,4,915982622408,14.211
7338,5,916001580008,10.710
7339,6,916020810008,11.785
7340,7,916040861208,9.889
7341,8,916060079809,10.496
7342,9,916080942109,9.613
7343,10,916100762209,9.511
7344,11,916119902109,9.371
7345,12,916140355809,9.299
7346,13,916159913009,9.313
7347,14,916179990510,9.697
7348,15,916200418410,9.682
7349,16,916220333010,9.571
7350,17,916239891510,9.989
7351,18,916260349310,9.483
7352,19,916279888910,9.253
7353,20,916300368510,10.948
7354,21,916320081311,9.424
7355,22,916340525611,9.744
7356,23,916360068411,9.917
7357,24,916380490111,9.970
7358,0,916400762411,10.059
7359,1,916420207911,9.718
7360,2,916439781911,9.709
7361,3,916460320212,10.597
7362,4,916480275512,10.367
7363,5,916500517412,9.569
7364,6,916519803712,10.256
7365,7,916539810112,10.016
7366,8,916560160012,9.340
7367,9,916581012513,8.831
7368,10,916600857013,9.184
7369,11,916620252113,10.540
7370,12,916640535313,13.024
7371,13,916660402513,10.674
7372,14,916680774513,10.386
7373,15,916701726513,14.608
7374,16,916721958314,12.854
7375,17,916741308214,15.260
7376,18,916762127414,12.927
7377,19,916781592614,11.565
7378,20,916801505314,11.991
7379,21,916821151014,13.325
7380,22,916840925814,11.560
7381,23,916861190215,11.854
7382,24,916882283315,10.710
7383,0,916901536015,11.077
7384,1,916921143715,17.099
7385,2,916942494815,14.447
7386,3,916963057415,14.396
7387,4,916984477316,16.370
7388,5,917002294316,12.002
7389,6,917020975916,13.562
7390,7,917040669716,11.020
7391,8,917061459616,10.972
7392,9,917080830916,10.839
7393,10,917100733916,10.309
7394,11,917120282717,10.390
7395,12,917140574617,9.650
7396,13,917160187917,11.105
7397,14,917181297817,10.143
7398,15,917200784817,9.961
7399,16,917221142017,12.133
7400,17,917240687217,11.132
7401,18,917261676218,11.773
7402,19,917281158518,10.719
7403,20,917301376318,9.934
7404,21,917320804718,11.744
7405,22,917340716118,12.389
7406,23,917360339018,11.597
7407,24,917382075819,16.614
7408,0,917401819919,16.377
7409,1,917421418019,12.209
7410,2,917440799719,15.813
7411,3,917469970319,15.809
7412,4,917485999819,15.245
7413,5,917505589919,14.003
7414,6,917523443520,14.922
7415,7,917542254920,21.990
7416,8,917562220020,13.595
7417,9,917581477420,12.769
7418,10,917601745320,14.661
7419,11,917622289020,13.918
7420,12,917641371920,16.196
7421,13,917662820721,13.339
7422,14,917682679321,21.098
7423,15,917704096421,16.180
7424,16,917722586721,12.374
7425,17,917741419521,13.716
7426,18,917761654621,13.996
7427,19,917782598222,16.316
7428,20,917803047722,14.238
7429,21,917823628822,15.584
7430,22,917843240322,16.569
7431,23,917863333122,13.997
7432,24,917883713222,14.441
7433,0,917902418822,14.062
7434,1,917921807923,17.346
7435,2,917942366123,13.264
7436,3,917961767023,16.718
7437,4,917982600623,16.655
7438,5,918004218223,14.145
7439,6,918022554223,12.534
7440,7,918041814323,16.545
7441,8,918062356424,13.087
7442,9,918082114724,12.717
7443,10,918104392724,14.738
7444,11,918126700224,14.888
7445,12,918142514924,13.904
7446,13,918163747324,13.183
7447,14,918182806325,12.909
7448,15,918201802125,15.875
7449,16,918222265325,13.465
7450,17,918243038325,15.084
7451,18,918262624325,12.872
7452,19,918283012225,11.746
7453,20,918302802125,15.500
7454,21,918321479426,12.846
7455,22,918341105826,11.670
7456,23,918361211226,12.270
7457,24,918380964926,10.645
7458,0,918400704326,10.011
7459,1,918420305126,10.812
7460,2,918440494726,12.840
7461,3,918460740627,10.710
7462,4,918480124727,11.142
7463,5,918500783527,9.883
7464,6,918520390027,12.031
7465,7,918540612627,11.496
7466,8,918560825627,10.431
7467,9,918582350128,10.273
7468,10,918601186728,9.820
7469,11,918620395728,12.658
7470,12,918641408428,12.607
7471,13,918660312028,11.483
7472,14,918680862028,11.616
7473,15,918701076328,11.764
7474,16,918721224829,12.061
7475,17,918740309629,10.386
7476,18,918760313229,11.712
7477,19,918780897029,11.078
7478,20,918800911429,9.486
7479,21,918820801029,12.759
7480,22,918840257629,11.784
7481,23,918860294330,12.289
7482,24,918881671530,13.544
7483,0,918900822230,10.650
7484,1,918920277830,12.797
7485,2,918940975330,11.103
7486,3,918960406530,10.794
7487,4,918980755031,12.554
7488,5,919001180431,10.947
7489,6,919022317031,11.078
7490,7,919041100431,10.211
7491,8,919060139231,10.989
7492,9,919081656531,10.016
7493,10,919101532731,9.829
7494,11,919120229532,10.110
7495,12,919140048232,9.601
7496,13,919159990532,9.930
7497,14,919180345632,9.774
7498,15,919200087132,9.384
7499,16,919220143232,10.297
7500,17,919239966132,10.255
7501,18,919260380733,10.991
7502,19,919281296033,13.536
7503,20,919301127433,9.082
7504,21,919320598333,10.972
7505,22,919341307833,31.788
7506,23,919361328833,13.568
7507,24,919386223934,20.748
7508,0,919402932234,14.722
7509,1,919422237534,13.140
7510,2,919445306534,17.115
7511,3,919462448234,15.779
7512,4,919482647734,17.718
7513,5,919502337834,15.538
7514,6,919522077235,16.076
7515,7,919545945035,15.313
7516,8,919563628735,20.259
7517,9,919583131335,15.157
7518,10,919601630535,15.133
7519,11,919621105435,10.759
7520,12,919641099435,13.789
7521,13,919660929936,11.357
7522,14,919680815036,10.229
7523,15,919700701536,10.200
7524,16,919720256736,10.653
7525,17,919740300136,10.651
7526,18,919760556336,9.426
7527,19,919780659537,8.983
7528,20,919800288137,10.691
7529,21,919820595837,9.774
7530,22,919840609737,12.425
7531,23,919861189437,11.132
7532,24,919881216737,11.233
7533,0,919900986037,11.808
7534,1,919920772038,19.450
7535,2,919942223138,13.734
7536,3,919963283038,13.506
7537,4,919981451338,11.572
7538,5,920000561038,10.241
7539,6,920020514238,10.450
7540,7,920041693438,14.156
7541,8,920061294139,10.547
7542,9,920080786439,9.132
7543,10,920101400039,11.942
7544,11,920119978039,9.648
7545,12,920140094939,10.487
7546,13,920160395139,10.378
7547,14,920180785440,9.474
7548,15,920201260640,12.008
7549,16,920220354940,11.269
7550,17,920240493140,10.505
7551,18,920261088740,12.000
7552,19,920280612740,9.801
7553,20,920300470440,9.992
7554,21,920321005041,12.164
7555,22,920340707841,10.803
7556,23,920360950341,11.896
7557,24,920380908841,10.943
7558,0,920400809041,10.431
7559,1,920420592241,10.777
7560,2,920440976041,11.463
7561,3,920460810942,11.372
7562,4,920481062242,11.178
7563,5,920500675742,9.691
7564,6,920520273642,9.790
7565,7,920540332742,10.086
7566,8,920559870642,10.576
7567,9,920580754742,11.498
7568,10,920601726543,16.669
7569,11,920622837043,17.060
7570,12,920643727543,15.437
7571,13,920663009243,15.209
7572,14,920683340043,12.216
7573,15,920702883843,11.677
7574,16,920720664544,12.622
7575,17,920741314444,13.772
7576,18,920760945144,13.811
7577,19,920781112644,13.345
7578,20,920803915744,11.876
7579,21,920821653744,12.503
7580,22,920841114444,12.674
7581,23,920862264545,14.227
7582,24,920882866345,10.784
7583,0,920902081145,10.078
7584,1,920920910545,14.940
7585,2,920941348445,11.913
7586,3,920961016245,13.833
7587,4,920983466646,17.784
7588,5,921003518346,12.105
7589,6,921021814946,14.112
7590,7,921041334546,14.608
7591,8,921062251246,12.833
7592,9,921082997046,11.954
7593,10,921102298746,12.323
7594,11,921121238447,11.639
7595,12,921140971347,11.513
7596,13,921160429047,11.025
7597,14,921180893247,9.606
7598,15,921200720447,10.033
7599,16,921220370647,9.818
7600,17,921240384547,10.613
7601,18,921261711548,14.104
7602,19,921281730648,14.372
7603,20,921302615848,14.211
7604,21,921322151148,11.419
7605,22,921340887948,11.562
7606,23,921361482548,14.134
7607,24,921381865448,13.537
7608,0,921401650849,11.063
7609,1,921421862249,12.588
7610,2,921440745749,11.096
7611,3,921461276049,11.820
7612,4,921481058549,10.106
7613,5,921501060649,10.409
7614,6,921521195550,11.183
7615,7,921541419950,11.991
7616,8,921561560350,12.009
7617,9,921581601250,14.899
7618,10,921602970650,13.203
7619,11,921620902150,10.512
7620,12,921641151150,13.221
7621,13,921660422051,10.899
7622,14,921681356251,12.395
7623,15,921701358551,12.097
7624,16,921722303851,14.240
7625,17,921741614051,11.672
7626,18,921760756251,10.989
7627,19,921781381651,10.175
7628,20,921800547652,10.278
7629,21,921820691352,9.915
7630,22,921840310352,9.744
7631,23,921860192952,10.663
7632,24,921880679052,10.681
7633,0,921901069752,9.716
7634,1,921919936452,10.528
7635,2,921940664751,10.638
7636,3,921960543951,11.145
7637,4,921981612550,11.012
7638,5,922001072449,9.538
7639,6,922020535949,10.026
7640,7,922040147448,9.683
7641,8,922060194248,9.627
7642,9,922080749147,9.983
7643,10,922100873147,9.475
7644,11,922120385546,13.348
7645,12,922140355346,10.709
7646,13,922162032745,13.514
7647,14,922181609645,9.965
7648,15,922200416544,9.253
7649,16,922219838344,9.481
7650,17,922239732143,9.820
7651,18,922260330343,9.317
7652,19,922280084642,9.226
7653,20,922300276942,9.366
7654,21,922320334241,10.161
7655,22,922340053741,9.577
7656,23,922359803340,9.681
7657,24,922380285939,9.603
7658,0,922400381839,9.345
7659,1,922419972438,11.230
7660,2,922440175538,13.960
7661,3,922460467737,9.846
7662,4,922480694737,13.345
7663,5,922500885436,9.807
7664,6,922520223536,10.494
7665,7,922540331735,10.599
7666,8,922560759635,10.795
7667,9,922580634634,10.494
7668,10,922600570434,10.142
7669,11,922619910733,10.383
7670,12,922640223633,11.060
7671,13,922660103032,11.872
7672,14,922680776932,13.251
7673,15,922701857031,9.650
7674,16,922720668631,10.098
7675,17,922740720330,10.362
7676,18,922760406529,10.289
7677,19,922781766329,10.781
7678,20,922801985028,10.967
7679,21,922821307828,11.535
7680,22,922841200427,13.353
7681,23,922861289427,12.108
7682,24,922882716226,12.555
7683,0,922903033026,12.564
7684,1,922921767625,19.593
7685,2,922942585425,14.359
7686,3,922961856824,12.053
7687,4,922982167524,11.924
7688,5,923001623523,10.095
7689,6,923020808923,14.580
7690,7,923041282122,12.140
7691,8,923061523822,12.020
7692,9,923081493921,11.268
7693,10,923102002620,11.621
7694,11,923121136020,12.592
7695,12,923140889719,11.408
7696,13,923160859819,12.349
7697,14,923181435818,11.994
7698,15,923202414418,13.090
7699,16,923221782517,12.707
7700,17,923241382117,13.644
7701,18,923261725116,13.624
7702,19,923283587916,11.942
7703,20,923303121815,15.328
7704,21,923322306015,11.880
7705,22,923340317714,13.313
7706,23,923361947014,11.387
7707,24,923381320513,10.502
7708,0,923401001213,11.768
7709,1,923420878412,12.063
7710,2,923441792811,12.919
7711,3,923460252211,13.121
7712,4,923481075510,11.241
7713,5,923501315510,10.344
7714,6,923521721609,18.650
7715,7,923544668209,13.181
7716,8,923562211208,12.160
7717,9,923583014308,13.175
7718,10,923603311107,14.850
7719,11,923621697707,13.180
7720,12,923640913506,14.672
7721,13,923661613906,14.652
7722,14,923682407105,12.405
7723,15,923702358605,11.693
7724,16,923723637204,13.354
7725,17,923744871203,11.416
7726,18,923760805503,12.243
7727,19,923781830903,12.275
7728,20,923802222302,11.717
7729,21,923820601001,10.651
7730,22,923840388401,10.713
7731,23,923860533300,9.619
7732,24,923880622800,9.581
7733,0,923900620999,9.872
7734,1,923920973399,15.218
7735,2,923941117598,12.416
7736,3,923961210498,12.000
7737,4,923981910497,11.172
7738,5,924001080097,10.828
7739,6,924021063396,12.683
7740,7,924040734196,14.543
7741,8,924061350495,11.273
7742,9,924080927495,11.641
7743,10,924101237994,9.979
7744,11,924120935994,12.161
7745,12,924140389693,11.521
7746,13,924160593993,10.680
7747,14,924180748192,9.694
7748,15,924200822191,9.953
7749,16,924220306891,10.374
7750,17,924240178090,10.233
7751,18,924260033790,9.987
7752,19,924280771989,10.155
7753,20,924301119089,9.403
7754,21,924320234488,10.890
7755,22,924340354388,9.945
7756,23,924360515887,10.677
7757,24,924380776987,9.612
7758,0,924401192886,10.050
7759,1,924420336386,10.193
7760,2,924440143285,10.741
7761,3,924460217985,9.701
7762,4,924480732884,9.402
7763,5,924500184384,9.628
7764,6,924520541183,10.370
7765,7,924540881882,11.074
7766,8,924560757482,9.764
7767,9,924580754281,9.517
7768,10,924601025281,10.984
7769,11,924620225180,9.602
7770,12,924640178080,9.793
7771,13,924660251479,9.617
7772,14,924680454279,9.151
7773,15,924700689978,9.297
7774,16,924720580678,12.174
7775,17,924740730677,9.892
7776,18,924760266177,11.465
7777,19,924780852176,10.107
7778,20,924800616676,9.136
7779,21,924820388275,9.933
7780,22,924840082375,9.334
7781,23,924860143174,9.507
7782,24,924880116074,10.081
7783,0,924900694173,10.834
7784,1,924921284872,12.574
7785,2,924942021372,15.093
7786,3,924963064071,13.472
7787,4,924982511671,14.176
7788,5,925001933470,11.314
7789,6,925020843470,11.000
7790,7,925041782469,12.053
7791,8,925060804169,12.825
7792,9,925080909168,12.880
7793,10,925101158568,13.020
7794,11,925120816267,12.677
7795,12,925141146067,12.835
7796,13,925161850766,13.331
7797,14,925181727466,12.295
7798,15,925201640565,10.425
7799,16,925220717165,10.430
7800,17,925241078264,12.859
7801,18,925261681163,13.434
7802,19,925282085663,13.112
7803,20,925303069262,12.428
7804,21,925322006662,13.358
7805,22,925340917661,11.413
7806,23,925361153061,11.490
7807,24,925381192360,11.770
7808,0,925401878360,12.821
7809,1,925421542059,11.966
7810,2,925441414159,12.723
7811,3,925461752458,14.195
7812,4,925482582558,15.107
7813,5,925502768357,13.324
7814,6,925524080957,13.543
7815,7,925543867356,12.824
7816,8,925562754356,11.699
7817,9,925581384955,11.929
7818,10,925601014255,9.721
7819,11,925620603654,10.227
7820,12,925640701753,9.514
7821,13,925660261153,9.787
7822,14,925680163252,9.600
7823,15,925700591052,9.126
7824,16,925720046751,9.728
7825,17,925739801551,9.714
7826,18,925760046450,9.844
7827,19,925780684650,9.915
7828,20,925800255849,8.964
7829,21,925820094649,9.701
7830,22,925840139948,9.562
7831,23,925860733848,12.373
7832,24,925881353447,11.217
7833,0,925901428047,10.566
7834,1,925920683746,11.474
7835,2,925941384846,14.170
7836,3,925962014045,14.505
7837,4,925981572944,13.757
7838,5,926001859244,12.382
7839,6,926020865743,11.387
7840,7,926040835843,11.507
7841,8,926061048042,11.777
7842,9,926081631742,10.937
7843,10,926101761441,10.651
7844,11,926120771141,11.326
7845,12,926140543740,10.673
7846,13,926160759940,9.659
7847,14,926180300639,9.412
7848,15,926200602339,11.594
7849,16,926220780938,10.048
7850,17,926240910438,10.408
7851,18,926260351937,11.724
7852,19,926282109037,10.854
7853,20,926301333336,10.445
7854,21,926321112736,13.599
7855,22,926340490735,11.465
7856,23,926360849434,10.387
7857,24,926380531934,9.481
7858,0,926400501633,8.960
7859,1,926420194133,10.730
7860,2,926440453332,9.354
7861,3,926460142732,9.500
7862,4,926480203331,9.337
7863,5,926500350731,10.113
7864,6,926520687230,10.165
7865,7,926540502830,9.560
7866,8,926560559829,10.046
7867,9,926580819529,10.261
7868,10,926601170028,12.091
7869,11,926620817328,12.927
7870,12,926641012927,12.739
7871,13,926660447727,10.701
7872,14,926680967426,10.624
7873,15,926700883725,11.635
7874,16,926720912225,10.308
7875,17,926740182124,10.452
7876,18,926760301224,10.024
7877,19,926780634023,10.007
7878,20,926800900823,9.573
7879,21,926820653922,10.958
7880,22,926840139322,11.278
7881,23,926860315721,13.168
7882,24,926881749821,11.645
7883,0,926901928520,14.489
7884,1,926920862420,17.445
7885,2,926941628019,13.670
7886,3,926961000319,12.659
7887,4,926982465218,17.835
7888,5,927002794718,12.654
7889,6,927020757517,16.467
7890,7,927043036716,25.880
7891,8,927062563016,17.486
7892,9,927083211715,11.223
7893,10,927102146315,11.582
7894,11,927120718814,12.579
7895,12,927140725314,11.883
7896,13,927160893313,12.906
7897,14,927182789213,12.726
7898,15,927202250312,10.814
7899,16,927221273612,11.874
7900,17,927240650711,13.696
7901,18,927261864711,14.161
7902,19,927281932010,11.331
7903,20,927303973610,13.105
7904,21,927321168809,12.579
7905,22,927341013209,12.632
7906,23,927360958108,13.094
7907,24,927382794608,13.843
7908,0,927405028907,16.705
7909,1,927423202806,16.540
7910,2,927442384806,17.149
7911,3,927461495905,13.247
7912,4,927482602205,11.380
7913,5,927502271604,10.965
7914,6,927521083404,11.588
7915,7,927543528603,12.598
7916,8,927560800303,12.412
7917,9,927584634502,13.284
7918,10,927601596102,12.526
7919,11,927620663501,10.603
7920,12,927640517701,12.515
7921,13,927660267900,9.897
7922,14,927680391500,10.063
7923,15,927700224599,9.178
7924,16,927720235699,10.297
7925,17,927740621698,11.235
7926,18,927760397198,10.942
7927,19,927780712697,9.431
7928,20,927801077296,12.581
7929,21,927821286196,11.082
7930,22,927840838095,11.119
7931,23,927861076795,10.751
7932,24,927881216094,9.742
7933,0,927900264594,10.140
7934,1,927920204193,13.145
7935,2,927941898993,13.043
7936,3,927960821692,13.893
7937,4,927983775092,10.333
7938,5,928002417491,10.808
7939,6,928021875791,11.519
7940,7,928040523390,12.101
7941,8,928060474690,11.748
7942,9,928082840489,10.049
7943,10,928101219589,13.947
7944,11,928121013188,11.792
7945,12,928140595788,12.137
7946,13,928160716287,11.914
7947,14,928181537186,10.680
7948,15,928201338086,9.780
7949,16,928220250585,11.440
7950,17,928240648685,11.124
7951,18,928260459384,11.861
7952,19,928281055484,10.386
7953,20,928301160983,9.869
7954,21,928321925083,12.138
7955,22,928340229582,10.144
7956,23,928360415582,10.087
7957,24,928380433681,9.219
7958,0,928400479881,9.245
7959,1,928420178880,15.344
7960,2,928440759680,10.347
7961,3,928460579179,10.098
7962,4,928480433879,9.895
7963,5,928500568078,10.156
7964,6,928520059478,9.886
7965,7,928540486177,9.413
7966,8,928559944076,9.776
7967,9,928580418176,11.192
7968,10,928603553975,14.913
7969,11,928621359575,24.832
7970,12,928653851174,26.021
7971,13,928662665774,27.009
7972,14,928682338773,18.431
7973,15,928703846273,16.874
7974,16,928724216672,15.568
7975,17,928741916072,13.439
7976,18,928763076871,14.892
7977,19,928782727371,14.955
7978,20,928803070770,17.936
7979,21,928823047670,14.992
7980,22,928843552469,16.930
7981,23,928863987668,19.917
7982,24,928882938768,15.896
7983,0,928902210267,18.355
7984,1,928922566967,44.249
7985,2,928949144466,23.901
7986,3,928968767466,19.943
7987,4,928984146365,20.341
7988,5,929006662765,14.216
7989,6,929022344464,16.222
7990,7,929043448464,16.269
7991,8,929064468963,13.104
7992,9,929082139463,13.583
7993,10,929101204462,11.738
7994,11,929121102562,10.989
7995,12,929140848361,12.111
7996,13,929161297161,10.931
7997,14,929181182060,9.905
7998,15,929201017660,9.613
7999,16,929220788559,13.469
8000,17,929241547858,14.641
8001,18,929262885958,17.490
8002,19,929284996457,16.704
8003,20,929302955057,15.340
8004,21,929323458256,16.773
8005,22,929343341956,15.658
8006,23,929364246755,18.624
8007,24,929389551455,23.263
8008,0,929404570954,18.265
8009,1,929423352254,27.161
8010,2,929484804252,21.971
8011,3,929501150352,32.053
8012,4,929508834251,28.844
8013,5,929519358951,37.890
8014,6,929529930051,33.084
8015,7,929552229850,19.813
8016,8,929572977250,25.600
8017,9,929590146649,29.555
8018,10,929603564649,38.272
8019,11,929624757748,35.213
8020,12,929656113848,27.997
8021,13,929669236147,39.142
8022,14,929686952847,27.632
8023,15,929702746546,33.290
8024,16,929722763046,46.639
8025,17,929766538945,40.379
8026,18,929774051744,52.215
8027,19,929793299944,36.583
8028,20,929840804943,25.315
8029,21,929843498843,26.907
8030,22,929847723442,41.214
8031,23,929866748842,34.955
8032,24,929889409041,30.156
8033,0,929906607341,29.797
8034,1,929927430141,31.084
8035,2,929949614242,26.181
8036,3,929971413142,34.434
8037,4,929987947442,37.127
8038,5,930006536142,27.535
8039,6,930037800042,23.551
8040,7,930068439343,25.920
8041,8,930070357343,28.562
8042,9,930088665343,25.326
8043,10,930107590343,26.404
8044,11,930123691743,28.080
8045,12,930145547943,17.895
8046,13,930172570444,24.762
8047,14,930191662644,39.712
8048,15,930211004544,23.619
8049,16,930228798344,37.767
8050,17,930243791744,30.405
8051,18,930262603044,33.210
8052,19,930287237645,26.348
8053,20,930307892945,23.528
8054,21,930322970245,22.880
8055,22,930342492045,32.233
8056,23,930362974545,23.762
8057,24,930382267045,19.201
8058,0,930405642146,20.989
8059,1,930422869046,17.933
8060,2,930442423546,14.599
8061,3,930464056046,15.989
8062,4,930483072846,14.237
8063,5,930502559446,12.898
8064,6,930522798347,15.529
8065,7,930542409547,15.329
8066,8,930562463447,18.000
8067,9,930584096647,14.531
8068,10,930602731847,16.169
8069,11,930623402947,21.930
8070,12,930642555048,24.711
8071,13,930662718948,14.235
8072,14,930682728748,16.531
8073,15,930702536248,15.060
8074,16,930723776048,16.694
8075,17,930742075149,13.847
8076,18,930761359849,12.678
8077,19,930781445049,11.722
8078,20,930802008749,15.479
8079,21,930821816849,14.024
8080,22,930842041149,13.696
8081,23,930862190150,15.127
8082,24,930882499850,15.328
8083,0,930902675450,16.569
8084,1,930921884350,23.915
8085,2,930942032650,21.494
8086,3,930962223950,13.861
8087,4,930982597651,16.028
8088,5,931002403151,12.097
8089,6,931020680651,10.753
8090,7,931041350351,34.598
8091,8,931067810851,22.632
8092,9,931084800952,35.142
8093,10,931110097252,37.398
8094,11,931128877052,23.140
8095,12,931143632052,21.042
8096,13,931164419152,16.516
8097,14,931182855052,11.708
8098,15,931203720853,15.376
8099,16,931222933153,12.790
8100,17,931241997853,14.947
8101,18,931262987753,15.540
8102,19,931285693353,25.937
8103,20,931304687454,22.386
8104,21,931323388754,16.735
8105,22,931342494954,16.598
8106,23,931363936454,15.272
8107,24,931384025054,16.659
8108,0,931403692554,15.109
8109,1,931422164455,16.886
8110,2,931442915655,26.594
8111,3,931466387855,23.837
8112,4,931486129255,28.875
8113,5,931509862355,18.006
8114,6,931527723055,20.103
8115,7,931542528256,19.741
8116,8,931562508256,28.131
8117,9,931583056356,34.062
8118,10,931608321756,27.194
8119,11,931627620456,21.253
8120,12,931645793657,21.955
8121,13,931668903857,25.063
8122,14,931687238157,47.978
8123,15,931710535757,41.029
8124,16,931740830657,46.535
8125,17,931750671357,45.728
8126,18,931778680458,50.990
8127,19,931792249358,37.438
8128,20,931814563158,46.983
8129,21,931834403258,55.720
8130,22,931858576458,41.224
8131,23,931873353859,47.579
8132,24,931893374259,40.364
8133,0,931915574459,44.688
8134,1,931935316859,35.233
8135,2,931967914859,49.139
8136,3,931981268459,44.460
8137,4,931996068760,47.571
8138,5,932021742360,42.159
8139,6,932044157860,26.443
8140,7,932047091160,33.161
8141,8,932074335760,22.355
8142,9,932085875460,17.906
8143,10,932103047561,14.336
8144,11,932122616761,18.263
8145,12,932141704961,14.258
8146,13,932161684161,13.303
8147,14,932181962161,12.364
8148,15,932201641261,14.015
8149,16,932221110162,14.876
8150,17,932241788562,12.407
8151,18,932261166662,15.178
8152,19,932282405762,13.902
8153,20,932302643162,13.411
8154,21,932322411562,12.990
8155,22,932346930063,26.518
8156,23,932362073563,14.611
8157,24,932382916163,12.463
8158,0,932402659163,15.056
8159,1,932422505263,14.696
8160,2,932441396464,14.951
8161,3,932461773964,21.424
8162,4,932486789964,13.009
8163,5,932502117564,12.752
8164,6,932521213664,14.701
8165,7,932540677264,11.258
8166,8,932560823365,12.186
8167,9,932581436865,12.033
8168,10,932601846065,20.509
8169,11,932622917665,19.037
8170,12,932642893765,17.735
8171,13,932665418566,19.459
8172,14,932684748566,17.610
8173,15,932703617566,16.820
8174,16,932722234066,22.308
8175,17,932742597566,18.543
8176,18,932762706866,11.740
8177,19,932781964067,13.333
8178,20,932801942667,12.278
8179,21,932821338867,13.257
8180,22,932840842967,13.633
8181,23,932862274267,11.379
8182,24,932881549067,11.223
8183,0,932900801168,11.388
8184,1,932921050568,14.310
8185,2,932941908068,15.402
8186,3,932962073668,12.739
8187,4,932981445668,11.598
8188,5,933001910869,11.328
8189,6,933020789069,10.637
8190,7,933041945969,11.863
8191,8,933060527169,10.763
8192,9,933081312469,11.273
8193,10,933100887869,10.005
8194,11,933120300570,10.597
8195,12,933140743670,10.463
8196,13,933160842070,10.721
8197,14,933181934570,10.705
8198,15,933200880770,10.057
8199,16,933220366570,10.731
8200,17,933240028071,10.264
8201,18,933260549071,12.592
8202,19,933281194171,10.430
8203,20,933302822271,12.679
8204,21,933321611571,13.919
8205,22,933342297372,12.938
8206,23,933363681272,12.386
8207,24,933381621172,12.623
8208,0,933402932272,12.136
8209,1,933421295172,13.701
8210,2,933441708572,12.346
8211,3,933463018973,16.793
8212,4,933482834873,13.859
8213,5,933502853073,14.997
8214,6,933524390573,14.339
8215,7,933541998773,15.430
8216,8,933563018273,13.318
8217,9,933582622174,14.386
8218,10,933602646374,14.833
8219,11,933621993574,12.727
8220,12,933642214574,12.631
8221,13,933661906774,13.150
8222,14,933682089375,12.465
8223,15,933701617375,12.337
8224,16,933721521475,13.104
8225,17,933741920275,13.855
8226,18,933761692675,13.848
8227,19,933781864375,14.527
8228,20,933801573476,14.761
8229,21,933821800376,23.271
8230,22,933842070176,20.500
8231,23,933863429976,18.150
8232,24,933882039276,14.420
8233,0,933903249376,15.694
8234,1,933923225877,22.984
8235,2,933942183277,31.362
8236,3,933963197277,23.351
8237,4,933982586777,14.001
8238,5,934001958777,16.206
8239,6,934021854878,13.473
8240,7,934041994078,24.825
8241,8,934063476478,25.763
8242,9,934093422778,18.251
8243,10,934111701778,21.630
8244,11,934129724378,24.588
8245,12,934147491379,29.083
8246,13,934182180979,23.036
8247,14,934194415179,29.627
8248,15,934210894479,22.775
8249,16,934224248379,24.714
8250,17,934241934679,14.561
8251,18,934262255380,20.438
8252,19,934282279380,21.963
8253,20,934302184480,26.332
8254,21,934322035680,18.250
8255,22,934342184780,17.023
8256,23,934365680681,19.519
8257,24,934382542781,20.068
8258,0,934402951281,14.545
8259,1,934422211681,14.027
8260,2,934441673681,13.271
8261,3,934461802181,13.729
8262,4,934481956182,15.487
8263,5,934502360082,14.541
8264,6,934522340682,14.251
8265,7,934542433882,13.984
8266,8,934562263682,13.158
8267,9,934583246782,19.326
8268,10,934604568783,22.005
8269,11,934622963783,26.670
8270,12,934643271383,24.793
8271,13,934662405483,21.204
8272,14,934682681283,19.397
8273,15,934703596884,17.141
8274,16,934727060484,16.472
8275,17,934743998384,19.296
8276,18,934765373584,24.531
8277,19,934785697184,25.911
8278,20,934808679984,26.182
8279,21,934827485985,46.589
8280,22,934848295685,27.592
8281,23,934874886685,27.071
8282,24,934890413585,17.667
8283,0,934904549185,17.856
8284,1,934924393885,28.885
8285,2,934943405686,27.890
8286,3,934964478986,17.661
8287,4,934984964486,24.064
8288,5,935013530386,22.427
8289,6,935027989986,18.266
8290,7,935046908587,16.056
8291,8,935062918087,13.329
8292,9,935082037687,12.102
8293,10,935101053187,12.235
8294,11,935121557487,10.778
8295,12,935140732787,11.588
8296,13,935160666888,11.129
8297,14,935180665088,11.413
8298,15,935200650888,9.923
8299,16,935220477588,11.251
8300,17,935240541588,10.484
8301,18,935260336688,11.918
8302,19,935280760189,10.229
8303,20,935301498489,15.296
8304,21,935321168789,12.191
8305,22,935341081989,12.582
8306,23,935361376789,15.838
8307,24,935382136390,13.420
8308,0,935400957490,16.567
8309,1,935420781190,14.050
8310,2,935441481590,11.597
8311,3,935461263190,15.646
8312,4,935483548190,13.019
8313,5,935501613891,10.607
8314,6,935524758891,14.681
8315,7,935541699091,14.792
8316,8,935562669291,15.656
8317,9,935583090491,16.124
8318,10,935603063291,13.972
8319,11,935621217692,12.818
8320,12,935640598492,11.608
8321,13,935660119092,10.823
8322,14,935681367692,11.028
8323,15,935700468892,10.030
8324,16,935720370093,10.498
8325,17,935741478793,10.246
8326,18,935760484493,10.936
8327,19,935780669593,10.439
8328,20,935800269393,11.601
8329,21,935820580993,11.114
8330,22,935839947694,10.979
8331,23,935860430394,10.085
8332,24,935880221694,10.238
8333,0,935899862794,9.746
8334,1,935920132294,9.575
8335,2,935942832894,10.961
8336,3,935960625895,10.829
8337,4,935981534395,10.158
8338,5,936000351295,9.055
8339,6,936020156295,11.219
8340,7,936040483195,9.612
8341,8,936060041396,10.330
8342,9,936080272896,9.669
8343,10,936100678496,9.792
8344,11,936120327196,10.334
8345,12,936140363596,10.500
8346,13,936160236196,10.465
8347,14,936180457797,9.150
8348,15,936200429797,9.238
8349,16,936220539297,9.979
8350,17,936240456697,10.140
8351,18,936259859597,9.668
8352,19,936280398697,9.233
8353,20,936300038898,12.212
8354,21,936320378898,10.179
8355,22,936340842198,11.955
8356,23,936360396698,10.024
8357,24,936381331798,9.270
8358,0,936400574899,11.414
8359,1,936420199799,10.255
8360,2,936440230899,10.775
8361,3,936460621099,10.444
8362,4,936481131499,9.995
8363,5,936501045399,11.299
8364,6,936520058700,10.108
8365,7,936540309600,10.538
8366,8,936560162300,9.800
8367,9,936580464300,9.932
8368,10,936600092000,9.188
8369,11,936620056100,10.249
8370,12,936639981201,9.953
8371,13,936660365101,9.495
8372,14,936680343501,8.997
8373,15,936700076001,9.971
8374,16,936720986801,9.885
8375,17,936739946402,9.813
8376,18,936760128602,11.183
8377,19,936781051602,9.543
8378,20,936800324802,9.441
8379,21,936820547902,10.649
8380,22,936840272602,10.159
8381,23,936860287703,10.850
8382,24,936880728103,9.716
8383,0,936900640703,11.432
8384,1,936920335103,11.386
8385,2,936941087703,12.635
8386,3,936960787503,10.749
8387,4,936982085504,10.677
8388,5,937000652004,9.481
8389,6,937020202204,10.305
8390,7,937040254804,10.381
8391,8,937060531604,9.633
8392,9,937080722405,9.253
8393,10,937100535305,11.747
8394,11,937120632605,11.628
8395,12,937141321005,13.921
8396,13,937161105905,11.797
8397,14,937181150005,10.349
8398,15,937200404206,9.607
8399,16,937220086806,11.579
8400,17,937239938906,10.681
8401,18,937260538306,12.980
8402,19,937281152106,9.614
8403,20,937300562706,10.544
8404,21,937320437407,12.095
8405,22,937341845107,11.444
8406,23,937360448907,11.226
8407,24,937380914607,10.862
8408,0,937400882007,10.926
8409,1,937422148408,12.586
8410,2,937441275608,12.476
8411,3,937462585808,12.034
8412,4,937481446408,12.793
8413,5,937500550008,11.626
8414,6,937521704608,13.535
8415,7,937541401009,11.070
8416,8,937560530009,11.079
8417,9,937580643309,9.973
8418,10,937601036009,10.863
8419,11,937620433609,9.891
8420,12,937641335609,9.897
8421,13,937661451710,9.577
8422,14,937680707510,10.960
8423,15,937700577710,9.608
8424,16,937720055910,9.414
8425,17,937739917610,9.327
8426,18,937759880811,9.874
8427,19,937780548611,9.202
8428,20,937800166211,9.170
8429,21,937820044611,10.088
8430,22,937841139811,10.518
8431,23,937860291111,11.973
8432,24,937880569012,9.947
8433,0,937900063712,11.704
8434,1,937921059012,10.459
8435,2,937940382711,12.717
8436,3,937960915611,10.524
8437,4,937980572311,9.641
8438,5,938000053910,9.188
8439,6,938019960110,9.774
8440,7,938041496610,9.420
8441,8,938060984109,9.810
8442,9,938080389609,9.345
8443,10,938100034609,9.770
8444,11,938120206908,9.252
8445,12,938139844408,9.715
8446,13,938160132808,9.775
8447,14,938180794407,10.049
8448,15,938200138307,9.166
8449,16,938220094507,11.111
8450,17,938240064206,9.887
8451,18,938260335706,9.368
8452,19,938280657806,9.109
8453,20,938300240105,9.456
8454,21,938319954505,9.727
8455,22,938340326605,10.291
8456,23,938360100904,10.658
8457,24,938382700104,10.814
8458,0,938400607104,10.905
8459,1,938421007303,10.936
8460,2,938440192703,10.799
8461,3,938463023103,9.994
8462,4,938480696402,11.475
8463,5,938501258202,10.923
8464,6,938521187602,10.989
8465,7,938542031701,13.395
8466,8,938560409101,10.444
8467,9,938581212601,9.456
8468,10,938600234401,9.669
8469,11,938620425000,9.799
8470,12,938640306600,10.788
8471,13,938663761999,10.196
8472,14,938681478699,10.039
8473,15,938700909299,10.989
8474,16,938720060399,9.600
8475,17,938740357898,9.745
8476,18,938760754898,9.180
8477,19,938780483298,9.258
8478,20,938800230997,9.169
8479,21,938819999497,9.604
8480,22,938840026597,10.205
8481,23,938860848996,9.148
8482,24,938880588296,9.344
8483,0,938900215596,9.317
8484,1,938920203395,11.139
8485,2,938940449095,14.652
8486,3,938962390295,15.083
8487,4,938981311094,10.525
8488,5,939000431294,10.246
8489,6,939020177594,9.941
8490,7,939040813293,10.041
8491,8,939061189893,9.609
8492,9,939080651493,9.627
8493,10,939100258692,9.627
8494,11,939121383992,10.244
8495,12,939140183892,10.284
8496,13,939160294591,9.799
8497,14,939180737791,9.041
8498,15,939200297791,9.102
8499,16,939220150790,10.168
8500,17,939240208990,11.605
8501,18,939262180190,16.848
8502,19,939281827189,12.747
8503,20,939301708989,13.034
8504,21,939320965289,12.456
8505,22,939341507988,12.270
8506,23,939361543188,13.271
8507,24,939381334788,13.215
8508,0,939400882687,11.975
8509,1,939420907187,12.204
8510,2,939441139387,13.029
8511,3,939461193186,11.374
8512,4,939481507286,11.518
8513,5,939501418086,15.779
8514,6,939520855986,11.959
8515,7,939540920585,12.662
8516,8,939560945585,10.350
8517,9,939580790985,10.356
8518,10,939600265784,9.114
8519,11,939620769584,10.039
8520,12,939641058184,12.524
8521,13,939660098083,10.253
8522,14,939681089583,9.634
8523,15,939700115283,9.738
8524,16,939720199982,12.364
8525,17,939740294082,9.599
8526,18,939760312582,9.653
8527,19,939780534881,9.090
8528,20,939801385681,11.033
8529,21,939820676381,11.446
8530,22,939840139980,9.941
8531,23,939860456980,9.263
8532,24,939880654480,9.499
8533,0,939899934379,9.472
8534,1,939920073979,9.562
8535,2,939940168679,9.472
8536,3,939961453578,11.353
8537,4,939980916178,10.435
8538,5,940000540778,11.716
8539,6,940020325577,9.959
8540,7,940040026677,9.928
8541,8,940060124377,10.325
8542,9,940080418776,12.730
8543,10,940101898776,12.625
8544,11,940119851376,9.802
8545,12,940139921175,9.764
8546,13,940160522975,9.330
8547,14,940180225075,9.286
8548,15,940199905074,10.071
8549,16,940220121474,10.007
8550,17,940240245274,9.102
8551,18,940259816973,10.676
8552,19,940280868473,9.048
8553,20,940300140873,9.396
8554,21,940320200172,9.709
8555,22,940340167372,10.790
8556,23,940360852672,10.403
8557,24,940380222671,10.153
8558,0,940400076471,9.890
8559,1,940420049771,9.857
8560,2,940440102971,10.614
8561,3,940461029670,9.493
8562,4,940480346270,10.537
8563,5,940500029470,9.250
8564,6,940520447369,9.420
8565,7,940540038669,9.521
8566,8,940560438169,9.808
8567,9,940581063368,8.691
8568,10,940600376668,8.931
8569,11,940620397468,10.204
8570,12,940640208167,10.025
8571,13,940660065967,9.843
8572,14,940680388367,9.564
8573,15,940700431566,9.275
8574,16,940720445266,10.793
8575,17,940740740666,10.117
8576,18,940760635365,9.544
8577,19,940780967765,9.066
8578,20,940800350065,9.337
8579,21,940820350364,9.578
8580,22,940840212564,10.548
8581,23,940860991464,9.139
8582,24,940880738463,10.223
8583,0,940900570963,10.802
8584,1,940920734163,10.252
8585,2,940940311262,10.742
8586,3,940960898462,9.933
8587,4,940981022162,10.526
8588,5,941000605861,9.957
8589,6,941020502561,9.959
8590,7,941040896261,9.889
8591,8,941060704060,9.472
8592,9,941080915660,10.606
8593,10,941100353660,11.069
8594,11,941120512059,10.698
8595,12,941140469059,10.124
8596,13,941160824859,10.214
8597,14,941180419558,10.093
8598,15,941200368858,9.420
8599,16,941220176758,9.669
8600,17,941240102557,11.720
8601,18,941261501957,10.408
8602,19,941281143557,14.098
8603,20,941301155156,11.996
8604,21,941321550156,13.436
8605,22,941341611856,11.995
8606,23,941361388555,17.228
8607,24,941382131255,13.593
8608,0,941401224155,12.723
8609,1,941420687755,11.808
8610,2,941440542254,16.556
8611,3,941462466254,15.099
8612,4,941481246654,12.350
8613,5,941501327253,18.430
8614,6,941522105053,12.917
8615,7,941541880253,24.205
8616,8,941563965852,28.504
8617,9,941586877052,23.543
8618,10,941604896352,33.815
8619,11,941631261251,23.800
8620,12,941646769351,22.928
8621,13,941666099251,22.494
8622,14,941690381350,27.965
8623,15,941706138450,35.093
8624,16,941722551050,33.741
8625,17,941753259749,30.280
8626,18,941765011849,26.785
8627,19,941786864449,23.160
8628,20,941804882148,18.402
8629,21,941823849148,17.261
8630,22,941843968048,15.755
8631,23,941863914447,23.252
8632,24,941884582747,20.102
8633,0,941912833046,22.677
8634,1,941926891946,21.768
8635,2,941944594546,30.280
8636,3,941963920446,47.438
8637,4,941985643245,25.732
8638,5,942033665545,35.502
8639,6,942036544944,32.639
8640,7,942049996144,51.586
8641,8,942067517644,38.365
8642,9,942088473444,36.866
8643,10,942119577843,54.923
8644,11,942122750743,68.911
8645,12,942150937043,56.871
8646,13,942167170442,68.889
8647,14,942189145142,46.948
8648,15,942231536241,37.107
8649,16,942233599441,44.446
8650,17,942253858141,33.884
8651,18,942331381740,28.396
8652,19,942333666740,43.442
8653,20,942347591139,44.120
8654,21,942351503139,58.200
8655,22,942397619639,25.442
8656,23,942401540739,30.088
8657,24,942429117138,25.849
8658,0,942432223338,31.590
8659,1,942444528838,42.544
8660,2,942452843838,45.683
8661,3,942466971137,44.352
8662,4,942505894837,29.184
8663,5,942513249537,25.927
8664,6,942533091436,33.915
8665,7,942559629836,33.234
8666,8,942563545536,37.701
8667,9,942597177335,37.473
8668,10,942614345835,33.929
8669,11,942627411835,28.960
8670,12,942657347534,26.589
8671,13,942674851734,25.467
8672,14,942694602834,36.053
8673,15,942708182134,26.363
8674,16,942727722233,36.322
8675,17,942753785033,24.584
8676,18,942770106633,34.600
8677,19,942789249132,42.644
8678,20,942803101332,28.807
8679,21,942835352131,31.083
8680,22,942866662031,34.530
8681,23,942887973831,44.680
8682,24,942900850330,31.825
8683,0,942904112330,43.934
8684,1,942922486730,30.657
8685,2,942942922830,30.394
8686,3,942962740429,25.027
8687,4,942988809529,34.788
8688,5,943014107129,43.103
8689,6,943035340628,36.306
8690,7,943049446528,25.176
8691,8,943081481327,30.502
8692,9,943091567127,27.106
8693,10,943105632327,27.047
8694,11,943123473227,28.707
8695,12,943142298726,39.464
8696,13,943190194626,32.345
8697,14,943213306425,26.939
8698,15,943216331725,38.803
8699,16,943224576625,38.494
8700,17,943242621925,23.200
8701,18,943268684524,34.773
8702,19,943287424224,31.616
8703,20,943305120324,30.170
8704,21,943329774823,29.228
8705,22,943352602023,30.474
8706,23,943370714223,37.180
8707,24,943389041722,42.792
8708,0,943414038622,23.261
8709,1,943423188622,21.001
8710,2,943450731721,36.835
8711,3,943468555621,27.099
8712,4,943483685521,37.888
8713,5,943506300820,20.895
8714,6,943536806220,25.527
8715,7,943549752520,31.137
8716,8,943566291620,26.376
8717,9,943590528119,29.963
8718,10,943604497019,25.255
8719,11,943622475119,28.522
8720,12,943651492118,42.399
8721,13,943664801218,30.573
8722,14,943683094518,33.074
8723,15,943712935017,52.643
8724,16,943743264617,38.323
8725,17,943758561816,40.564
8726,18,943760468816,67.877
8727,19,943792268416,36.097
8728,20,943806499816,41.620
8729,21,943837080915,24.735
8730,22,943848491215,42.164
8731,23,943881693614,43.350
8732,24,943883551714,43.978
8733,0,943927972014,53.952
8734,1,943944743513,37.199
8735,2,943960617713,47.924
8736,3,943977692313,33.371
8737,4,943995299113,37.630
8738,5,944009456412,29.180
8739,6,944039371112,46.819
8740,7,944054820912,46.821
8741,8,944080467211,41.890
8742,9,944094097511,43.163
8743,10,944122360510,48.591
8744,11,944134772810,36.198
8745,12,944154244010,48.794
8746,13,944171694210,31.385
8747,14,944188580809,47.328
8748,15,944220062809,35.679
8749,16,944230016709,47.560
8750,17,944261494808,31.311
8751,18,944286003208,39.920
8752,19,944303297307,37.822
8753,20,944311478707,36.986
8754,21,944343545207,36.720
8755,22,944357777807,25.836
8756,23,944361033507,52.697
8757,24,944414927706,33.203
8758,0,944420499606,35.015
8759,1,944423514006,109.655
8760,2,944443802305,89.386
8761,3,944534592104,34.465
8762,4,944968284497,35.532
8763,5,944969036497,36.216
8764,6,944989189596,32.859
8765,7,944991890996,33.250
8766,8,945030095396,22.396
8767,9,945040516295,28.934
8768,10,945055853395,34.891
8769,11,945072952295,50.396
8770,12,945097694495,25.669
8771,13,945103715894,34.315
8772,14,945120086094,30.314
8773,15,945124178294,31.771
8774,16,945138199894,66.131
8775,17,945139379894,71.608
8776,18,945151877494,89.579
8777,19,945183928993,67.361
8778,20,945188208793,68.882
8779,21,945195682593,100.093
8780,22,945213443893,92.756
8781,23,945220823993,96.194
8782,24,945231778292,106.655
8783,0,945239564392,98.908
8784,1,945241294292,127.043
8785,2,945253591792,114.768
8786,3,945268428492,111.243
8787,4,945269967792,128.470
8788,5,945270891792,131.371
8789,6,945353767090,66.295
8790,7,945369588090,53.049
8791,8,945384725190,48.735
8792,9,945403086590,48.952
8793,10,945408099089,63.610
8794,11,945427691589,54.245
8795,12,945429349389,59.887
8796,13,945442628489,57.419
8797,14,945460982389,67.254
8798,15,945467133389,61.127
8799,16,945489585588,57.264
8800,17,945499011488,55.853
8801,18,945505239288,68.100
8802,19,945508868788,80.410
8803,20,945513317988,83.414
8804,21,945517679988,92.513
8805,22,945521048588,99.011
8806,23,945522154888,110.665
8807,24,945523386188,112.394
8808,0,945538220687,108.865
8809,1,945541264887,110.975
8810,2,945556936487,101.961
8811,3,945560449887,108.232
8812,4,945573265187,101.174
8813,5,945579278087,103.544
8814,6,945590607086,100.464
8815,7,945594257686,106.910
8816,8,945601754386,107.926
8817,9,945605518886,109.809
8818,10,945607643586,113.417
8819,11,945630544686,100.884
8820,12,945642393886,94.329
8821,13,945662797985,82.069
8822,14,945684807485,69.603
8823,15,945704373785,55.436
8824,16,945724434784,45.742
8825,17,945744843784,28.005
8826,18,945764852284,19.188
8827,19,945783260783,14.702
8828,20,945802236283,13.289
8829,21,945821161483,15.037
8830,22,945843089982,15.739
8831,23,945861951982,13.882
8832,24,945883691682,14.872
8833,0,945902870281,14.654
8834,1,945920910781,17.285
8835,2,945942457581,28.320
8836,3,945965353780,18.813
8837,4,945983118980,15.112
8838,5,946001501880,12.337
8839,6,946021150679,13.507
8840,7,946040686079,12.806
8841,8,946060803779,13.671
8842,9,946081587978,10.728
8843,10,946100687778,11.450
8844,11,946120763878,12.080
8845,12,946140827378,11.439
8846,13,946160885677,10.951
8847,14,946180889077,11.422
8848,15,946200584276,12.634
8849,16,946222628476,12.719
8850,17,946240541575,11.689
8851,18,946261922475,11.358
8852,19,946281074374,12.999
8853,20,946301505374,11.431
8854,21,946321192473,11.829
8855,22,946342607972,11.267
8856,23,946361139172,11.487
8857,24,946381079571,10.092
8858,0,946400987371,12.466
8859,1,946421561870,25.635
8860,2,946442227870,22.126
8861,3,946462108969,18.656
8862,4,946482767569,17.843
8863,5,946503770068,18.729
8864,6,946522422368,16.791
8865,7,946542086867,16.902
8866,8,946561623267,13.429
8867,9,946582138566,14.790
8868,10,946602337665,14.284
8869,11,946622181265,15.789
8870,12,946642287564,15.035
8871,13,946663220164,17.257
8872,14,946682850563,18.075
8873,15,946702687863,14.451
8874,16,946722792362,16.417
8875,17,946742326662,22.342
8876,18,946763246561,13.832
8877,19,946782276061,14.235
8878,20,946801981160,21.059
8879,21,946822270460,17.569
8880,22,946842471059,17.100
8881,23,946864563258,15.268
8882,24,946882085858,13.454
8883,0,946901545857,13.129
8884,1,946920847557,12.682
8885,2,946941862656,22.311
8886,3,946962582156,16.121
8887,4,946983133355,15.926
8888,5,947002818655,14.575
8889,6,947022168854,16.457
8890,7,947045738154,21.611
8891,8,947064896753,13.184
8892,9,947081511653,9.757
8893,10,947100909652,14.090
8894,11,947123773152,16.397
8895,12,947142707051,21.393
8896,13,947167590950,18.751
8897,14,947185832950,14.040
8898,15,947202531949,12.461
8899,16,947221068949,14.144
8900,17,947241286948,17.005
8901,18,947266551548,15.307
8902,19,947288692047,16.192
8903,20,947304571947,19.284
8904,21,947322163146,14.048
8905,22,947341658746,12.798
8906,23,947361875145,13.353
8907,24,947382711245,12.631
8908,0,947401896844,14.260
8909,1,947422607744,19.284
8910,2,947442110143,16.581
8911,3,947461885043,11.949
8912,4,947481723742,11.890
8913,5,947501058941,12.545
8914,6,947520873341,11.974
8915,7,947540552540,14.430
8916,8,947561895640,12.822
8917,9,947583661639,17.015
8918,10,947602452639,12.607
8919,11,947621573238,11.816
8920,12,947641692138,11.870
8921,13,947661776537,13.824
8922,14,947681214037,11.440
8923,15,947700503436,10.175
8924,16,947720335536,10.306
8925,17,947740794535,10.485
8926,18,947760625735,10.741
8927,19,947780754534,10.844
8928,20,947800784033,10.297
8929,21,947820883333,11.353
8930,22,947840887132,10.456
8931,23,947861262832,10.170
8932,24,947880875731,13.463
8933,0,947901946331,12.457
8934,1,947921694330,11.527
8935,2,947940666330,15.395
8936,3,947962500029,13.412
8937,4,947983032429,15.121
8938,5,948002338328,18.007
8939,6,948022457428,12.454
8940,7,948041951327,12.697
8941,8,948061182527,11.530
8942,9,948081479726,10.216
8943,10,948100958425,11.989
8944,11,948120713725,10.646
8945,12,948140127924,11.112
8946,13,948161005424,10.247
8947,14,948180896723,9.720
8948,15,948200364523,10.656
8949,16,948220664422,9.712
8950,17,948240692022,10.343
8951,18,948260885221,9.951
8952,19,948280625221,10.279
8953,20,948300211620,9.934
8954,21,948320397620,9.795
8955,22,948340184119,11.407
8956,23,948360814919,10.116
8957,24,948380940318,9.736
8958,0,948400469717,10.419
8959,1,948420729117,10.645
8960,2,948440705316,10.598
8961,3,948461833516,10.988
8962,4,948481244915,18.130
8963,5,948502189615,27.670
8964,6,948523620414,24.409
8965,7,948544279014,17.628
8966,8,948563600713,17.134
8967,9,948582712513,14.223
8968,10,948601954012,17.570
8969,11,948621423312,14.152
8970,12,948642516311,14.529
8971,13,948662209311,18.743
8972,14,948682812110,16.780
8973,15,948702876609,18.153
8974,16,948722093309,18.491
8975,17,948742203008,14.472
8976,18,948762200008,14.553
8977,19,948782333807,15.895
8978,20,948802339607,12.773
8979,21,948821952006,12.680
8980,22,948841677006,13.214
8981,23,948861606805,13.209
8982,24,948881328505,12.001
8983,0,948901183704,13.596
8984,1,948922514604,15.792
8985,2,948948146603,18.180
8986,3,948967674102,20.119
8987,4,948985203802,18.312
8988,5,949004843101,15.597
8989,6,949022503601,12.537
8990,7,949043589800,14.160
8991,8,949061939100,16.810
8992,9,949082743399,11.319
8993,10,949102218699,11.950
8994,11,949120595298,14.213
8995,12,949140613698,12.756
8996,13,949161682497,13.280
8997,14,949182196097,13.197
8998,15,949201256596,12.158
8999,16,949221559996,13.512
9000,17,949240588895,15.105
9001,18,949262755094,15.835
9002,19,949282308994,11.839
9003,20,949301500293,14.836
9004,21,949320748393,11.856
9005,22,949340831892,12.758
9006,23,949362023792,13.314
9007,24,949383817791,13.789
9008,0,949401691791,14.327
9009,1,949421824490,12.715
9010,2,949441351890,14.574
9011,3,949462105889,12.214
9012,4,949482077889,12.846
9013,5,949501399988,13.525
9014,6,949522444588,13.185
9015,7,949541833787,15.634
9016,8,949563870786,17.165
9017,9,949584495586,15.178
9018,10,949604225785,14.707
9019,11,949622609485,13.916
9020,12,949643770284,13.116
9021,13,949662880584,14.245
9022,14,949681126983,13.116
9023,15,949700988483,13.033
9024,16,949720781782,10.664
9025,17,949741082282,11.051
9026,18,949761985981,13.014
9027,19,949782576181,12.838
9028,20,949801348480,12.295
9029,21,949821451480,13.422
9030,22,949840845779,15.456
9031,23,949863988878,15.869
9032,24,949883191778,17.742
9033,0,949903668877,18.582
9034,1,949923116077,13.706
9035,2,949942676776,27.151
9036,3,949965740576,30.183
9037,4,949984332075,20.581
9038,5,950003343975,13.449
9039,6,950022285674,12.584
9040,7,950040483874,13.069
9041,8,950061251573,10.530
9042,9,950081119673,11.127
9043,10,950100425572,10.331
9044,11,950121322472,10.982
9045,12,950140261371,10.581
9046,13,950161773170,9.893
9047,14,950180876170,11.202
9048,15,950200519169,11.115
9049,16,950222315569,17.195
9050,17,950241173968,17.053
9051,18,950264226468,13.741
9052,19,950282992467,17.406
9053,20,950302659367,14.845
9054,21,950322863466,18.822
9055,22,950342883366,14.835
9056,23,950364432965,16.390
9057,24,950384968365,14.517
9058,0,950402343264,14.464
9059,1,950421600964,18.804
9060,2,950444816463,21.841
9061,3,950463390262,15.691
9062,4,950484465262,15.008
9063,5,950501899461,15.123
9064,6,950521298761,13.531
9065,7,950541035960,15.327
9066,8,950562337160,15.192
9067,9,950584355659,12.321
9068,10,950602905559,14.803
9069,11,950621920158,14.055
9070,12,950641614658,15.108
9071,13,950662765157,16.769
9072,14,950683157257,16.690
9073,15,950701558256,14.758
9074,16,950722883556,15.116
9075,17,950743461855,16.578
9076,18,950764636254,16.665
9077,19,950784247554,13.612
9078,20,950801275453,14.881
9079,21,950822366253,12.528
9080,22,950841600252,15.420
9081,23,950862233952,12.415
9082,24,950881807951,9.720
9083,0,950900174151,10.830
9084,1,950920139250,11.084
9085,2,950940642050,14.265
9086,3,950962217649,15.342
9087,4,950982000149,14.112
9088,5,951002035548,13.116
9089,6,951020767948,11.085
9090,7,951041700547,12.177
9091,8,951061652346,12.298
9092,9,951081502046,11.510
9093,10,951101281445,12.859
9094,11,951120926145,12.608
9095,12,951141172244,14.041
9096,13,951161696644,14.698
9097,14,951181715243,15.677
9098,15,951202774443,15.877
9099,16,951223015942,14.293
9100,17,951242727242,19.105
9101,18,951264503641,18.594
9102,19,951284463841,19.912
9103,20,951313758140,38.005
9104,21,951330976039,34.410
9105,22,951351263139,25.961
9106,23,951367844238,25.586
9107,24,951383963738,22.387
9108,0,951403123337,17.140
9109,1,951421501737,13.184
9110,2,951443124136,18.548
9111,3,951463493236,14.044
9112,4,951482533235,13.975
9113,5,951502980735,13.800
9114,6,951521564734,14.613
9115,7,951541679634,13.645
9116,8,951562254433,20.260
9117,9,951584445333,17.315
9118,10,951604829332,13.261
9119,11,951621477032,12.869
9120,12,951643796831,17.549
9121,13,951664826330,15.153
9122,14,951681860730,14.675
9123,15,951701371329,12.762
9124,16,951720754229,13.473
9125,17,951742857428,13.574
9126,18,951762987328,12.906
9127,19,951781845927,12.659
9128,20,951801105327,13.444
9129,21,951820990626,15.640
9130,22,951841636326,11.058
9131,23,951862439225,11.625
9132,24,951881774525,11.898
9133,0,951901467224,12.227
9134,1,951920835724,12.265
9135,2,951941525923,25.823
9136,3,951965893522,20.593
9137,4,951981644222,17.901
9138,5,952002814321,13.650
9139,6,952022072421,15.915
9140,7,952041679620,13.109
9141,8,952062623920,14.368
9142,9,952082187019,14.110
9143,10,952102661519,12.108
9144,11,952121851118,13.095
9145,12,952141148418,13.474
9146,13,952162007217,12.621
9147,14,952182219717,16.826
9148,15,952217489016,40.535
9149,16,952225158415,42.771
9150,17,952253693315,37.101
9151,18,952265304714,32.390
9152,19,952289068614,33.677
9153,20,952309658813,28.264
9154,21,952331281613,18.181
9155,22,952349920812,26.610
9156,23,952365254712,20.692
9157,24,952385986111,16.016
9158,0,952404795311,14.529
9159,1,952421222210,17.982
9160,2,952442560010,13.378
9161,3,952462761109,16.897
9162,4,952482905709,15.182
9163,5,952501829108,15.181
9164,6,952521910107,14.726
9165,7,952541716007,14.493
9166,8,952561962906,18.288
9167,9,952583232606,14.295
9168,10,952603059305,16.466
9169,11,952622042905,14.552
9170,12,952641858804,14.518
9171,13,952662328404,16.190
9172,14,952682370003,14.648
9173,15,952702158603,13.008
9174,16,952720881502,15.950
9175,17,952741604202,12.057
9176,18,952762434501,13.626
9177,19,952781600401,12.853
9178,20,952802700800,12.757
9179,21,952821433100,12.107
9180,22,952842442699,12.442
9181,23,952862670198,14.727
9182,24,952882443098,14.340
9183,0,952901732297,16.982
9184,1,952921591797,10.872
9185,2,952940974796,15.726
9186,3,952963170696,17.834
9187,4,952982429095,12.951
9188,5,953002007695,14.457
9189,6,953021936394,12.907
9190,7,953042059694,12.548
9191,8,953061430793,9.810
9192,9,953081263293,11.089
9193,10,953100694892,11.240
9194,11,953121722491,11.207
9195,12,953140480591,11.939
9196,13,953160826090,10.200
9197,14,953181469390,12.523
9198,15,953200414989,11.915
9199,16,953220460189,11.676
9200,17,953240307088,11.538
9201,18,953263849088,10.498
9202,19,953282952587,13.713
9203,20,953300913287,12.900
9204,21,953321231786,12.239
9205,22,953343014686,13.477
9206,23,953364057185,11.583
9207,24,953383227085,15.388
9208,0,953402616484,14.627
9209,1,953421757883,13.405
9210,2,953441485583,12.649
9211,3,953462329882,14.658
9212,4,953485294182,13.193
9213,5,953503944581,14.115
9214,6,953522898081,12.662
9215,7,953543762880,14.154
9216,8,953563158180,13.197
9217,9,953581399079,14.362
9218,10,953600595879,11.098
9219,11,953620997378,11.378
9220,12,953641290178,13.439
9221,13,953661143677,11.720
9222,14,953681351777,13.292
9223,15,953701317776,11.770
9224,16,953720993175,13.585
9225,17,953741213375,12.637
9226,18,953761456774,13.104
9227,19,953781516274,12.701
9228,20,953801048373,13.922
9229,21,953822154273,13.450
9230,22,953841161072,12.428
9231,23,953861522972,15.487
9232,24,953881780871,13.030
9233,0,953901176971,12.420
9234,1,953920806370,11.495
9235,2,953941139070,18.500
9236,3,953964239769,12.935
9237,4,953982143669,13.460
9238,5,954003434768,14.319
9239,6,954022318767,14.193
9240,7,954041184067,13.662
9241,8,954062605166,13.470
9242,9,954081248566,12.838
9243,10,954101001365,11.352
9244,11,954121423165,14.027
9245,12,954146045164,13.296
9246,13,954163175164,15.736
9247,14,954182201063,16.543
9248,15,954201669263,16.204
9249,16,954222210664,15.376
9250,17,954244984764,14.985
9251,18,954263902964,15.716
9252,19,954284558664,15.246
9253,20,954303478864,20.034
9254,21,954323318564,22.072
9255,22,954343520664,21.795
9256,23,954367895364,27.037
9257,24,954387319864,34.673
9258,0,954406898964,31.991
9259,1,954428287664,29.219
9260,2,954448801564,20.803
9261,3,954468831764,20.298
9262,4,954486177065,18.715
9263,5,954502844165,15.562
9264,6,954521941465,17.147
9265,7,954542938765,22.168
9266,8,954562389965,14.151
9267,9,954582139865,14.955
9268,10,954602352765,17.021
9269,11,954622798465,13.999
9270,12,954641980965,13.635
9271,13,954662080865,17.701
9272,14,954682813765,17.342
9273,15,954702677565,14.857
9274,16,954722389565,13.390
9275,17,954742742965,12.052
9276,18,954761787265,12.284
9277,19,954781438466,13.572
9278,20,954802305866,13.182
9279,21,954821743566,13.442
9280,22,954845022166,21.032
9281,23,954864127566,15.555
9282,24,954883652266,20.102
9283,0,954904601366,15.348
9284,1,954923017266,15.436
9285,2,954942864266,19.268
9286,3,954965652966,19.455
9287,4,954982958166,15.445
9288,5,955001614866,13.986
9289,6,955021609466,12.810
9290,7,955041305866,11.425
9291,8,955061656267,11.991
9292,9,955080894867,11.218
9293,10,955100695167,10.209
9294,11,955120624567,10.173
9295,12,955140824167,11.249
9296,13,955161294067,10.940
9297,14,955181180367,11.995
9298,15,955201039467,13.204
9299,16,955221258167,14.868
9300,17,955240558267,12.256
9301,18,955262633967,11.888
9302,19,955281141067,12.197
9303,20,955301586067,14.255
9304,21,955321180467,10.978
9305,22,955341388268,11.773
9306,23,955360952468,11.418
9307,24,955381204668,10.249
9308,0,955400255868,10.681
9309,1,955420144768,10.602
9310,2,955440422968,12.642
9311,3,955461518468,10.994
9312,4,955481078868,10.905
9313,5,955502336968,11.810
9314,6,955522407168,12.746
9315,7,955541992568,17.265
9316,8,955562724868,13.906
9317,9,955581928368,12.971
9318,10,955602343668,12.882
9319,11,955621078269,12.541
9320,12,955640900769,11.409
9321,13,955661598669,11.928
9322,14,955680953969,11.774
9323,15,955700367669,10.916
9324,16,955720514669,10.852
9325,17,955740719069,9.782
9326,18,955760663169,9.467
9327,19,955780405769,9.960
9328,20,955800242269,10.955
9329,21,955820679169,11.228
9330,22,955840321869,10.779
9331,23,955860781969,12.422
9332,24,955880879369,10.322
9333,0,955900467870,10.448
9334,1,955920318470,11.036
9335,2,955942142670,16.652
9336,3,955961839470,10.861
9337,4,955981456270,13.740
9338,5,956001569070,13.030
9339,6,956021718570,10.446
9340,7,956041118070,11.479
9341,8,956060862570,10.167
9342,9,956080459670,11.996
9343,10,956101066070,9.792
9344,11,956120415870,10.632
9345,12,956140149970,10.079
9346,13,956160463270,9.964
9347,14,956180569471,10.551
9348,15,956200330971,9.930
9349,16,956220160271,9.502
9350,17,956239902871,10.858
9351,18,956260929571,9.057
9352,19,956280178671,9.400
9353,20,956300122271,9.625
9354,21,956320479871,9.690
9355,22,956341217371,11.229
9356,23,956360496671,10.624
9357,24,956381764571,12.650
9358,0,956400991871,12.454
9359,1,956421338171,13.024
9360,2,956441357271,11.031
9361,3,956464081972,14.756
9362,4,956482221072,11.706
9363,5,956501229872,14.537
9364,6,956521606772,12.405
9365,7,956542563672,11.307
9366,8,956561586772,10.901
9367,9,956581089472,12.941
9368,10,956602331472,12.919
9369,11,956620878672,10.808
9370,12,956640159672,10.640
9371,13,956660764272,10.127
9372,14,956680935172,14.400
9373,15,956700782472,12.450
9374,16,956721052972,10.879
9375,17,956740496073,13.755
9376,18,956761049273,10.689
9377,19,956780803473,11.569
9378,20,956800449873,10.809
9379,21,956820506573,10.614
9380,22,956840793173,10.705
9381,23,956860863573,9.579
9382,24,956880228973,9.910
9383,0,956900118573,9.873
9384,1,956920091273,9.831
9385,2,956939905273,17.190
9386,3,956962696673,10.361
9387,4,956980530973,9.798
9388,5,956999940573,9.879
9389,6,957020202674,10.324
9390,7,957040744374,10.005
9391,8,957060847474,10.606
9392,9,957080515474,10.357
9393,10,957100757074,10.878
9394,11,957120565174,11.526
9395,12,957141647074,12.342
9396,13,957161894774,11.844
9397,14,957182610174,11.720
9398,15,957201632674,11.021
9399,16,957221164574,16.828
9400,17,957242227774,31.402
9401,18,957265646374,20.495
9402,19,957288159374,19.194
9403,20,957303361775,22.604
9404,21,957328359475,16.626
9405,22,957342362375,16.777
9406,23,957363696275,14.946
9407,24,957383348475,10.931
9408,0,957401722375,11.903
9409,1,957421793475,13.907
9410,2,957443239475,13.636
9411,3,957462214275,11.144
9412,4,957481773675,13.122
9413,5,957501152375,18.842
9414,6,957522128775,14.228
9415,7,957542337175,24.334
9416,8,957568941275,19.078
9417,9,957585256976,19.420
9418,10,957609749876,16.443
9419,11,957622241776,18.462
9420,12,957644404576,14.143
9421,13,957662129976,15.573
9422,14,957682419776,14.261
9423,15,957703095276,13.360
9424,16,957722173176,12.698
9425,17,957743965076,12.446
9426,18,957761046576,13.247
9427,19,957781060776,10.368
9428,20,957800475776,10.548
9429,21,957821693176,13.420
9430,22,957841221576,12.145
9431,23,957861570077,11.654
9432,24,957881074377,11.757
9433,0,957901390877,12.104
9434,1,957921603777,12.058
9435,2,957942571077,13.564
9436,3,957965308277,12.874
9437,4,957981997177,11.691
9438,5,958001249777,12.345
9439,6,958021336377,11.530
9440,7,958041210377,10.399
9441,8,958060664977,10.078
9442,9,958080397377,9.413
9443,10,958100496877,10.045
9444,11,958120643577,11.143
9445,12,958140367277,10.270
9446,13,958160591278,9.858
9447,14,958180396778,10.341
9448,15,958200477778,11.116
9449,16,958220517478,10.180
9450,17,958240260178,10.861
9451,18,958260624678,10.075
9452,19,958280484878,10.853
9453,20,958300592978,11.623
9454,21,958320423178,10.028
9455,22,958340533878,10.168
9456,23,958360554578,10.069
9457,24,958380425278,10.467
9458,0,958400619678,10.028
9459,1,958420296078,9.422
9460,2,958440189979,9.700
9461,3,958460385479,8.971
9462,4,958479970679,9.411
9463,5,958500675279,10.582
9464,6,958520316579,9.935
9465,7,958540229079,9.596
9466,8,958560347279,9.375
9467,9,958580327979,9.187
9468,10,958600483579,10.447
9469,11,958620284079,10.643
9470,12,958640765179,10.191
9471,13,958660262179,10.171
9472,14,958680468179,10.186
9473,15,958700350979,10.222
9474,16,958719933180,10.094
9475,17,958740188080,10.195
9476,18,958760263780,9.580
9477,19,958780444180,9.419
9478,20,958800086080,9.778
9479,21,958819969580,9.786
9480,22,958840541480,9.555
9481,23,958860161680,9.144
9482,24,958879970580,9.453
9483,0,958900548680,11.875
9484,1,958920655680,10.555
9485,2,958940269180,14.088
9486,3,958960873780,13.069
9487,4,958981571780,12.353
9488,5,959001574381,12.591
9489,6,959020653881,11.775
9490,7,959040408881,11.240
9491,8,959060496481,10.367
9492,9,959080371281,10.838
9493,10,959100470281,10.418
9494,11,959120171981,10.296
9495,12,959140338081,10.523
9496,13,959160796681,11.226
9497,14,959180427481,10.045
9498,15,959200561781,10.246
9499,16,959220241081,10.098
9500,17,959240336881,12.139
9501,18,959262162481,12.577
9502,19,959281671182,12.043
9503,20,959300662082,16.110
9504,21,959321169282,11.749
9505,22,959341957382,11.718
9506,23,959361194982,11.958
9507,24,959380677582,11.597
9508,0,959400843982,12.695
9509,1,959420635282,12.697
9510,2,959440443282,11.888
9511,3,959460898182,9.761
9512,4,959480240582,10.287
9513,5,959500234482,10.798
9514,6,959520702882,11.499
9515,7,959541936582,10.984
9516,8,959561965583,13.439
9517,9,959580565283,11.296
9518,10,959600285883,9.558
9519,11,959620139783,9.295
9520,12,959640672183,12.654
9521,13,959660723983,10.123
9522,14,959680717883,10.174
9523,15,959701032283,11.837
9524,16,959720657183,10.078
9525,17,959740489783,10.147
9526,18,959760831283,9.534
9527,19,959780554683,9.286
9528,20,959800234883,9.935
9529,21,959820220083,9.333
9530,22,959840124084,9.211
9531,23,959860095784,10.774
9532,24,959880054584,9.974
9533,0,959900630284,10.335
9534,1,959920548784,10.926
9535,2,959939998584,11.036
9536,3,959961329284,12.931
9537,4,959980956084,11.549
9538,5,960001300884,12.849
9539,6,960020788184,11.800
9540,7,960040576884,10.995
9541,8,960060920384,9.954
9542,9,960080189984,9.779
9543,10,960100236684,10.225
9544,11,960120228385,9.975
9545,12,960140536285,10.467
9546,13,960160393885,9.271
9547,14,960180416285,10.578
9548,15,960200510585,11.295
9549,16,960221440685,10.571
9550,17,960240348685,10.084
9551,18,960261065685,12.415
9552,19,960280969285,12.400
9553,20,960300610285,11.306
9554,21,960321169385,10.567
9555,22,960342064385,10.437
9556,23,960364383985,9.665
9557,24,960380331985,12.001
9558,0,960404442186,9.511
9559,1,960420464586,10.026
9560,2,960440366286,10.377
9561,3,960460493886,9.517
9562,4,960480294486,9.948
9563,5,960500246086,9.928
9564,6,960520303486,9.762
9565,7,960540181486,10.418
9566,8,960560581286,9.039
9567,9,960580097686,9.409
9568,10,960600479986,10.207
9569,11,960620282786,11.277
9570,12,960640378486,10.655
9571,13,960660647586,10.481
9572,14,960685462287,13.635
9573,15,960702522887,13.637
9574,16,960722047587,12.358
9575,17,960741635987,12.707
9576,18,960761603187,10.284
9577,19,960780384387,9.757
9578,20,960801630587,10.188
9579,21,960820170287,10.171
9580,22,960840434887,10.448
9581,23,960860617987,9.856
9582,24,960880441887,10.398
9583,0,960900296587,10.683
9584,1,960920297887,10.915
9585,2,960940753187,15.882
9586,3,960961379988,10.802
9587,4,960981203988,13.503
9588,5,961000929688,10.151
9589,6,961020453188,12.250
9590,7,961041681888,12.913
9591,8,961062385088,11.225
9592,9,961081148088,10.668
9593,10,961100909288,10.972
9594,11,961120446788,11.517
9595,12,961141169488,12.087
9596,13,961161503288,9.985
9597,14,961180375488,10.359
9598,15,961200231388,9.768
9599,16,961220248188,9.838
9600,17,961240041889,10.534
9601,18,961261808789,10.824
9602,19,961280955289,10.648
9603,20,961300763089,19.087
9604,21,961321230189,13.053
9605,22,961340911989,13.616
9606,23,961362285089,16.475
9607,24,961381891389,16.245
9608,0,961401853889,11.935
9609,1,961422042089,13.083
9610,2,961442524189,12.518
9611,3,961461638389,11.749
9612,4,961481591089,11.348
9613,5,961500673689,10.828
9614,6,961521607690,13.038
9615,7,961541214590,11.695
9616,8,961562457090,12.565
9617,9,961582636990,11.907
9618,10,961601271590,11.634
9619,11,961622251990,10.621
9620,12,961641189590,9.872
9621,13,961661042590,9.606
9622,14,961680355190,10.070
9623,15,961700107690,9.806
9624,16,961720422590,10.338
9625,17,961740329290,9.970
9626,18,961760403490,9.523
9627,19,961780183290,9.878
9628,20,961800796491,10.255
9629,21,961820622291,12.143
9630,22,961840633691,11.096
9631,23,961860820991,10.773
9632,24,961880942191,10.688
9633,0,961900156891,10.170
9634,1,961920202391,10.514
9635,2,961940076791,14.867
9636,3,961960951691,10.248
9637,4,961980447191,12.323
9638,5,962000069791,10.735
9639,6,962021296391,11.345
9640,7,962040525091,14.839
9641,8,962060965491,9.813
9642,9,962080658892,9.919
9643,10,962100336892,9.571
9644,11,962120600292,13.540
9645,12,962142656792,9.623
9646,13,962161109592,10.571
9647,14,962180524692,11.028
9648,15,962200359192,11.394
9649,16,962221629692,10.224
9650,17,962241510993,9.466
9651,18,962260611293,10.453
9652,19,962280592493,10.986
9653,20,962301084493,10.100
9654,21,962320627894,10.063
9655,22,962340286894,10.882
9656,23,962360809494,9.809
9657,24,962380580694,10.101
9658,0,962400612095,10.237
9659,1,962420379295,11.286
9660,2,962440715195,12.492
9661,3,962461896895,11.185
9662,4,962481202196,12.945
9663,5,962501329096,12.148
9664,6,962521427896,12.199
9665,7,962542034996,12.292
9666,8,962561687297,14.534
9667,9,962581276797,11.406
9668,10,962601065297,9.994
9669,11,962620884597,12.184
9670,12,962641357198,11.110
9671,13,962660976998,10.095
9672,14,962680544998,10.616
9673,15,962701664998,12.067
9674,16,962720861199,11.864
9675,17,962741655699,11.750
9676,18,962761599399,12.032
9677,19,962780974399,11.461
9678,20,962802641900,14.097
9679,21,962822752200,13.980
9680,22,962842753300,13.456
9681,23,962862326200,15.264
9682,24,962884858401,13.443
9683,0,962901716001,14.075
9684,1,962922243701,14.613
9685,2,962942335801,18.729
9686,3,962965609702,15.380
9687,4,962982781802,13.642
9688,5,963002963802,14.831
9689,6,963023010202,13.921
9690,7,963042299202,12.555
9691,8,963062552603,14.387
9692,9,963082849203,12.460
9693,10,963102067403,12.319
9694,11,963122401903,11.935
9695,12,963141816404,12.419
9696,13,963162769504,14.362
9697,14,963182324004,12.060
9698,15,963202712204,13.748
9699,16,963223242605,15.729
9700,17,963244276605,19.968
9701,18,963265344005,25.403
9702,19,963283399805,17.793
9703,20,963304049106,15.469
9704,21,963325717806,24.477
9705,22,963345229006,15.801
9706,23,963363527906,13.385
9707,24,963382234907,13.500
9708,0,963401984507,16.067
9709,1,963421317407,11.432
9710,2,963441515407,10.345
9711,3,963461514708,11.615
9712,4,963480474908,10.968
9713,5,963500438408,13.170
9714,6,963520760208,14.424
9715,7,963542102509,14.704
9716,8,963562489309,14.637
9717,9,963582409809,13.499
9718,10,963601692309,13.045
9719,11,963621815610,15.309
9720,12,963642894010,17.288
9721,13,963663949610,14.866
9722,14,963682475510,12.321
9723,15,963701205511,11.998
9724,16,963721134911,13.993
9725,17,963741282211,12.648
9726,18,963761090111,12.061
9727,19,963781027712,12.759
9728,20,963800545512,10.973
9729,21,963820234412,11.554
9730,22,963840849512,10.409
9731,23,963860712513,10.418
9732,24,963880431413,11.171
9733,0,963900532213,11.217
9734,1,963920299513,10.850
9735,2,963940472614,13.512
9736,3,963962104414,12.558
9737,4,963980634314,11.264
9738,5,964000443614,10.581
9739,6,964020657115,10.909
9740,7,964041026015,10.662
9741,8,964060484715,10.941
9742,9,964081511215,13.465
9743,10,964101295916,11.944
9744,11,964120816416,11.390
9745,12,964141345316,10.647
9746,13,964160594516,10.187
9747,14,964180195717,11.664
9748,15,964200273317,10.388
9749,16,964220237717,9.816
9750,17,964240214217,9.389
9751,18,964260513518,10.071
9752,19,964280174918,9.337
9753,20,964300630818,10.537
9754,21,964320162918,9.530
9755,22,964340409719,11.092
9756,23,964360294919,10.091
9757,24,964381265619,11.088
9758,0,964400274419,10.457
9759,1,964420292020,14.801
9760,2,964440805320,9.862
9761,3,964460751920,9.572
9762,4,964480378820,14.701
9763,5,964500286620,12.502
9764,6,964520339221,10.461
9765,7,964540591921,11.026
9766,8,964560718421,10.585
9767,9,964580296321,9.975
9768,10,964601028022,9.945
9769,11,964620347122,11.372
9770,12,964640217822,10.035
9771,13,964660481622,9.404
9772,14,964680197823,10.440
9773,15,964700395123,10.255
9774,16,964720767023,9.976
9775,17,964740337623,10.152
9776,18,964760318224,10.078
9777,19,964780510324,11.040
9778,20,964800803624,12.114
9779,21,964820731524,10.023
9780,22,964840779125,10.366
9781,23,964860677225,10.208
9782,24,964880506825,9.870
9783,0,964900414625,10.243
9784,1,964920204226,9.807
9785,2,964940178926,11.959
9786,3,964961059826,10.567
9787,4,964980505426,10.664
9788,5,965000202627,9.988
9789,6,965020293227,9.822
9790,7,965041409927,10.260
9791,8,965060907327,10.657
9792,9,965080556128,10.181
9793,10,965100804828,10.265
9794,11,965120136528,9.717
9795,12,965145153428,10.638
9796,13,965160975529,9.218
9797,14,965180381629,9.218
9798,15,965200875929,10.904
9799,16,965220335829,10.018
9800,17,965240445630,10.510
9801,18,965261111030,11.044
9802,19,965281272330,12.833
9803,20,965300151330,10.973
9804,21,965320594031,10.722
9805,22,965340584631,11.998
9806,23,965360825831,10.751
9807,24,965381261331,12.211
9808,0,965400749432,11.731
9809,1,965420795532,12.938
9810,2,965442594432,11.408
9811,3,965461262532,10.923
9812,4,965481166333,11.646
9813,5,965501912933,12.392
9814,6,965521395833,14.997
9815,7,965541813533,14.127
9816,8,965562006034,12.274
9817,9,965581293934,11.326
9818,10,965600710334,13.192
9819,11,965622081334,10.885
9820,12,965641350035,11.990
9821,13,965660697935,10.546
9822,14,965680373035,10.380
9823,15,965700391935,11.026
9824,16,965720527536,10.466
9825,17,965740502636,10.089
9826,18,965760674536,9.674
9827,19,965780257936,10.752
9828,20,965800312937,10.392
9829,21,965821008837,10.819
9830,22,965840088837,11.523
9831,23,965860422037,9.711
9832,24,965879970638,9.698
9833,0,965900396938,11.182
9834,1,965920125938,12.493
9835,2,965944095838,24.717
9836,3,965962695939,25.474
9837,4,965991667039,25.439
9838,5,966002539439,22.085
9839,6,966025142039,24.702
9840,7,966045543040,24.201
9841,8,966062817140,28.422
9842,9,966083516940,18.490
9843,10,966102615540,16.308
9844,11,966129330941,19.793
9845,12,966145219041,20.088
9846,13,966166012041,16.735
9847,14,966186727041,18.272
9848,15,966202475842,19.231
9849,16,966221888342,21.553
9850,17,966243267542,30.215
9851,18,966262438642,24.072
9852,19,966282069042,20.097
9853,20,966305291443,16.922
9854,21,966322268143,17.596
9855,22,966344377343,17.470
9856,23,966366422144,21.349
9857,24,966383840444,18.087
9858,0,966402996444,16.369
9859,1,966422162544,16.872
9860,2,966443832344,12.460
9861,3,966463671345,17.047
9862,4,966483585045,17.840
9863,5,966501962245,15.182
9864,6,966521384145,12.171
9865,7,966541161746,11.768
9866,8,966560851746,11.262
9867,9,966580657146,9.947
9868,10,966600777046,10.816
9869,11,966620928447,10.655
9870,12,966641368647,10.904
9871,13,966660525447,10.215
9872,14,966680721147,9.825
9873,15,966700563648,9.674
9874,16,966720291148,9.702
9875,17,966740241948,9.427
9876,18,966760388748,9.367
9877,19,966780187249,9.753
9878,20,966800290149,9.353
9879,21,966820230949,10.349
9880,22,966841041549,9.478
9881,23,966860946550,10.838
9882,24,966880404450,9.432
9883,0,966900432650,10.189
9884,1,966920094650,9.560
9885,2,966940047951,12.328
9886,3,966961095551,10.544
9887,4,966980779151,12.776
9888,5,967000500951,9.279
9889,6,967020127852,10.254
9890,7,967040566552,11.158
9891,8,967060445952,9.935
9892,9,967080134452,10.253
9893,10,967100158553,9.970
9894,11,967120489653,10.461
9895,12,967140204053,9.903
9896,13,967161133453,10.856
9897,14,967180592654,11.796
9898,15,967201527754,13.929
9899,16,967222464354,15.992
9900,17,967243498654,13.728
9901,18,967264482055,23.869
9902,19,967284568055,16.483
9903,20,967303500955,16.855
9904,21,967323675555,20.002
9905,22,967346207456,15.342
9906,23,967363919356,16.436
9907,24,967384564756,17.837
9908,0,967405538856,32.438
9909,1,967423404657,38.121
9910,2,967449905357,23.159
9911,3,967467044857,15.829
9912,4,967484025957,15.315
9913,5,967502163558,14.974
9914,6,967522148658,16.961
9915,7,967545175058,16.125
9916,8,967565708058,14.552
9917,9,967586178459,19.378
9918,10,967609781759,27.219
9919,11,967630390059,16.267
9920,12,967645828059,19.784
9921,13,967665518960,15.112
9922,14,967685942260,16.122
9923,15,967703743360,13.851
9924,16,967726003260,14.999
9925,17,967743463861,11.823
9926,18,967761815361,14.998
9927,19,967781475161,12.714
9928,20,967801482661,11.015
9929,21,967820698661,14.617
9930,22,967841240562,10.793
9931,23,967861065462,10.914
9932,24,967880597662,11.318
9933,0,967901797562,10.140
9934,1,967920505963,13.777
9935,2,967940792263,15.240
9936,3,967961882063,15.055
9937,4,967982575263,13.812
9938,5,968001875764,12.248
9939,6,968020892764,13.672
9940,7,968041893764,11.720
9941,8,968061726464,13.956
9942,9,968081414365,12.317
9943,10,968102083765,12.614
9944,11,968122027465,12.373
9945,12,968142578165,12.453
9946,13,968161632566,13.278
9947,14,968180730866,10.566
9948,15,968201471166,11.305
9949,16,968220516066,10.957
9950,17,968241665967,10.168
9951,18,968260795767,14.621
9952,19,968281180867,12.106
9953,20,968301087267,14.356
9954,21,968320879168,11.629
9955,22,968342171668,11.959
9956,23,968361120768,15.279
9957,24,968380902668,11.328
9958,0,968400938369,15.104
9959,1,968420376869,12.882
9960,2,968444931869,12.969
9961,3,968462186669,14.331
9962,4,968481824170,11.012
9963,5,968500623370,13.219
9964,6,968520930770,10.612
9965,7,968544860170,10.363
9966,8,968562602471,15.194
9967,9,968581465171,10.693
9968,10,968600635671,11.998
9969,11,968620581971,10.148
9970,12,968641316272,11.882
9971,13,968660555872,10.677
9972,14,968681181972,12.062
9973,15,968700391172,14.967
9974,16,968720651673,11.227
9975,17,968741404073,12.879
9976,18,968760766973,9.586
9977,19,968781374373,11.101
9978,20,968800381574,12.176
9979,21,968820666474,14.581
9980,22,968841632074,14.543
9981,23,968860882874,10.719
9982,24,968881287775,11.660
9983,0,968901298875,13.639
9984,1,968921177775,11.905
9985,2,968940929975,16.078
9986,3,968964217176,11.088
9987,4,968981246076,11.569
9988,5,969000572576,12.349
9989,6,969020392276,10.405
9990,7,969041092877,12.509
9991,8,969060872977,10.620
9992,9,969080572577,10.652
9993,10,969100625477,19.616
9994,11,969123902978,14.956
9995,12,969143191078,12.512
9996,13,969161757478,9.638
9997,14,969181012278,13.293
9998,15,969202706279,27.965
9999,16,969222938679,33.179
10000,17,969246393079,26.189
10001,18,969262846379,20.086
10002,19,969285340980,16.720
10003,20,969303860380,15.425
10004,21,969321682180,16.579
10005,22,969341808880,13.190
10006,23,969361718081,13.549
10007,24,969381179481,11.814
10008,0,969400838681,12.110
10009,1,969421342081,14.733
10010,2,969441990881,12.074
10011,3,969462874382,11.189
10012,4,969480839882,10.874
10013,5,969500720982,10.894
10014,6,969520486782,10.707
10015,7,969540546883,10.413
10016,8,969561311683,12.770
10017,9,969581312983,11.366
10018,10,969600499483,13.645
10019,11,969621413284,13.544
10020,12,969642625784,13.615
10021,13,969662314784,9.918
10022,14,969680532884,11.559
10023,15,969703204785,11.317
10024,16,969721275685,10.572
10025,17,969741448485,9.685
10026,18,969760218485,9.765
10027,19,969780111186,10.143
10028,20,969800110786,10.430
10029,21,969820669286,10.620
10030,22,969840640786,9.651
10031,23,969860621587,9.352
10032,24,969880476787,10.391
10033,0,969899947287,10.600
10034,1,969920510487,9.667
10035,2,969940597388,13.986
10036,3,969961091988,10.960
10037,4,969980624888,11.258
10038,5,970000557588,10.353
10039,6,970020323489,10.420
10040,7,970040275889,9.931
10041,8,970061004989,9.812
10042,9,970081481689,9.926
10043,10,970101081690,10.545
10044,11,970120552590,10.692
10045,12,970141032490,10.618
10046,13,970160899690,10.039
10047,14,970180559691,10.538
10048,15,970200564991,9.968
10049,16,970220685491,9.523
10050,17,970240466792,9.853
10051,18,970260436892,9.459
10052,19,970280274492,9.342
10053,20,970299857693,9.809
10054,21,970319899893,10.033
10055,22,970340351693,9.991
10056,23,970360174194,10.115
10057,24,970380346094,10.641
10058,0,970401121395,10.246
10059,1,970421840695,10.512
10060,2,970440985795,10.865
10061,3,970460497496,10.932
10062,4,970480388796,10.129
10063,5,970499927296,10.141
10064,6,970520159997,9.999
10065,7,970540555397,11.397
10066,8,970561729897,10.618
10067,9,970580237898,9.934
10068,10,970599974698,10.598
10069,11,970621031098,12.253
10070,12,970640655299,10.844
10071,13,970660610199,9.463
10072,14,970680152600,10.000
10073,15,970700277400,11.966
10074,16,970721664000,11.732
10075,17,970741218301,13.928
10076,18,970761339801,11.461
10077,19,970781772601,13.235
10078,20,970802162002,17.452
10079,21,970822460302,16.549
10080,22,970844228502,15.349
10081,23,970863764403,15.076
10082,24,970881877803,11.760
10083,0,970903499304,18.031
10084,1,970922683004,25.701
10085,2,970944141004,26.021
10086,3,970965831105,27.742
10087,4,970984644505,21.211
10088,5,971003731105,12.246
10089,6,971021856106,11.007
10090,7,971040921406,10.989
10091,8,971061529506,10.592
10092,9,971080875607,10.770
10093,10,971101009407,10.949
10094,11,971120869807,11.392
10095,12,971141065008,12.773
10096,13,971161215408,11.510
10097,14,971181710109,14.979
10098,15,971201564809,20.324
10099,16,971223916509,29.887
10100,17,971243425810,23.988
10101,18,971267153710,31.037
10102,19,971286977410,28.377
10103,20,971305548611,30.533
10104,21,971329237011,28.341
10105,22,971343776811,30.664
10106,23,971368941212,26.984
10107,24,971392469012,36.234
10108,0,971410646913,29.818
10109,1,971430877513,29.468
10110,2,971453166413,25.800
10111,3,971470482714,29.559
10112,4,971485766114,22.886
10113,5,971506711314,24.088
10114,6,971523556915,36.469
10115,7,971548839915,26.718
10116,8,971572654116,23.963
10117,9,971584919416,25.868
10118,10,971605957716,25.049
10119,11,971631917817,27.551
10120,12,971647630217,19.661
10121,13,971667049917,17.968
10122,14,971685971218,19.621
10123,15,971703820518,26.361
10124,16,971726053218,31.456
10125,17,971749930219,18.100
10126,18,971773061919,26.813
10127,19,971788396819,33.101
10128,20,971804681220,33.350
10129,21,971829846920,30.173
10130,22,971846251721,20.614
10131,23,971864749721,23.231
10132,24,971883711821,17.773
10133,0,971904999922,21.177
10134,1,971923408122,15.005
10135,2,971943442422,22.854
10136,3,971971662423,17.254
10137,4,971982782623,17.190
10138,5,972002090723,18.608
10139,6,972026039224,15.975
10140,7,972043527424,15.735
10141,8,972064294024,21.973
10142,9,972085685125,34.542
10143,10,972106268925,29.473
10144,11,972126284226,20.043
10145,12,972144610726,31.192
10146,13,972166205726,22.513
10147,14,972184814227,23.258
10148,15,972208650227,25.498
10149,16,972224460627,25.211
10150,17,972243902228,21.531
10151,18,972265702428,23.552
10152,19,972288810728,42.643
10153,20,972314311429,28.850
10154,21,972327462729,26.740
10155,22,972344931129,23.421
10156,23,972363161130,13.493
10157,24,972382521730,11.416
10158,0,972401430430,13.112
10159,1,972420794631,11.656
10160,2,972440805831,13.760
10161,3,972460981832,10.213
10162,4,972480403132,10.222
10163,5,972500222032,9.998
10164,6,972519929933,11.289
10165,7,972540629033,10.353
10166,8,972560387333,10.371
10167,9,972580149734,10.735
10168,10,972600487834,11.289
10169,11,972620146334,10.534
10170,12,972640741135,10.486
10171,13,972660876535,10.628
10172,14,972680516435,11.055
10173,15,972700359136,10.500
10174,16,972720399736,11.063
10175,17,972740953537,11.490
10176,18,972761206937,10.269
10177,19,972780511437,10.431
10178,20,972800663238,10.345
10179,21,972820882238,9.395
10180,22,972840548638,9.425
10181,23,972860269339,9.137
10182,24,972880283039,9.827
10183,0,972900724539,9.638
10184,1,972920528640,10.729
10185,2,972940460540,13.381
10186,3,972961022641,10.693
10187,4,972981627041,10.924
10188,5,973000368241,10.486
10189,6,973020553242,10.521
10190,7,973040614142,10.337
10191,8,973060906142,11.013
10192,9,973080902243,10.794
10193,10,973100786543,10.718
10194,11,973120855443,11.764
10195,12,973140669344,11.690
10196,13,973160575844,10.310
10197,14,973180526644,10.606
10198,15,973200362045,10.521
10199,16,973220107545,9.971
10200,17,973240311446,9.610
10201,18,973260239846,9.181
10202,19,973280042346,9.491
10203,20,973299961447,10.389
10204,21,973320819447,9.906
10205,22,973340256547,10.015
10206,23,973360298948,9.496
10207,24,973380502648,9.929
10208,0,973400208548,11.961
10209,1,973420778949,11.349
10210,2,973441021749,10.618
10211,3,973461400050,12.129
10212,4,973480999850,11.354
10213,5,973500610650,10.196
10214,6,973520581751,12.875
10215,7,973541588151,12.583
10216,8,973565204551,15.437
10217,9,973581663652,12.002
10218,10,973603003752,13.433
10219,11,973621608252,13.181
10220,12,973640689553,14.054
10221,13,973661215953,12.335
10222,14,973680905653,10.865
10223,15,973700694254,10.946
10224,16,973720271554,11.141
10225,17,973740726755,10.199
10226,18,973760800655,10.373
10227,19,973780403955,10.719
10228,20,973800511756,10.262
10229,21,973821355056,11.501
10230,22,973841249656,11.179
10231,23,973861176457,13.085
10232,24,973881124057,10.870
10233,0,973900938257,10.149
10234,1,973920370158,10.949
10235,2,973940814158,14.565
10236,3,973962291159,12.527
10237,4,973980891859,12.805
10238,5,974001828759,12.441
10239,6,974020526960,11.995
10240,7,974041865560,10.466
10241,8,974061243560,10.252
10242,9,974080773661,10.854
10243,10,974102238161,15.374
10244,11,974121664061,11.881
10245,12,974141236962,18.993
10246,13,974163492762,16.668
10247,14,974185068363,18.679
10248,15,974205059263,23.065
10249,16,974223764563,28.505
10250,17,974245774564,24.419
10251,18,974266689064,18.901
10252,19,974286184764,16.604
10253,20,974304203765,13.865
10254,21,974321168665,12.737
10255,22,974341463665,17.554
10256,23,974361790066,13.017
10257,24,974382218466,11.930
10258,0,974401995866,13.424
10259,1,974420935567,12.811
10260,2,974441140167,11.586
10261,3,974460879167,10.665
10262,4,974480876168,10.264
10263,5,974500293668,11.389
10264,6,974520395769,11.245
10265,7,974540482669,10.977
10266,8,974560779069,10.418
10267,9,974580621570,11.447
10268,10,974601691170,17.962
10269,11,974621867670,12.113
10270,12,974641902271,10.573
10271,13,974662520971,15.352
10272,14,974682599571,16.378
10273,15,974702017972,13.398
10274,16,974721256072,11.296
10275,17,974740512073,12.315
10276,18,974761087573,10.223
10277,19,974781886073,11.466
10278,20,974801696374,14.110
10279,21,974821203274,12.820
10280,22,974841432074,13.233
10281,23,974861804875,14.381
10282,24,974881734775,12.872
10283,0,974900845575,11.619
10284,1,974921332576,12.495
10285,2,974942405176,15.947
10286,3,974963432777,14.157
10287,4,974981723777,11.733
10288,5,975000724677,11.269
10289,6,975022180478,10.707
10290,7,975041660578,9.567
10291,8,975060817178,9.572
10292,9,975080210979,9.881
10293,10,975100248179,10.139
10294,11,975120073179,11.066
10295,12,975140727980,12.021
10296,13,975161221880,9.887
10297,14,975181858480,13.812
10298,15,975203250981,13.996
10299,16,975221471781,15.877
10300,17,975241134882,14.847
10301,18,975263062182,10.080
10302,19,975284546882,16.392
10303,20,975302260083,15.370
